-3.022420139807135975e+00,9.254634984301999580e-04,1.671082799583513578e+00,1.475052048340530497e+01,1.221027363161799988e-02,-6.314235408383264136e+00,2.619353870037133447e+01,3.149415063487108313e+00,-2.524847494143787952e+00,1.873581832393666824e+00,1.588304455428791284e+00,-1.764498743423855931e+00,-9.565086700902055483e+00,-9.595402571378230050e+00
-2.284894115636870726e+00,1.535977180011099995e-03,1.355371029164350372e+00,1.475052048340530142e+01,1.221027363161799988e-02,-6.314235408383261472e+00,2.632726836923096769e+01,3.149415063487108313e+00,-2.524847494143787952e+00,1.873581832393666824e+00,1.588304455428791284e+00,-1.764498743423855931e+00,-9.565086700902055483e+00,-9.595402571378230050e+00
-1.547368091466605700e+00,2.146490861592000032e-03,1.039659258745187387e+00,1.475052048340530852e+01,1.221027363161799814e-02,-6.314235408383261472e+00,2.646099803809060091e+01,3.149415063487108313e+00,-2.524847494143787952e+00,1.873581832393666824e+00,1.588304455428791284e+00,-1.764498743423855931e+00,-9.565086700902055483e+00,-9.595402571378230050e+00
-8.098420672963397848e-01,2.757004543172899853e-03,7.239474883260241800e-01,1.475052048340531030e+01,1.221027363161899734e-02,-6.314235408383264136e+00,2.659472770695023414e+01,3.149415063487108313e+00,-2.524847494143787952e+00,1.873581832393666824e+00,1.588304455428791284e+00,-1.764498743423855931e+00,-9.565086700902055483e+00,-9.595402571378230050e+00
-7.231604312607449458e-02,3.367518224753899853e-03,4.082357179068609732e-01,1.475052048340530497e+01,1.221027363161899734e-02,-6.314235408383262360e+00,2.672845737580986736e+01,3.149415063487108313e+00,-2.524847494143787952e+00,1.873581832393666824e+00,1.588304455428791284e+00,-1.764498743423855931e+00,-9.565086700902055483e+00,-9.595402571378230050e+00
6.652099810441907124e-01,3.978031906334799674e-03,9.252394748769790511e-02,1.494055282058553047e+01,1.251079981561200281e-02,-6.077162445542307445e+00,2.686218704466950413e+01,3.149415063487108313e+00,-2.524847494143787952e+00,1.873581832393666824e+00,1.588304455428791284e+00,-1.764498743423855931e+00,-9.565086700902055483e+00,-9.595402571378230050e+00
1.421739238932478555e+00,4.618598206315100221e-03,-1.994805266473697880e-01,1.657146065271881952e+01,1.508999509631900500e-02,-4.042539509142249798e+00,2.697992911303904506e+01,3.149415063487108313e+00,-2.524847494143787952e+00,1.873581832393666824e+00,1.588304455428791284e+00,-1.764498743423855931e+00,-9.565086700902055483e+00,-9.595402571378230050e+00
2.322356046316072842e+00,5.487031415966700174e-03,-3.117300034265271247e-01,2.036261210354077633e+01,1.814862279837599693e-02,-2.490359335186530299e+00,2.697644896149005689e+01,5.207149533795242924e+00,-2.640770668297801826e+00,1.728328942225864084e+00,2.578979356005388190e+00,-2.900756339515218052e+00,-7.477664288467559039e+00,-7.681151572698993846e+00
3.458000449286556144e+00,6.433460486152699914e-03,-4.485164601660228123e-01,2.416532238409797628e+01,2.024972378682999771e-02,-3.043907842921320661e+00,2.712058065252196215e+01,8.301981215935549940e+00,-2.491808236040890190e+00,1.672282259392388060e+00,4.052888873582286777e+00,-4.580991941467733142e+00,-3.649430225126224947e+00,-4.254369109153149253e+00
4.738888284725870648e+00,7.512003794649699945e-03,-6.161207877186591908e-01,2.532915846448259245e+01,2.240337737246099470e-02,-3.487648265355014932e+00,2.724935300415836537e+01,1.252412293061506077e+01,-3.058152624906623540e+00,2.588144513289671433e+00,6.036373771419628831e+00,-6.765783001750857117e+00,9.074571599564580371e-01,-4.846945525942000094e-03
5.990916295734815655e+00,8.673798223398799384e-03,-7.972812867015243166e-01,2.559490363448438544e+01,3.575982030695199626e-02,-3.887972938959765035e+00,2.730176471585678044e+01,1.696382225146200540e+01,-2.352832322906836193e+00,2.315665616153150363e+00,8.146854541088215385e+00,-8.996992818641077250e+00,4.378007088468640617e+00,3.466863101662096991e+00
7.298378648174309369e+00,1.108798582534489992e-02,-1.004918081614635694e+00,2.643160809817918278e+01,4.128489711543699425e-02,-4.393181144596447929e+00,2.734265053075781182e+01,2.144208776680476447e+01,-9.077691303026269587e-02,4.711287511697498931e-01,1.035132391707817767e+01,-1.126942736549411350e+01,6.914262974827345865e+00,6.042357322919087004e+00
8.634077105552734110e+00,1.280228793494249916e-02,-1.236599401161169176e+00,2.766861281030902830e+01,2.252650181988500797e-02,-5.013663156700749468e+00,2.738981528288444522e+01,2.562687816019656850e+01,3.127019465070581372e+00,-2.314889896076782083e+00,1.243775153487826834e+01,-1.340729620057356364e+01,8.349438121990592876e+00,7.503014557588899791e+00
1.006523992920521238e+01,1.334063600733340071e-02,-1.506284397284710641e+00,2.735391249384315770e+01,1.982527869161400391e-02,-5.310763109001108262e+00,2.742438896061119991e+01,2.924608555342393856e+01,7.518770178856675201e+00,-6.195490264435150607e+00,1.423025090282719951e+01,-1.524663085074143787e+01,8.975768187244518970e+00,8.062328189451356764e+00
1.136946835493704988e+01,1.478481580410389955e-02,-1.767675712061280047e+00,2.568365007124535637e+01,2.251639746853599522e-02,-5.286031267854404803e+00,2.745350686000053031e+01,3.171081253744290152e+01,1.132571982837774449e+01,-9.624933996622500487e+00,1.546849426589257170e+01,-1.649728135367593040e+01,9.228631338106756843e+00,8.170561962102938836e+00
1.263360493632974801e+01,1.559227575418700024e-02,-2.034887524070151166e+00,2.590865593346139306e+01,2.761130159854298730e-02,-5.625208410567685391e+00,2.748845460922420614e+01,3.333454001537482725e+01,1.474401946417111375e+01,-1.266588740442805161e+01,1.627662450804964323e+01,-1.728131512011896831e+01,9.313880775887906083e+00,8.098194207754167095e+00
1.396033394828318919e+01,1.754594596395819828e-02,-2.330196553118048630e+00,2.736417988860315731e+01,4.337914745063398136e-02,-6.266218452871097355e+00,2.752740635250604839e+01,3.433333871545789862e+01,1.783586059774723509e+01,-1.531232219213749524e+01,1.677195226255889438e+01,-1.770469583932868574e+01,9.293462072168891197e+00,7.916237283802129099e+00
1.537002292519006375e+01,1.993019049925039837e-02,-2.661509369357260901e+00,2.736848859761636277e+01,4.370468671144302208e-02,-6.576842242105063185e+00,2.757578333320682518e+01,3.478655840106418395e+01,2.062323569511282528e+01,-1.753389123066560273e+01,1.702032383525249415e+01,-1.782804565092912696e+01,9.150635028283000239e+00,7.668806367008487612e+00
1.669718280804482546e+01,2.191641463510250049e-02,-2.987880777328554949e+00,2.633987926567787241e+01,3.311319045569100644e-02,-6.639277890361467982e+00,2.762730859139062645e+01,3.482141951037585414e+01,2.276740388677825777e+01,-1.920598580179051140e+01,1.708462593005707930e+01,-1.777340113482513573e+01,8.903800391912785273e+00,7.382635067018036956e+00
1.800401085175785099e+01,2.324150954481949902e-02,-3.325437158393407699e+00,2.870044969102565346e+01,1.195588973962598972e-02,-7.611721384145329061e+00,2.768098260678693379e+01,3.467390442537791984e+01,2.444917606404876054e+01,-2.041533233236487632e+01,1.704243988711386848e+01,-1.765277675959658055e+01,8.567645561922809350e+00,7.054609728940129720e+00
1.956722777714739081e+01,2.311200360906509946e-02,-3.749052915743087855e+00,2.885616159148245430e+01,5.158726065947021044e-03,-7.967344209280300404e+00,2.774278988658041811e+01,3.446728519946736924e+01,2.597247330583939018e+01,-2.163299037783660950e+01,1.693561030735953210e+01,-1.748235693832971549e+01,8.064198614099865381e+00,6.619340006520997299e+00
2.088962701090609642e+01,2.375738215141420112e-02,-4.122171579321437740e+00,2.512145677125925403e+01,1.063490499723498961e-02,-7.221657913750338942e+00,2.779470857220873015e+01,3.423260479505466947e+01,2.689009683660037453e+01,-2.248223351879768472e+01,1.681526830305499232e+01,-1.733479618242069265e+01,7.619023819004763887e+00,6.237491304626557209e+00
2.207937345427331621e+01,2.417549410878859842e-02,-4.471218707118121749e+00,2.419168086744353019e+01,3.873509553540994965e-03,-7.223745981533911120e+00,2.784119941000336595e+01,3.402303744205658376e+01,2.758657369866792664e+01,-2.324147460822712929e+01,1.670275197324336602e+01,-1.721905023710467120e+01,7.226992842604923695e+00,5.880547416798784788e+00
2.330879509765044943e+01,2.414473310676830062e-02,-4.844546177474828852e+00,2.522742723701696832e+01,1.738795868940282152e-04,-7.797638821966197398e+00,2.789347881957597863e+01,3.385112863986774556e+01,2.820342837242396428e+01,-2.394929833778945749e+01,1.658656781304549455e+01,-1.711626489441211874e+01,6.841728723326103712e+00,5.506135417547360689e+00
2.460211617797501304e+01,2.419288206747800124e-02,-5.250982589314741489e+00,2.546900106478393155e+01,-2.032508985105499488e-02,-8.253581699975169883e+00,2.795167035528334765e+01,3.369468726566299921e+01,2.867956001482441053e+01,-2.460966078999544493e+01,1.647608349649479109e+01,-1.702070774080659987e+01,6.461952708182501226e+00,5.128712248903909199e+00
2.585569520412884259e+01,2.211222412166280113e-02,-5.669904347472345840e+00,2.544330044796570434e+01,-3.984674712095400556e-02,-8.640430761388468994e+00,2.795706710620066815e+01,3.346068390787331737e+01,2.908622401483554043e+01,-2.518265805409718538e+01,1.634738719447752331e+01,-1.691120543054551462e+01,6.106693012095269602e+00,4.782362129663068728e+00
2.714644622277158348e+01,2.020820735538260068e-02,-6.115025665453588388e+00,2.819071656230207168e+01,-2.801825385886001080e-02,-9.811497777017388344e+00,2.799485429354270138e+01,3.320133669030299473e+01,2.944542700822749737e+01,-2.574422006063756641e+01,1.618793695789605280e+01,-1.678447889476435861e+01,5.772387874881206749e+00,4.445038000211276596e+00
2.867476686035904976e+01,1.931039873577680005e-02,-6.651054125174084675e+00,2.936447284185693007e+01,-2.074017570387200193e-02,-1.047285747213980045e+01,2.807705515863609946e+01,3.292719794803971922e+01,2.971802703506422816e+01,-2.626786407340910046e+01,1.605644466100753931e+01,-1.663660600514036503e+01,5.391780301462747893e+00,4.081954902963989440e+00
3.008289350695727649e+01,1.813418978499540049e-02,-7.162311412667568433e+00,2.481154347096548918e+01,-2.121626486689301427e-02,-9.120129663685867527e+00,2.814526262908147558e+01,3.270511532432755075e+01,2.995646607858743238e+01,-2.673181188847300760e+01,1.594537560476449656e+01,-1.649425450882224808e+01,5.054004044758523051e+00,3.796480745324171124e+00
3.115592120745559868e+01,1.718877224908749862e-02,-7.563067091542671427e+00,2.321303714717778632e+01,-2.335580646992602150e-02,-8.770811957980324536e+00,2.819978816832961144e+01,3.252560163608584531e+01,3.016595324510828036e+01,-2.707597081125950922e+01,1.585897519303860648e+01,-1.638439835499893960e+01,4.791322499355159081e+00,3.589706538284494375e+00
3.240419722167505512e+01,1.579860913800279834e-02,-8.039392608465600887e+00,2.718763500936596245e+01,-2.895007123295498599e-02,-1.052087810427454251e+01,2.826537588740784557e+01,3.231703545516813847e+01,3.045787605883658244e+01,-2.746614947820686226e+01,1.575895885993394430e+01,-1.625229017331231063e+01,4.492066827360413406e+00,3.356425334078412259e+00
3.387468470839219492e+01,1.429376512579200002e-02,-8.615154901970125678e+00,2.779632141198163708e+01,-3.163075681377698622e-02,-1.102607566183175791e+01,2.834476224468031802e+01,3.208690091315681059e+01,3.078971659910320113e+01,-2.785145787930208172e+01,1.565920897936018008e+01,-1.609558963775319285e+01,4.152980066230609779e+00,3.084844301412450029e+00
3.518382936287321883e+01,1.263553345662509972e-02,-9.142000174648776678e+00,2.486769049238262141e+01,-3.348781150497099485e-02,-1.013175992881587106e+01,2.842158879299404362e+01,3.193296049622276911e+01,3.102460688350044293e+01,-2.812273407385935542e+01,1.557967388717882606e+01,-1.595788805748143524e+01,3.861929589326268619e+00,2.852840104936102072e+00
3.636145375763045706e+01,1.094498397529490054e-02,-9.628330894851712785e+00,2.472246417747200553e+01,-3.542939654702099983e-02,-1.035230358137530615e+01,2.849039918851362430e+01,3.177332401660214245e+01,3.116657597351748876e+01,-2.834605024286305053e+01,1.551556668299306629e+01,-1.584625738229615521e+01,3.591799353508139170e+00,2.629706900985808726e+00
3.765607578062041938e+01,9.092593801922999736e-03,-1.017723053278630729e+01,2.603284555123202892e+01,-3.354411769124800158e-02,-1.115433824462416013e+01,2.856982900008820891e+01,3.160205373320824407e+01,3.128367005873569084e+01,-2.861108288472918559e+01,1.545150030411281961e+01,-1.573524307444476378e+01,3.287059583022819531e+00,2.371823519201787800e+00
3.896473831275365995e+01,7.590572206170100381e-03,-1.074376471931412880e+01,2.638879001542321134e+01,-3.741760109751599006e-02,-1.155044121345021324e+01,2.865394872706624696e+01,3.147577484716004648e+01,3.139170654906625302e+01,-2.880963739329583007e+01,1.539466469558080597e+01,-1.564394994122860716e+01,2.980834013907403879e+00,2.097369183818758032e+00
4.029495478216274051e+01,5.350833692171400209e-03,-1.133227465413132862e+01,2.834354793785756499e+01,-3.566496165405100283e-02,-1.270807302338667455e+01,2.873900940595065734e+01,3.138088780546869572e+01,3.147098897657677341e+01,-2.896015824237014513e+01,1.532706144789728064e+01,-1.558146769318205926e+01,2.687276352757089093e+00,1.814090915448461905e+00
4.179909310653941645e+01,4.024076040764999578e-03,-1.201457202165279625e+01,2.759900510995109357e+01,-2.683951960263999958e-02,-1.263003564220381847e+01,2.884271961852049060e+01,3.127416344248738156e+01,3.152730959514101983e+01,-2.915771403213983959e+01,1.523497468237065355e+01,-1.553276197760598976e+01,2.374906934456211705e+00,1.492524420758052361e+00
4.305485529315784987e+01,2.666881731907399990e-03,-1.259527821835171046e+01,2.424537691965902297e+01,-2.657382781410099620e-02,-1.130395402111416203e+01,2.892837104456834041e+01,3.118440992085375640e+01,3.154781670257233372e+01,-2.934742545145796910e+01,1.515910601373116862e+01,-1.549456476461953791e+01,2.125737038397902179e+00,1.243679627267587184e+00
4.422363079850531875e+01,1.366693259354899957e-03,-1.314496742376421246e+01,2.448468479792211383e+01,-2.440997945263699911e-02,-1.160560525302882340e+01,2.901112375266669474e+01,3.108824025356590681e+01,3.158287690295082939e+01,-2.951447093839995972e+01,1.508041412510341139e+01,-1.545141615475508878e+01,1.908191228602890810e+00,1.036026557533740400e+00
4.550332377295006125e+01,2.258837866436999868e-04,-1.375583874365459280e+01,2.591074406810520259e+01,-2.823458655209799481e-02,-1.247611879772179577e+01,2.909811211038667977e+01,3.092679747637059151e+01,3.163399026504443512e+01,-2.968980207158234563e+01,1.498590563818725840e+01,-1.538501081397751946e+01,1.686688614593060853e+00,8.245413116053688096e-01
4.681470520531583901e+01,-1.456765395854899914e-03,-1.439257930353639203e+01,2.620682266273000494e+01,-4.950880620243599400e-02,-1.282820807914987427e+01,2.918384513127871216e+01,3.071878026271624407e+01,3.170924915987640702e+01,-2.982847613833926914e+01,1.488959303842163528e+01,-1.530812335320031004e+01,1.472026925870496106e+00,6.207551909228623543e-01
4.812400603922306175e+01,-4.724996833599899582e-03,-1.503865955156958023e+01,2.664108459238732962e+01,-6.779529794709399093e-02,-1.330636688211537688e+01,2.927199473026871956e+01,3.059380393293605138e+01,3.185220411586004730e+01,-2.994024459394625026e+01,1.480235162444793140e+01,-1.524177220696668478e+01,1.264365399997584571e+00,4.236238785232036008e-01
4.947881366455457197e+01,-8.236295190564299831e-03,-1.572321599174792972e+01,2.776246702416209189e+01,-7.062470588581999664e-02,-1.414340475343180970e+01,2.936656785545543258e+01,3.050679384356096691e+01,3.200644289870999160e+01,-3.005385573000985033e+01,1.473116427074951140e+01,-1.518904010358864554e+01,1.046270745220466480e+00,2.060046346111935878e-01
5.090025274163927094e+01,-1.178746742218189994e-02,-1.645300002691276120e+01,2.665048071071169034e+01,-5.725228603540400557e-02,-1.379142739865661937e+01,2.946037602049068482e+01,3.037851651609173942e+01,3.215997729038297592e+01,-3.015532020343287911e+01,1.465724115292272778e+01,-1.514306316067524349e+01,8.143017925692092041e-01,-4.693989030611930152e-02
5.214386173562574101e+01,-1.396152379410470039e-02,-1.710235873161359166e+01,2.762440976411511429e+01,-5.705268636420700312e-02,-1.454137300048277126e+01,2.954731460589106717e+01,3.028366592751007857e+01,3.225377786961455229e+01,-3.024136929545352004e+01,1.459629821468010213e+01,-1.509160397941165677e+01,5.921858212630171092e-01,-2.759670279455248010e-01
5.366269371805078237e+01,-1.749273605860260025e-02,-1.790713732696103833e+01,2.684492261257219070e+01,-6.565870379692498315e-02,-1.432746467098727550e+01,2.965695582569102484e+01,3.014748583080411848e+01,3.229898554639045472e+01,-3.034743035938425848e+01,1.451926906379216575e+01,-1.501733139420050023e+01,2.982987599147223778e-01,-5.584666599121880237e-01
5.482835399688296008e+01,-2.052739417379719974e-02,-1.853510519871231921e+01,2.318413145083859206e+01,-4.734444386263098742e-02,-1.258404303688440251e+01,2.974014059326975712e+01,2.997720456940896838e+01,3.230725744079617101e+01,-3.040110805116738391e+01,1.445539709363276337e+01,-1.493449685378296721e+01,6.345874730936669483e-02,-7.543584327695246339e-01
5.598110686313464157e+01,-2.222718044486569899e-02,-1.916554163064947858e+01,2.445624713857270649e+01,-4.269013658959500135e-02,-1.340787183323651988e+01,2.982503435393441293e+01,2.980828506485041274e+01,3.230824362066250899e+01,-3.042122740848121154e+01,1.437783288126258796e+01,-1.484796308151623911e+01,-1.636602270536997028e-01,-9.241192827042233882e-01
5.727397871074023072e+01,-2.479640783275669988e-02,-1.987589238203597120e+01,2.607764772674080689e+01,-5.577457038260999478e-02,-1.441098513867885345e+01,2.990789528281229082e+01,2.960411209099595453e+01,3.236608133569702517e+01,-3.044401524204954512e+01,1.427211435456320565e+01,-1.476084065834236725e+01,-4.073875157023004179e-01,-1.084381084919929572e+00
5.858887163580872226e+01,-2.780463748312669847e-02,-2.060664014451736392e+01,2.649270251738101933e+01,-5.866866293745599120e-02,-1.483130985741919261e+01,2.999129252669698076e+01,2.942741062541588093e+01,3.239989060339393490e+01,-3.054830087057334254e+01,1.416789281166760972e+01,-1.470193459286051052e+01,-6.247282720878686302e-01,-1.232931581297822099e+00
5.992324896247833266e+01,-3.066327412650229900e-02,-2.135902336777789046e+01,2.832148598095749037e+01,-6.926457069449998283e-02,-1.610222507253716628e+01,3.008338505104105209e+01,2.927510101700707423e+01,3.237272390722399962e+01,-3.069310259212640091e+01,1.407178766345383636e+01,-1.466832382638870058e+01,-8.058998455892329993e-01,-1.395105458651936470e+00
6.142102023390447130e+01,-3.473109455257669675e-02,-2.221686265177108055e+01,2.736297396949964877e+01,-6.424629422097899445e-02,-1.577149096627991298e+01,3.018620871479064505e+01,2.914160993116102460e+01,3.233972333179264780e+01,-3.084645819923395749e+01,1.398103443367674004e+01,-1.465322119951141389e+01,-9.780962709336595839e-01,-1.583615900399013121e+00
6.265954635942829754e+01,-3.708790354860019844e-02,-2.293617246440588175e+01,2.625899881530813218e+01,-5.696181487234400209e-02,-1.531758338689250820e+01,3.027409613150053502e+01,2.907316678392324150e+01,3.241179326152250439e+01,-3.096351063820276295e+01,1.392068981276739947e+01,-1.464918686141693982e+01,-1.109748343384784564e+00,-1.755344424200288911e+00
6.404692011543528452e+01,-4.042727603981109696e-02,-2.374862099046033137e+01,2.558665832897439429e+01,-6.269381580097703466e-02,-1.507340558060686675e+01,3.036199583036489358e+01,2.896011913208617727e+01,3.246066051667072827e+01,-3.106978181182518028e+01,1.385485441077605273e+01,-1.463652086743723579e+01,-1.257345164887991640e+00,-1.948248661080387967e+00
6.521821219232573696e+01,-4.335728512869790191e-02,-2.444351302246656843e+01,2.414328187344750631e+01,-5.586335073884902969e-02,-1.442126933742500228e+01,3.043537769692042971e+01,2.886923697410211531e+01,3.240479685848119829e+01,-3.118217879676239690e+01,1.379909000998852164e+01,-1.461780437660804033e+01,-1.404145585986295020e+00,-2.106032710470297165e+00
6.646124830278003515e+01,-4.601361111369599993e-02,-2.519074792420283160e+01,2.549168325094882448e+01,-7.056547238826794965e-02,-1.539192880198271496e+01,3.052541677940275733e+01,2.876972194603292010e+01,3.233090585600825762e+01,-3.127705481605173432e+01,1.373984031072693845e+01,-1.459129021253491132e+01,-1.575942277460454788e+00,-2.266182261333298253e+00
6.776738051742061941e+01,-5.041383236752469688e-02,-2.598270590266483993e+01,2.611887344312805226e+01,-9.191871334780402081e-02,-1.592795966866948021e+01,3.061587185522324361e+01,2.863352457249747118e+01,3.225181251002792493e+01,-3.135013833193639243e+01,1.368895213768846730e+01,-1.455143255484180465e+01,-1.766805491996320310e+00,-2.424726075245412282e+00
6.907313564709284037e+01,-5.520548244847640201e-02,-2.678354389106977962e+01,2.609187577527322333e+01,-9.790780027683000653e-02,-1.608698598366810728e+01,3.070730125479994754e+01,2.853956549856404123e+01,3.220826416963460304e+01,-3.146766707260857743e+01,1.364294737883292363e+01,-1.450821641537906714e+01,-1.945862717482479631e+00,-2.575014148020493998e+00
7.037656809494794174e+01,-6.020461239520769753e-02,-2.759140450103165065e+01,2.609048357622654635e+01,-7.852271955131391590e-02,-1.625840351435137165e+01,3.080303123203533389e+01,2.848860142247544402e+01,3.216164995879233857e+01,-3.159398816928122500e+01,1.359327968995775926e+01,-1.447913913201172065e+01,-2.102563516940349597e+00,-2.718543835607037717e+00
7.168218400471549501e+01,-6.305775440360779360e-02,-2.840938424250491678e+01,2.612696096394756751e+01,-8.104235894606008628e-02,-1.642750055681975851e+01,3.089493605794425335e+01,2.838483397665248376e+01,3.214936579458796473e+01,-3.170370051171012094e+01,1.351840183568420883e+01,-1.446087521720910551e+01,-2.208626411552471858e+00,-2.875351375670596177e+00
7.298926419134269850e+01,-6.830884828981370616e-02,-2.923415455671362650e+01,2.619740578753436466e+01,-1.074762577215510051e-01,-1.659617843268385684e+01,3.098573952374272977e+01,2.822437923815596861e+01,3.214073518317101730e+01,-3.178857849690944093e+01,1.342908892864830150e+01,-1.444495908168972065e+01,-2.263557311282339946e+00,-3.032197475531897002e+00
7.430192458346893147e+01,-7.380538017576289411e-02,-3.006900208577330247e+01,2.624468385867558595e+01,-9.586729386955900045e-02,-1.675373770733251888e+01,3.106982295402826466e+01,2.807528379972070098e+01,3.213503147536130911e+01,-3.186342738599432067e+01,1.336015549727656371e+01,-1.441567753415365516e+01,-2.297224982021850437e+00,-3.160623759437118707e+00
7.561373257721025709e+01,-7.789557767676960620e-02,-3.090952832744687839e+01,2.621712537055387315e+01,-4.960344552912498983e-02,-1.685570154679300714e+01,3.115302948036709196e+01,2.797542919806300432e+01,3.219428966873240228e+01,-3.190515502428954875e+01,1.330454188740320731e+01,-1.438637327228032881e+01,-2.335986400850448508e+00,-3.277258000538716853e+00
7.692363712052431879e+01,-7.876572472867539310e-02,-3.175457224045260318e+01,2.671802780404377131e+01,-4.061765865542688037e-02,-1.731171042541454597e+01,3.123664128124723760e+01,2.788358123872036032e+01,3.231505697601776461e+01,-3.198360249122788090e+01,1.326387697856208625e+01,-1.434038700492834550e+01,-2.386748780889663024e+00,-3.381963587153193007e+00
7.828553535761463422e+01,-8.195734354231229424e-02,-3.264069936998833299e+01,2.875239031206035634e+01,-8.566509102750002880e-02,-1.878820589524949014e+01,3.132087759440131336e+01,2.779508036360867962e+01,3.243541618431181206e+01,-3.203328555422972101e+01,1.325255622271250822e+01,-1.428975603681953643e+01,-2.468048812093794009e+00,-3.473875848300053359e+00
7.979887615173035442e+01,-8.733223383142539598e-02,-3.363339282997755220e+01,2.644084076219655799e+01,-8.735588842419303446e-02,-1.741364771435897296e+01,3.141902749931693606e+01,2.769309782540258524e+01,3.261819748543373265e+01,-3.205973882543817410e+01,1.325320405532190193e+01,-1.422347368632527420e+01,-2.630538945626452296e+00,-3.574479073824697206e+00
8.092961943383429002e+01,-9.069293238473159768e-02,-3.438206414142423029e+01,2.371980087546148752e+01,-8.073464660904805523e-02,-1.574606562026957590e+01,3.149659993777261846e+01,2.764734272941362292e+01,3.276082674707444653e+01,-3.205973882543817410e+01,1.325192453312704011e+01,-1.416236445334052085e+01,-2.786229421482907753e+00,-3.658764046043962992e+00
8.217085623927650317e+01,-9.540569849233020150e-02,-3.520799939200450979e+01,2.553092880322566316e+01,-9.503438114526599478e-02,-1.705549909743311332e+01,3.157760158117555349e+01,2.756054504036650243e+01,3.287029676682634971e+01,-3.205973882543817410e+01,1.324767783312124614e+01,-1.408413127366688222e+01,-2.955911956736615220e+00,-3.770354313879182850e+00
8.348271231415685634e+01,-1.001963704992581972e-01,-3.608761405116754162e+01,2.625879859878551770e+01,-1.023219467956999751e-01,-1.766374393921068986e+01,3.166545386294978215e+01,2.748344485907030332e+01,3.294126584757503906e+01,-3.205973882543817410e+01,1.325192222648575680e+01,-1.400262885801786794e+01,-3.130392359919398793e+00,-3.909586237655500174e+00
8.479673609915505494e+01,-1.056378931719001990e-01,-3.697437378592557877e+01,2.630051710838770873e+01,-1.022699655885890568e-01,-1.777438695719766315e+01,3.175452970238185202e+01,2.736099603755710064e+01,3.299762797201486819e+01,-3.191632643164805927e+01,1.324181003496076237e+01,-1.392123754156356163e+01,-3.286640447866801207e+00,-4.042376785498958291e+00
8.611276402499562721e+01,-1.104233670581171028e-01,-3.786505274688730793e+01,2.633441893691468749e+01,-9.154846050899695387e-02,-1.790612282979914482e+01,3.183235284930521303e+01,2.724365557459717024e+01,3.303529332557157971e+01,-3.183517951792831724e+01,1.320886751088805688e+01,-1.385220859868505450e+01,-3.400628353795706715e+00,-4.156529938550240111e+00
8.743017799284652369e+01,-1.147927392227998944e-01,-3.876498606890549325e+01,2.635588185890568980e+01,-1.018851780786370065e-01,-1.804583821708639846e+01,3.191395267828059445e+01,2.713754494549688800e+01,3.303529332557157971e+01,-3.178121246610417927e+01,1.317244116367095152e+01,-1.380120562026398368e+01,-3.487961914277593056e+00,-4.253862283989205295e+00
8.874835221088619619e+01,-1.206118848659808035e-01,-3.966963656859594778e+01,2.633894589095532979e+01,-9.762420741213112541e-02,-1.812832266729564878e+01,3.199216689186885176e+01,2.703991581571333569e+01,3.303529332557157971e+01,-3.178428123093734570e+01,1.312874501820969009e+01,-1.376918726578493413e+01,-3.546860030301505873e+00,-4.329505153066251388e+00
9.006407258194205667e+01,-1.245551599640130069e-01,-4.057781833563505813e+01,2.632828564003119709e+01,-8.056286976170598524e-02,-1.823838954879889229e+01,3.206970841524730531e+01,2.691114662432429583e+01,3.303529332557157971e+01,-3.179117819500615738e+01,1.308521626399594773e+01,-1.373094974886806874e+01,-3.602775269482290987e+00,-4.386131764747914552e+00
9.138118077488931590e+01,-1.286681718421514020e-01,-4.149347552347583701e+01,2.636263815898701068e+01,-1.034291510162019256e-01,-1.838628021628956333e+01,3.214711724506567947e+01,2.684481986864674496e+01,3.303529332557157971e+01,-3.183647409440663978e+01,1.304142167963920862e+01,-1.370002600979060325e+01,-3.673277549723734214e+00,-4.440215134780370221e+00
9.270033639784075774e+01,-1.348980750656331995e-01,-4.241644635726401447e+01,2.638117444756886698e+01,-9.893138317438099349e-02,-1.849204014915862615e+01,3.222468226099260846e+01,2.681014170465128643e+01,3.303529332557157971e+01,-3.193574966013032324e+01,1.299577189120407539e+01,-1.368862169657967520e+01,-3.761663059311885604e+00,-4.492011699958616155e+00
9.401929821964620260e+01,-1.385613101595895014e-01,-4.334267953839169962e+01,2.639582019428075910e+01,-9.307701501971105129e-02,-1.859360599647850165e+01,3.230686176502392470e+01,2.675649284525052352e+01,3.283221479383988850e+01,-3.207109885107736602e+01,1.294459727326011667e+01,-1.368365465006735526e+01,-3.834353515807671808e+00,-4.547895712713585503e+00
9.533991841726883365e+01,-1.442057765676043046e-01,-4.427580695691186463e+01,2.642320428395237286e+01,-1.046378345023360468e-01,-1.871338546866397223e+01,3.237877845740800353e+01,2.671436202821183770e+01,3.273683159665890940e+01,-3.213481955855488792e+01,1.287968832674379627e+01,-1.368895045852545778e+01,-3.862999504615643787e+00,-4.591905872689977741e+00
9.666161864804143988e+01,-1.490250936098231060e-01,-4.521401808525809685e+01,2.644042364000284806e+01,-8.975119875911791167e-02,-1.879295539803102599e+01,3.244702053527317531e+01,2.666253499900586732e+01,3.257868023932476120e+01,-3.212152261892053673e+01,1.281829310323221982e+01,-1.368985190566085564e+01,-3.860861978252093873e+00,-4.609186879964966899e+00
9.798396078126911846e+01,-1.531808964435160958e-01,-4.615510249671496723e+01,2.645165316967606373e+01,-9.472568924845992111e-02,-1.887647777820852468e+01,3.252158683719232357e+01,2.657903001151677103e+01,3.244518717741807734e+01,-3.210292630938842962e+01,1.276819281794475991e+01,-1.367560192425505683e+01,-3.830125806249740084e+00,-4.599584581998405142e+00
9.930678396500904626e+01,-1.584976625346690982e-01,-4.710166586307894931e+01,2.649443793483797549e+01,-9.065816679885790874e-02,-1.898627567453637255e+01,3.258873999442263170e+01,2.652846763590084933e+01,3.233894085017725217e+01,-3.210417228077096041e+01,1.273081859313786879e+01,-1.366926001317341566e+01,-3.808006129522538252e+00,-4.575495796673885174e+00
1.006334045747529160e+02,-1.622467131234018867e-01,-4.805373006416860449e+01,2.653027859415189482e+01,-8.456809034971812800e-02,-1.909086024453138464e+01,3.265728086368784489e+01,2.647601657826614385e+01,3.227648935240316774e+01,-3.207441283130604859e+01,1.270020538710374325e+01,-1.367764488691205216e+01,-3.795296429907029534e+00,-4.562230318168000842e+00
1.019598118244242357e+02,-1.669544715696409110e-01,-4.901075188753208778e+01,2.656384782797530875e+01,-8.725063438989516529e-02,-1.917165369656835594e+01,3.272487148031145665e+01,2.643873477288045848e+01,3.223444958501403335e+01,-3.203992654075725000e+01,1.266858272433054466e+01,-1.369304574066664060e+01,-3.790671908575641069e+00,-4.542302957431656019e+00
1.032897893575504469e+02,-1.709717765623914032e-01,-4.997089543382544008e+01,2.658618191975548939e+01,-8.864477001743975570e-02,-1.925350455979049968e+01,3.279180364330110820e+01,2.642935810467590230e+01,3.219606059509577989e+01,-3.196251601398981990e+01,1.262717299339883148e+01,-1.370830239464092060e+01,-3.786264653607509079e+00,-4.539812518899892346e+00
1.046184300163997847e+02,-1.758189485713848865e-01,-5.093610234351113775e+01,2.655588266689846932e+01,-8.729630861601195280e-02,-1.933912243870821612e+01,3.285701945482292530e+01,2.642734782286947848e+01,3.217523997006436787e+01,-3.188069585092409852e+01,1.258504619744440411e+01,-1.371746650513076737e+01,-3.778794073612799842e+00,-4.524619654111564415e+00
1.059453776242402938e+02,-1.797014074239925985e-01,-5.190480767769626169e+01,2.654730216334471038e+01,-8.941093319730808453e-02,-1.940827170860202955e+01,3.292206169223047141e+01,2.640096914376672643e+01,3.215885655835968748e+01,-3.183979573605779478e+01,1.255384199141460932e+01,-1.372196461456671912e+01,-3.761063922518356861e+00,-4.483368270027516367e+00
1.072731602327342557e+02,-1.847600418911156950e-01,-5.287692951437134070e+01,2.657591148020586047e+01,-9.650577129421689104e-02,-1.947809535529664515e+01,3.297782965267653310e+01,2.637227815114669127e+01,3.211229217212524389e+01,-3.180140392700051066e+01,1.252196400045632352e+01,-1.372653252740687613e+01,-3.716349084126936209e+00,-4.423277880033319676e+00
1.086029687722608799e+02,-1.893519845534142876e-01,-5.385261721322592621e+01,2.660514634350064966e+01,-9.754471792218000203e-02,-1.954093904490328271e+01,3.303802316355105972e+01,2.633700710191185124e+01,3.211229217212524389e+01,-3.170368090705335717e+01,1.248176830255345671e+01,-1.374248378975513418e+01,-3.620575085275899330e+00,-4.366847895177179417e+00
1.099336748670843207e+02,-1.945145136833336952e-01,-5.483102341886166897e+01,2.662360280170460669e+01,-1.138302715237460294e-01,-1.959167238246685372e+01,3.309284814592039936e+01,2.633789447515177073e+01,3.211229217212524389e+01,-3.157993485608194106e+01,1.246180717162162921e+01,-1.377429643075162069e+01,-3.499834910890435857e+00,-4.329467160656177427e+00
1.112653290524313405e+02,-2.007350117057888905e-01,-5.581178445147261158e+01,2.663878210175965933e+01,-1.059259194984010777e-01,-1.964554828187523583e+01,3.313248984553780474e+01,2.633270332606013753e+01,3.211229217212524389e+01,-3.144720652253998239e+01,1.245127612807945994e+01,-1.380283409923242388e+01,-3.345829113570646385e+00,-4.278086938156465457e+00
1.125975530772602866e+02,-2.051071056331738029e-01,-5.679557824704919256e+01,2.663430556553294082e+01,-9.319938915567899107e-02,-1.969839100847075031e+01,3.317457196967230004e+01,2.633312364169544750e+01,3.211229217212524389e+01,-3.137189108873081267e+01,1.244528615554326478e+01,-1.382492175754138408e+01,-3.172774565761834253e+00,-4.217152835151773971e+00
1.139287596089846346e+02,-2.100549506213567896e-01,-5.778162355231968661e+01,2.775558045496993032e+01,-1.135335649939309133e-01,-2.057363918836990990e+01,3.321624400789926312e+01,2.636494924778720161e+01,3.211229217212524389e+01,-3.132068505945217041e+01,1.247960309164618842e+01,-1.383585068329489154e+01,-3.014230404739983715e+00,-4.172581755839735784e+00
1.153731111227572796e+02,-2.164604621325668943e-01,-5.885294216588618355e+01,3.060786680880568156e+01,-1.401539453312192207e-01,-2.273568172461303050e+01,3.326310094177058119e+01,2.641738025420109892e+01,3.211229217212524389e+01,-3.127461910188725369e+01,1.255438019410016359e+01,-1.383005009451288458e+01,-2.889069941302394806e+00,-4.114034017851952107e+00
1.169895462898652028e+02,-2.240703451544787117e-01,-6.005519172478098966e+01,2.659192530867301230e+01,-1.238922132633890616e-01,-1.976827563376588159e+01,3.331943270303824534e+01,2.649675695799815855e+01,3.217494789049373338e+01,-3.117938424315811830e+01,1.264427145788958384e+01,-1.384691579181419918e+01,-2.834961796867702777e+00,-4.093039514490702580e+00
1.180323036536245809e+02,-2.288496834589058004e-01,-6.082976972926277170e+01,2.289272025751444062e+01,-1.196654243124589678e-01,-1.702321512157794814e+01,3.335670277803523476e+01,2.654660671844586872e+01,3.216082446536642436e+01,-3.108677794497289071e+01,1.269356746855947016e+01,-1.385575886176248872e+01,-2.840150869708060188e+00,-4.106882154512207173e+00
1.192788183156166468e+02,-2.360368875857246085e-01,-6.175751323693878447e+01,2.584792334051158491e+01,-1.385560224078519198e-01,-1.929194950123758190e+01,3.339736552298703742e+01,2.660974190564645170e+01,3.209954073805822361e+01,-3.100109756887230716e+01,1.272931763449754428e+01,-1.386172012100891138e+01,-2.867433883384711724e+00,-4.114696755083229185e+00
1.206170959876757394e+02,-2.427052856996909924e-01,-6.275896467938652989e+01,2.677224458854993827e+01,-1.286201198804048929e-01,-2.005213362999874960e+01,3.343742980020552125e+01,2.666788777146873102e+01,3.203024571941195831e+01,-3.082267331519696540e+01,1.275225992433340316e+01,-1.384962862843005205e+01,-2.925394045744894811e+00,-4.100684237342685279e+00
1.219560427744716407e+02,-2.488988995737650978e-01,-6.376272659993865943e+01,2.679641069664185693e+01,-1.302313824408782295e-01,-2.008224545871392763e+01,3.348298492495361955e+01,2.665678819378893749e+01,3.203024571941195831e+01,-3.065224925697976133e+01,1.277049010364828341e+01,-1.381876182570299250e+01,-3.005058729771203030e+00,-4.073464736029337452e+00
1.232967370573399251e+02,-2.557284239437788154e-01,-6.476718922525792266e+01,2.685067765925438721e+01,-1.396817740593070400e-01,-2.011457059152604643e+01,3.352803627008710663e+01,2.665819812066580852e+01,3.203024571941195831e+01,-3.048860009008581073e+01,1.279223232761141560e+01,-1.379706234418251221e+01,-3.080548632987739843e+00,-4.030968830358581556e+00
1.246411105403970794e+02,-2.628670769796958018e-01,-6.577418365909126408e+01,2.690505118096268689e+01,-1.426707109395497497e-01,-2.017330827189212528e+01,3.357080957057543458e+01,2.669374468461232652e+01,3.203024571941195831e+01,-3.033486760696132123e+01,1.282495975615723260e+01,-1.379109418734797998e+01,-3.115802149762123996e+00,-3.956518970957510373e+00
1.259872421754361937e+02,-2.699954950377337903e-01,-6.678452005244713519e+01,2.693166494583238091e+01,-1.494486010909712448e-01,-2.022937085873138585e+01,3.361352790331292084e+01,2.671375341569820705e+01,3.203024571941195831e+01,-3.019901170270898305e+01,1.286163253418421171e+01,-1.379761105519473929e+01,-3.099398937325006376e+00,-3.873968368407209706e+00
1.273342770349803175e+02,-2.778119370887929263e-01,-6.779712074496440266e+01,2.695697684893730184e+01,-1.575843593888498484e-01,-2.028898672173525597e+01,3.365474259719541550e+01,2.677042170433525925e+01,3.203024571941195831e+01,-3.011311860648214278e+01,1.289692689507056045e+01,-1.381725767769338020e+01,-3.054953692490102846e+00,-3.809661338200398095e+00
1.286829398603299239e+02,-2.857539309766187752e-01,-6.881341872462066078e+01,2.680705270074014379e+01,-1.608320429861387346e-01,-2.029145651237655557e+01,3.369218261277059412e+01,2.680676042034858142e+01,3.203024571941195831e+01,-3.003712441292459445e+01,1.293045079873613012e+01,-1.385501948510185244e+01,-2.999182269608796858e+00,-3.754688551474140823e+00
1.300149823050543318e+02,-2.938951413874067997e-01,-6.982626639620205822e+01,2.681323944743724041e+01,-1.668440601782184007e-01,-2.029786207996309599e+01,3.371502187470118628e+01,2.687392012065515701e+01,3.203024571941195831e+01,-2.997161755634725111e+01,1.297457603336142995e+01,-1.391557722212351145e+01,-2.936608784330034805e+00,-3.703559133875257814e+00
1.313642638050736480e+02,-3.024383369944406152e-01,-7.084320493261697038e+01,2.700395596105494178e+01,-1.503301488097608107e-01,-2.037375315640076678e+01,3.374580750147138275e+01,2.693312402074874967e+01,3.203024571941195831e+01,-2.983686537263530880e+01,1.301903515287130197e+01,-1.398128753035619987e+01,-2.866175561807464689e+00,-3.637445568900893100e+00
1.327153779011598260e+02,-3.089281562683828808e-01,-7.186364171184213490e+01,2.702277969536197588e+01,-1.510428224157250865e-01,-2.038672631642299393e+01,3.377228826385415061e+01,2.703987680693321138e+01,3.203024571941195831e+01,-2.965867210996841763e+01,1.306680277198207918e+01,-1.403941185618104193e+01,-2.804519033825155550e+00,-3.588952355729824628e+00
1.340665417746098456e+02,-3.175426192360131239e-01,-7.288187756425926977e+01,2.701698740217153727e+01,-1.581242550648181977e-01,-2.038631985671017333e+01,3.379648817430440744e+01,2.717309838638938757e+01,3.203024571941195831e+01,-2.945010607604688957e+01,1.311489294267797945e+01,-1.410335106787909076e+01,-2.731520438096771475e+00,-3.555584471340992536e+00
1.354170766413769798e+02,-3.247405817748647006e-01,-7.390227369751315223e+01,2.699161608469864859e+01,-1.506610856943735310e-01,-2.041886661936970881e+01,3.382283387576114109e+01,2.726979474142849114e+01,2.964798566152940396e+01,-2.927725844367236974e+01,1.315151171775046457e+01,-1.417183250837983266e+01,-2.671703684529239009e+00,-3.540150615185080341e+00
1.367657033830797104e+02,-3.326087278054504770e-01,-7.492376422619624066e+01,2.700728971930629996e+01,-1.488569880371537479e-01,-2.045220184523529383e+01,3.385865926888254762e+01,2.738057959787058948e+01,2.938119074748746939e+01,-2.911073479371450290e+01,1.316619582111609610e+01,-1.424442115011800070e+01,-2.630867081217574288e+00,-3.569921578923100025e+00
1.381178056133076097e+02,-3.396262805785800754e-01,-7.594749388203668161e+01,2.704160968619987671e+01,-1.469972022639753906e-01,-2.046333478936304573e+01,3.388203442813747301e+01,2.748081524597192882e+01,2.911427089705868454e+01,-2.891847177785339440e+01,1.316622603596477248e+01,-1.430947141083943031e+01,-2.603924258714069406e+00,-3.597763352657633362e+00
1.394698643516996981e+02,-3.473084480318480161e-01,-7.697009770513254523e+01,2.703738299700034986e+01,-1.645722668146992751e-01,-2.045578126250674700e+01,3.390352482604127005e+01,2.757023757769524863e+01,2.883723511451828259e+01,-2.861760419760760144e+01,1.317016211052604646e+01,-1.435746547002164597e+01,-2.623834193883562538e+00,-3.583801566360837132e+00
1.408215439130076447e+02,-3.560835072600500029e-01,-7.799307200828735631e+01,2.703384262667952953e+01,-1.652748135434878307e-01,-2.044881763637533822e+01,3.391799853634577744e+01,2.768146334634083061e+01,2.853129118112855878e+01,-2.828171169612852154e+01,1.317526389765839845e+01,-1.441558341574937963e+01,-2.702978659678245688e+00,-3.517146086634702407e+00
1.421732486143676510e+02,-3.638359293861967991e-01,-7.901497946877007905e+01,2.704705892968860326e+01,-1.614706077278899032e-01,-2.049451840272453751e+01,3.393735618773783358e+01,2.779208039606186276e+01,2.819967826541400768e+01,-2.796201635305968480e+01,1.316626607991193687e+01,-1.449145217502963412e+01,-2.815863905861189398e+00,-3.430802910559053842e+00
1.435262498059765051e+02,-3.722305680328389932e-01,-8.004252384855981006e+01,2.705111410313122633e+01,-1.667654495551640359e-01,-2.055329759551284496e+01,3.395706680596120464e+01,2.791612100513985339e+01,2.785020041778879829e+01,-2.758779983443286099e+01,1.315554275996360722e+01,-1.458801396841899845e+01,-2.919034577209427717e+00,-3.373624818975193396e+00
1.448783600246807737e+02,-3.805124743417132027e-01,-8.107030922832136355e+01,2.703600381562267785e+01,-1.674320708421839221e-01,-2.053192525291777315e+01,3.396958662675304197e+01,2.803775242131854739e+01,2.749159845987852080e+01,-2.719511902609782794e+01,1.313570331831309623e+01,-1.470781583790619962e+01,-3.001168187729543746e+00,-3.337982365090317316e+00
1.462298501875387728e+02,-3.889737751170573854e-01,-8.209571637385158738e+01,2.704102542190582881e+01,-1.652393341960267659e-01,-2.053198111514632274e+01,3.398233816200509949e+01,2.813689456192206251e+01,2.710843068132482259e+01,-2.680347262391411078e+01,1.311296333508829548e+01,-1.481227865178258973e+01,-3.075547374964280323e+00,-3.319138721568858585e+00
1.475824625668713566e+02,-3.970364077613158793e-01,-8.312350733983599582e+01,2.703493395994200910e+01,-1.726135056287658731e-01,-2.056011829864687002e+01,3.399488784096347871e+01,2.825702343669087924e+01,2.667575373211413137e+01,-2.637929724105629958e+01,1.307722010182692962e+01,-1.492545300430843547e+01,-3.131364672363258439e+00,-3.328595586375077353e+00
1.489333435835329738e+02,-4.062351256799339727e-01,-8.415172820371627438e+01,2.704051803257613074e+01,-1.704284010642703739e-01,-2.054933042158367584e+01,3.400289105490618624e+01,2.841063614992004815e+01,2.620606315791456709e+01,-2.597023610712137653e+01,1.303326007989524449e+01,-1.505209035357075287e+01,-3.191844272103129043e+00,-3.360603330079940498e+00
1.502865143701289696e+02,-4.140792478677429167e-01,-8.517844038199436341e+01,2.722620881960182260e+01,-1.741096771049721603e-01,-2.070133913506282397e+01,3.400894991375942311e+01,2.857065930468302284e+01,2.569011229365844784e+01,-2.556854867389175112e+01,1.298901664757749685e+01,-1.519327311316161833e+01,-3.262742059651762006e+00,-3.422966457143196806e+00
1.516559644654931560e+02,-4.236460933904311887e-01,-8.622186211722255678e+01,3.259545542899900283e+01,-2.458388063106009547e-01,-2.481802308136664692e+01,3.401959978441509236e+01,2.869281136936519516e+01,2.508004290332601727e+01,-2.510501588895346359e+01,1.293555397637633675e+01,-1.532068375691842732e+01,-3.356725528618005772e+00,-3.510449082117688135e+00
1.535460599130288699e+02,-4.386631284988030122e-01,-8.766024269013102810e+01,2.892121223294481069e+01,-2.438262678806518702e-01,-2.202295002483438680e+01,3.403447320897573292e+01,2.889618958802835991e+01,2.409573514082014256e+01,-2.438413883654516923e+01,1.286679070542213132e+01,-1.547471155179212943e+01,-3.543106463375972126e+00,-3.663513460620484885e+00
1.545480856887876371e+02,-4.480287201784963758e-01,-8.842415711970599546e+01,2.147432274522742546e+01,-1.960848060187270203e-01,-1.638148954790608514e+01,3.403465231282283554e+01,2.900831463918177988e+01,2.409573514082014256e+01,-2.393849915030148878e+01,1.284144667840060983e+01,-1.553190904033714759e+01,-3.687466633271990091e+00,-3.770980875020193857e+00
1.556934921875516125e+02,-4.582716091006757142e-01,-8.929839164492163661e+01,2.477558361495880490e+01,-1.936591065918863430e-01,-1.894278388697046012e+01,3.404443987577958808e+01,2.911794901964583460e+01,2.409573514082014256e+01,-2.335920678964620478e+01,1.281203503455460790e+01,-1.559405173109386489e+01,-3.896100153351576001e+00,-3.925061824249748810e+00
1.570256440502835176e+02,-4.673946308376850101e-01,-9.031843550840304147e+01,2.676000132147493105e+01,-1.668741696815906339e-01,-2.050454643682797951e+01,3.405608528894799747e+01,2.922749602916199763e+01,2.409573514082014256e+01,-2.250589541187500942e+01,1.276883654066524088e+01,-1.564629832035632440e+01,-4.196027348530478207e+00,-4.144327035843017981e+00
1.583694923196991056e+02,-4.749590260688347776e-01,-9.134884628860443456e+01,2.688626430478734619e+01,-1.261191158682456459e-01,-2.061295986336205033e+01,3.406793750740032323e+01,2.929293397278598476e+01,2.409573514082014256e+01,-2.146486132396712421e+01,1.269155129620556366e+01,-1.568107532389012171e+01,-4.554762846568809032e+00,-4.413202853752105526e+00
1.597142704807622522e+02,-4.800065424245095747e-01,-9.237973149473924650e+01,2.624981473895758199e+01,-1.066784588746483298e-01,-2.050542010026092044e+01,3.409043577905286071e+01,2.941522943326920725e+01,1.974784523242528067e+01,-2.036311268495353133e+01,1.257395193322404836e+01,-1.570742604461926817e+01,-5.022566194258975436e+00,-4.757945260846531355e+00
1.609944737935948638e+02,-4.856268719562996106e-01,-9.339938829863052661e+01,2.617088962732054824e+01,-1.215588287731400596e-01,-2.056380048726268228e+01,3.409297068102011963e+01,2.942914712282113143e+01,1.841649409934364812e+01,-1.905802348341712005e+01,1.236852644821214575e+01,-1.565540202115852075e+01,-5.638945946132041698e+00,-5.266123093237944808e+00
1.623313594434943070e+02,-4.921624253018235806e-01,-9.443611154346551473e+01,2.684766251362731282e+01,-8.763400769229101606e-02,-2.076083032061717404e+01,3.412612159750852214e+01,2.925947244854894791e+01,1.696765957348055309e+01,-1.753944946153285045e+01,1.210832781170616812e+01,-1.555245346393581762e+01,-6.363236053829009364e+00,-5.879395245137017056e+00
1.636792400449575950e+02,-4.943902727255287122e-01,-9.547547133069224401e+01,2.700358513673876359e+01,-8.693478472531601664e-02,-2.080202887263283174e+01,3.417833854037120744e+01,2.893534808741366149e+01,1.537194956961885239e+01,-1.572535777786452194e+01,1.176371572927800990e+01,-1.534225643226818470e+01,-7.196807591024301232e+00,-6.663009737784208575e+00
1.650317179571681834e+02,-5.008559037743551823e-01,-9.651631443072879790e+01,2.705150471510847865e+01,-1.705591193512645543e-01,-2.082727935140994191e+01,3.425469225691535513e+01,2.830805491669252660e+01,1.369902206419764923e+01,-1.368721644755482991e+01,1.133347036545122322e+01,-1.493691067734098077e+01,-8.119477873962573256e+00,-7.620061196047887897e+00
1.663843905164684429e+02,-5.114461846606551676e-01,-9.755819926583323820e+01,2.715073225906422749e+01,-1.944531089139112101e-01,-2.086963724539842246e+01,3.434924985134860265e+01,2.730498341623912140e+01,1.194772981187072780e+01,-1.148685263598180839e+01,1.078521549788573353e+01,-1.429583813025299044e+01,-9.125287826180853656e+00,-8.706316886499680052e+00
1.677467911830746061e+02,-5.203012146657463033e-01,-9.860327815526864015e+01,2.731717594206855892e+01,-2.326633494018304216e-01,-2.092721570714360269e+01,3.446461889359839859e+01,2.591705759268358022e+01,1.018067655097635615e+01,-9.141676915216523369e+00,1.006196091583210084e+01,-1.337392797654053211e+01,-1.025655266758185391e+01,-9.876368580335340042e+00
1.691161081106752988e+02,-5.347125196008382098e-01,-9.965092083654759847e+01,2.748011765693576081e+01,-3.642466999484339496e-01,-2.098743292108437686e+01,3.459211472313373292e+01,2.427135673864846055e+01,8.237024808401015363e+00,-6.717969809377196455e+00,9.164048601052654064e+00,-1.221508343537649921e+01,-1.146792738293521552e+01,-1.107383469489895944e+01
1.704948029487681822e+02,-5.567258846605896982e-01,-1.007020214473770778e+02,2.764269516833564921e+01,-4.670655179520044609e-01,-2.105998118388555440e+01,3.471106810904139905e+01,2.226749985849154001e+01,6.270050013672502587e+00,-4.388340817853906728e+00,8.141506029287397084e+00,-1.089866030400727581e+01,-1.272257688459913538e+01,-1.225287611770826324e+01
1.718803776275088637e+02,-5.814190713960386558e-01,-1.017569189549361539e+02,2.767040803354461787e+01,-4.506174709321586480e-01,-2.109058616486962023e+01,3.482755284640950322e+01,1.989846103645066933e+01,4.472031211560728359e+00,-2.372328694499738155e+00,6.997365085423796316e+00,-9.480396711685708411e+00,-1.402191189648787351e+01,-1.343578790555898017e+01
1.732618437521226440e+02,-6.017876317538055631e-01,-1.028110800638640399e+02,2.751463746161135759e+01,-2.361040816981430090e-01,-2.112354914274121143e+01,3.492277481040929388e+01,1.734534500216604869e+01,2.979738496197856801e+00,-9.686420075290156362e-01,5.774449034156858396e+00,-8.040501478102907384e+00,-1.540342007769258359e+01,-1.476347285726611780e+01
1.746318413736699995e+02,-6.050294795658529567e-01,-1.038692738692102751e+02,2.738261809611969966e+01,-9.714369987570026233e-02,-2.122545744658836497e+01,3.490566911753180079e+01,1.470420971760996842e+01,1.946251570501467132e+00,-2.491189053512972984e-01,4.589614081269458801e+00,-6.662062031668408046e+00,-1.714854664616250091e+01,-1.650933552874023036e+01
1.760001055617346140e+02,-6.115020017413755893e-01,-1.049336258085228764e+02,2.736528376129228946e+01,-1.294504435104526507e-01,-2.128703878625202606e+01,3.450400232002255052e+01,1.222504737920982087e+01,1.646776565813016013e+00,-3.169110255715471003e-01,3.381310404372161127e+00,-5.275266620011704433e+00,-2.023123125888224294e+01,-1.973788272571681901e+01
