Time,Position,Height above ground [m],X [m],Y [m],Z [m],Opening Angle [°],Stalling Angle Left [°],Stalling Angle Right [°],Roll Angle Left [°],Roll Angle Right [°],Yaw Angle Left [°],Yaw Angle Right [°],Speed hor. [km/h],Speed vert. [km/h],Speed resulting [km/h],W1_Speed,W1_Tangent,W1_Turbulence,W1_CleanTan,W1_Cross,W2_Speed,W2_Tangent,W2_Turbulence,W2_CleanTan,W2_Cross,W3_Speed,W3_Tangent,W3_Turbulence,W3_CleanTan,W3_Cross,W4_Speed,W4_Tangent,W4_Turbulence,W4_CleanTan,W4_Cross,W5_Speed,W5_Tangent,W5_Turbulence,W5_CleanTan,W5_Cross,W6_Speed,W6_Tangent,W6_Turbulence,W6_CleanTan,W6_Cross,W7_Speed,W7_Tangent,W7_Turbulence,W7_CleanTan,W7_Cross,W8_Speed,W8_Tangent,W8_Turbulence,W8_CleanTan,W8_Cross,W9_Speed,W9_Tangent,W9_Turbulence,W9_CleanTan,W9_Cross,W10_Speed,W10_Tangent,W10_Turbulence,W10_CleanTan,W10_Cross,W11_Speed,W11_Tangent,W11_Turbulence,W11_CleanTan,W11_Cross,W12_Speed,W12_Tangent,W12_Turbulence,W12_CleanTan,W12_Cross
4.153,0.0,2.93,0.04,0.0,-0.01,0.0,-11.5,-11.5,0.0,0.0,0.0,0.0,96.715,-19.677,98.697,0.3,-0.03,0.17,-0.03,0.28,1.0,0.39,0.07,0.39,0.82,0.4,0.14,0.02,0.14,0.28,1.1,0.04,0.01,0.04,0.98,1.5,1.13,0.09,1.13,0.95,2.1,0.96,0.18,0.96,1.79,1.5,0.84,0.41,0.84,1.21,1.5,1.21,0.16,1.21,0.8,0.4,0.27,0.01,0.27,0.29,1.1,1.02,0.39,1.02,0.35,0.4,-0.11,0.04,-0.11,0.38,0.5,0.32,0.05,0.32,0.22
4.202999999999999,0.33112582781456684,2.9134437086092717,0.4704635761589369,0.0033112582781456685,-0.07622516556291337,0.5629139072847636,-10.88079470198676,-11.074172185430466,-1.1105960264900572,1.3678807947019758,0.4354304635761554,-0.5523178807946975,96.30506622516558,-16.87766225165565,97.84865562913909,0.3,-0.03,0.17,-0.03,0.28,1.0,0.39,0.07,0.39,0.82,0.4,0.14,0.02,0.14,0.28,1.1,0.04,0.01,0.04,0.98,1.5,1.13,0.09,1.13,0.95,2.1,0.96,0.18,0.96,1.79,1.5,0.84,0.41,0.84,1.21,1.5,1.21,0.16,1.21,0.8,0.4,0.27,0.01,0.27,0.29,1.1,1.02,0.39,1.02,0.35,0.4,-0.11,0.04,-0.11,0.38,0.5,0.32,0.05,0.32,0.22
4.252999999999999,0.6622516556291337,2.8968874172185433,0.9009271523178739,0.006622516556291337,-0.14245033112582675,1.1258278145695273,-10.26158940397352,-10.648344370860935,-2.2211920529801144,2.7357615894039515,0.8708609271523108,-1.104635761589395,95.89513245033113,-14.078324503311304,97.00031125827816,0.3,-0.03,0.17,-0.03,0.28,1.0,0.39,0.07,0.39,0.82,0.4,0.14,0.02,0.14,0.28,1.1,0.04,0.01,0.04,0.98,1.5,1.13,0.09,1.13,0.95,2.1,0.96,0.18,0.96,1.79,1.5,0.84,0.41,0.84,1.21,1.5,1.21,0.16,1.21,0.8,0.4,0.27,0.01,0.27,0.29,1.1,1.02,0.39,1.02,0.35,0.4,-0.11,0.04,-0.11,0.38,0.5,0.32,0.05,0.32,0.22
4.302999999999999,0.9933774834437006,2.880331125827815,1.331390728476811,0.009933774834437005,-0.2086754966887401,1.6887417218542908,-9.64238410596028,-10.222516556291401,-3.3317880794701717,4.103642384105927,1.3062913907284661,-1.6569536423840925,95.4851986754967,-11.278986754966956,96.15196688741725,0.3,-0.03,0.17,-0.03,0.28,1.0,0.39,0.07,0.39,0.82,0.4,0.14,0.02,0.14,0.28,1.1,0.04,0.01,0.04,0.98,1.5,1.13,0.09,1.13,0.95,2.1,0.96,0.18,0.96,1.79,1.5,0.84,0.41,0.84,1.21,1.5,1.21,0.16,1.21,0.8,0.4,0.27,0.01,0.27,0.29,1.1,1.02,0.39,1.02,0.35,0.4,-0.11,0.04,-0.11,0.38,0.5,0.32,0.05,0.32,0.22
4.352999999999999,1.6202531645569462,2.88,1.985063291139224,0.034810126582277855,-0.2968354430379725,2.878481012658198,-8.741797468354454,-8.827113924050668,-4.946810126582238,4.222177215189871,1.939594936708845,-2.662265822784785,96.21510126582277,-11.76944303797467,96.93574683544303,0.3,-0.03,0.17,-0.03,0.28,1.0,0.39,0.07,0.39,0.82,0.4,0.14,0.02,0.14,0.28,1.1,0.04,0.01,0.04,0.98,1.5,1.13,0.09,1.13,0.95,2.1,0.96,0.18,0.96,1.79,1.5,0.84,0.41,0.84,1.21,1.5,1.21,0.16,1.21,0.8,0.4,0.27,0.01,0.27,0.29,1.1,1.02,0.39,1.02,0.35,0.4,-0.11,0.04,-0.11,0.38,0.5,0.32,0.05,0.32,0.22
4.402999999999999,2.4999999999999667,2.8999999999999986,2.8999999999999653,0.04000000000000067,-0.409999999999996,5.749999999999858,-6.618500000000105,-6.889000000000072,-5.283500000000042,4.349999999999995,2.9954999999999554,-4.052499999999948,96.577,-11.968000000000009,97.31850000000001,0.3,-0.03,0.17,-0.03,0.28,1.0,0.39,0.07,0.39,0.82,0.4,0.14,0.02,0.14,0.28,1.1,0.04,0.01,0.04,0.98,1.5,1.13,0.09,1.13,0.95,2.1,0.96,0.18,0.96,1.79,1.5,0.84,0.41,0.84,1.21,1.5,1.21,0.16,1.21,0.8,0.4,0.27,0.01,0.27,0.29,1.1,1.02,0.39,1.02,0.35,0.4,-0.11,0.04,-0.11,0.38,0.5,0.32,0.05,0.32,0.22
4.4529999999999985,3.769230769230736,2.9507692307692293,4.212307692307658,0.03,-0.5776923076923031,10.823076923076796,-1.8136153846155243,-3.0600000000001186,-6.257307692307622,5.82276923076917,4.675923076923033,-6.277846153846092,96.82392307692307,-13.055076923076872,97.70253846153844,0.3,-0.03,0.17,-0.03,0.28,1.0,0.39,0.07,0.39,0.82,0.4,0.14,0.02,0.14,0.28,1.1,0.04,0.01,0.04,0.98,1.5,1.13,0.09,1.13,0.95,2.1,0.96,0.18,0.96,1.79,1.5,0.84,0.41,0.84,1.21,1.5,1.21,0.16,1.21,0.8,0.4,0.27,0.01,0.27,0.29,1.1,1.02,0.39,1.02,0.35,0.4,-0.11,0.04,-0.11,0.38,0.5,0.32,0.05,0.32,0.22
4.502999999999998,5.078947368421009,3.0031578947368405,5.561315789473639,0.03,-0.7726315789473613,15.507894736841932,3.085131578947278,1.4272368421051738,-9.698052631578916,7.826789473684232,6.504289473684139,-9.02694736842095,97.47215789473684,-15.344184210526294,98.6723947368421,0.3,-0.03,0.17,-0.03,0.28,1.0,0.39,0.07,0.39,0.82,0.4,0.14,0.02,0.14,0.28,1.1,0.04,0.01,0.04,0.98,1.5,1.13,0.09,1.13,0.95,2.1,0.96,0.18,0.96,1.79,1.5,0.84,0.41,0.84,1.21,1.5,1.21,0.16,1.21,0.8,0.4,0.27,0.01,0.27,0.29,1.1,1.02,0.39,1.02,0.35,0.4,-0.11,0.04,-0.11,0.38,0.5,0.32,0.05,0.32,0.22
4.552999999999998,6.394736842105215,3.0597368421052606,6.916578947368371,0.03,-0.9871052631578865,20.639473684210337,5.730394736842011,4.239078947368304,-9.845947368421115,6.538631578947472,8.687447368420967,-12.037605263157785,97.52952631578947,-16.379842105263087,98.89726315789471,0.3,-0.03,0.17,-0.03,0.28,1.0,0.39,0.07,0.39,0.82,0.4,0.14,0.02,0.14,0.28,1.1,0.04,0.01,0.04,0.98,1.5,1.13,0.09,1.13,0.95,2.1,0.96,0.18,0.96,1.79,1.5,0.84,0.41,0.84,1.21,1.5,1.21,0.16,1.21,0.8,0.4,0.27,0.01,0.27,0.29,1.1,1.02,0.39,1.02,0.35,0.4,-0.11,0.04,-0.11,0.38,0.5,0.32,0.05,0.32,0.22
4.602999999999998,7.7105263157894255,3.1255263157894713,8.264736842105215,0.03,-1.224999999999991,25.273684210526163,7.124263157894722,6.438105263157845,-8.72397368421055,4.6892368421053,10.732605263157827,-14.749236842105173,97.31728947368423,-18.182631578947305,99.00365789473685,0.3,-0.03,0.17,-0.03,0.28,1.0,0.39,0.07,0.39,0.82,0.4,0.14,0.02,0.14,0.28,1.1,0.04,0.01,0.04,0.98,1.5,1.13,0.09,1.13,0.95,2.1,0.96,0.18,0.96,1.79,1.5,0.84,0.41,0.84,1.21,1.5,1.21,0.16,1.21,0.8,0.4,0.27,0.01,0.27,0.29,1.1,1.02,0.39,1.02,0.35,0.4,-0.11,0.04,-0.11,0.38,0.5,0.32,0.05,0.32,0.22
4.652999999999998,9.026315789473623,3.2013157894736812,9.606842105263095,0.030263157894736225,-1.4852631578947246,28.955263157894606,6.708236842105308,7.2960526315789105,-7.437815789473837,2.7154210526318114,12.385999999999932,-16.79955263157888,96.82257894736844,-19.42105263157893,98.75189473684212,0.3,-0.05,0.15,-0.05,0.29,1.0,0.4,0.07,0.4,0.82,0.4,0.14,0.03,0.14,0.27,1.1,0.02,0.01,0.02,0.98,1.6,1.35,0.03,1.35,0.77,1.8,0.93,0.47,0.93,1.47,1.4,0.82,0.45,0.82,1.15,1.5,1.25,0.11,1.25,0.77,0.4,0.3,0.01,0.3,0.25,1.2,1.07,0.45,1.07,0.39,0.4,-0.05,0.03,-0.05,0.38,0.5,0.34,0.04,0.34,0.22
4.702999999999998,10.342105263157828,3.2705263157894695,10.948947368420983,0.04,-1.755263157894722,31.2052631578947,5.729710526315845,7.9354999999999905,-4.472131578947477,-1.7342894736840606,13.593105263157868,-17.873736842105252,96.5587105263158,-19.87626315789469,98.5846052631579,0.3,-0.05,0.15,-0.05,0.29,1.0,0.4,0.07,0.4,0.82,0.4,0.14,0.03,0.14,0.27,1.1,0.02,0.01,0.02,0.98,1.6,1.35,0.03,1.35,0.77,1.8,0.93,0.47,0.93,1.47,1.4,0.82,0.45,0.82,1.15,1.5,1.25,0.11,1.25,0.77,0.4,0.3,0.01,0.3,0.25,1.2,1.07,0.45,1.07,0.39,0.4,-0.05,0.03,-0.05,0.38,0.5,0.34,0.04,0.34,0.22
4.7529999999999974,11.675675675675615,3.357297297297293,12.30243243243237,0.04,-2.0486486486486353,32.00540540540537,4.621513513513564,8.113540540540532,-2.313756756756855,-4.716810810810674,14.115864864864841,-18.086432432432424,96.31132432432433,-20.778432432432393,98.52864864864866,0.3,-0.05,0.15,-0.05,0.29,1.0,0.4,0.07,0.4,0.82,0.4,0.14,0.03,0.14,0.27,1.1,0.02,0.01,0.02,0.98,1.6,1.35,0.03,1.35,0.77,1.8,0.93,0.47,0.93,1.47,1.4,0.82,0.45,0.82,1.15,1.5,1.25,0.11,1.25,0.77,0.4,0.3,0.01,0.3,0.25,1.2,1.07,0.45,1.07,0.39,0.4,-0.05,0.03,-0.05,0.38,0.5,0.34,0.04,0.34,0.22
4.802999999999997,12.99999999999993,3.4499999999999953,13.63999999999993,0.0499999999999993,-2.349999999999984,32.399999999999984,3.836000000000036,8.145,0.09999999999986753,-8.490999999999786,14.491999999999983,-18.070000000000004,96.196,-21.85499999999994,98.64799999999998,0.3,-0.05,0.15,-0.05,0.29,1.0,0.4,0.07,0.4,0.82,0.4,0.14,0.03,0.14,0.27,1.1,0.02,0.01,0.02,0.98,1.6,1.35,0.03,1.35,0.77,1.8,0.93,0.47,0.93,1.47,1.4,0.82,0.45,0.82,1.15,1.5,1.25,0.11,1.25,0.77,0.4,0.3,0.01,0.3,0.25,1.2,1.07,0.45,1.07,0.39,0.4,-0.05,0.03,-0.05,0.38,0.5,0.34,0.04,0.34,0.22
4.852999999999997,14.315789473684134,3.545263157894731,14.968947368420976,0.06,-2.6557894736841923,31.942105263157934,3.760263157894735,7.695473684210575,2.2036842105263026,-13.062473684210373,14.573736842105257,-17.491947368421098,96.2135263157895,-23.033736842105228,98.93289473684212,0.3315789473684134,-0.06578947368420672,0.13421052631579328,-0.06578947368420672,0.30263157894736537,1.0,0.4,0.07,0.4,0.8231578947368413,0.4,0.1684210526315721,0.052105263157889395,0.1684210526315721,0.25105263157895197,1.1,0.026315789473682686,0.006842105263158657,0.026315789473682686,0.9768421052631586,1.6631578947368268,1.3184210526315867,0.08684210526314416,1.3184210526315867,0.9436842105262739,1.7684210526315867,0.8731578947368559,0.479473684210524,0.8731578947368559,1.4857894736842068,1.4315789473684133,0.8421052631578894,0.4057894736842212,0.8421052631578894,1.168947368421048,1.4684210526315866,1.2278947368421105,0.09421052631579328,1.2278947368421105,0.7889473684210481,0.4,0.3157894736842067,0.01,0.3157894736842067,0.2278947368421106,1.2,1.0668421052631587,0.4373684210526346,1.0668421052631587,0.4057894736842067,0.4,-0.04368421052631732,0.026842105263158656,-0.04368421052631732,0.38,0.5,0.3463157894736827,0.036842105263158655,0.3463157894736827,0.22315789473684133
4.902999999999997,15.648648648648564,3.6518918918918852,16.308648648648564,0.06,-2.9821621621621404,31.340540540540577,3.9011891891891723,6.949648648648689,2.9420540540539717,-16.36216216216191,14.766351351351332,-16.731000000000048,95.96894594594596,-23.85283783783777,98.89013513513513,0.4,-0.1,0.1,-0.1,0.33,1.0,0.4,0.07,0.4,0.83,0.4,0.23,0.1,0.23,0.21,1.1,0.04,0.0,0.04,0.97,1.8,1.25,0.21,1.25,1.32,1.7,0.75,0.5,0.75,1.52,1.5,0.89,0.31,0.89,1.21,1.4,1.18,0.06,1.18,0.83,0.4,0.35,0.01,0.35,0.18,1.2,1.06,0.41,1.06,0.44,0.4,-0.03,0.02,-0.03,0.38,0.5,0.36,0.03,0.36,0.23
4.952999999999997,16.973684210526237,3.7578947368420987,17.633684210526237,0.06973684210526238,-3.3231578947368217,31.2,3.9816578947368413,6.241578947368465,4.129026315789405,-20.015289473683996,15.165315789473658,-16.161131578947398,95.8031052631579,-24.943973684210462,98.99755263157894,0.4,-0.1,0.1,-0.1,0.33,1.0,0.4,0.07,0.4,0.83,0.4,0.23,0.1,0.23,0.21,1.1,0.04,0.0,0.04,0.97,1.8,1.25,0.21,1.25,1.32,1.7,0.75,0.5,0.75,1.52,1.5,0.89,0.31,0.89,1.21,1.4,1.18,0.06,1.18,0.83,0.4,0.35,0.01,0.35,0.18,1.2,1.06,0.41,1.06,0.44,0.4,-0.03,0.02,-0.03,0.38,0.5,0.36,0.03,0.36,0.23
5.002999999999997,18.315789473684127,3.868421052631571,18.972631578947286,0.07315789473684127,-3.685263157894714,31.563157894736825,3.6247894736842334,5.303000000000059,4.786210526315749,-22.75799999999983,15.718736842105228,-15.908578947368436,95.65526315789474,-25.992631578947304,99.12526315789472,0.4,-0.1,0.1,-0.1,0.33,1.0,0.4,0.07,0.4,0.83,0.4,0.23,0.1,0.23,0.21,1.1,0.04,0.0,0.04,0.97,1.8,1.25,0.21,1.25,1.32,1.7,0.75,0.5,0.75,1.52,1.5,0.89,0.31,0.89,1.21,1.4,1.18,0.06,1.18,0.83,0.4,0.35,0.01,0.35,0.18,1.2,1.06,0.41,1.06,0.44,0.4,-0.03,0.02,-0.03,0.38,0.5,0.36,0.03,0.36,0.23
5.052999999999996,19.648648648648553,3.9818918918918844,20.298648648648552,0.08,-4.0451351351351095,32.08918918918913,3.043621621621679,4.4483783783784325,5.09783783783784,-25.094729729729593,16.309459459459415,-15.81767567567567,95.45416216216218,-26.992081081081015,99.19883783783783,0.4,-0.1,0.1,-0.1,0.33,1.0,0.4,0.07,0.4,0.83,0.4,0.23,0.1,0.23,0.21,1.1,0.04,0.0,0.04,0.97,1.8,1.25,0.21,1.25,1.32,1.7,0.75,0.5,0.75,1.52,1.5,0.89,0.31,0.89,1.21,1.4,1.18,0.06,1.18,0.83,0.4,0.35,0.01,0.35,0.18,1.2,1.06,0.41,1.06,0.44,0.4,-0.03,0.02,-0.03,0.38,0.5,0.36,0.03,0.36,0.23
5.102999999999996,20.973684210526216,4.097631578947359,21.613947368420952,0.08,-4.422368421052601,32.88421052631573,2.23605263157901,3.7864210526316273,5.5884736842104745,-26.70044736842094,16.94434210526311,-15.972342105263145,95.21560526315791,-27.874947368420987,99.21465789473685,0.4,-0.1,0.1,-0.1,0.33,1.0,0.4,0.07,0.4,0.83,0.4,0.23,0.1,0.23,0.21,1.1,0.04,0.0,0.04,0.97,1.8,1.25,0.21,1.25,1.32,1.7,0.75,0.5,0.75,1.52,1.5,0.89,0.31,0.89,1.21,1.4,1.18,0.06,1.18,0.83,0.4,0.35,0.01,0.35,0.18,1.2,1.06,0.41,1.06,0.44,0.4,-0.03,0.02,-0.03,0.38,0.5,0.36,0.03,0.36,0.23
5.152999999999996,22.324324324324216,4.205945945945937,22.937837837837733,0.09324324324324217,-4.817297297297265,33.694594594594534,1.7005945945946135,3.3447297297297505,7.230216216216116,-28.066189189189057,17.578432432432383,-16.182432432432417,95.07162162162163,-28.750567567567483,99.32718918918917,0.4,-0.1,0.1,-0.1,0.33,1.0,0.4,0.07,0.4,0.83,0.4,0.23,0.1,0.23,0.21,1.0,0.1,0.03,0.1,0.94,1.8,1.25,0.21,1.25,1.32,1.7,0.43,0.5,0.43,1.6,1.5,0.89,0.31,0.89,1.21,1.4,1.13,0.03,1.13,0.86,0.4,0.35,0.01,0.35,0.18,1.2,1.06,0.41,1.06,0.44,0.4,-0.03,0.02,-0.03,0.38,0.5,0.36,0.03,0.36,0.23
5.202999999999996,23.675675675675567,4.314054054054045,24.262162162162056,0.10675675675675567,-5.22270270270267,34.5729729729729,1.4627567567567759,3.0859459459459666,8.495756756756654,-29.736459459459326,18.212216216216166,-16.36756756756755,94.9783783783784,-29.814081081080996,99.55218918918916,0.4,-0.1,0.1,-0.1,0.33,1.0,0.4,0.07,0.4,0.83,0.4,0.23,0.1,0.23,0.21,1.0,0.1,0.03,0.1,0.94,1.8,1.25,0.21,1.25,1.32,1.7,0.43,0.5,0.43,1.6,1.5,0.89,0.31,0.89,1.21,1.4,1.13,0.03,1.13,0.86,0.4,0.35,0.01,0.35,0.18,1.2,1.06,0.41,1.06,0.44,0.4,-0.03,0.02,-0.03,0.38,0.5,0.36,0.03,0.36,0.23
5.252999999999996,25.027027027026914,4.422162162162153,25.58621621621611,0.12,-5.638648648648613,35.313513513513456,1.2610540540540662,2.895891891891896,9.658081081081002,-31.248081081080983,18.944540540540462,-16.42162162162164,94.90335135135135,-30.85313513513505,99.79767567567565,0.4,-0.1,0.1,-0.1,0.33,1.0,0.4,0.07,0.4,0.83,0.4,0.23,0.1,0.23,0.21,1.0,0.1,0.03,0.1,0.94,1.8,1.25,0.21,1.25,1.32,1.7,0.43,0.5,0.43,1.6,1.5,0.89,0.31,0.89,1.21,1.4,1.13,0.03,1.13,0.86,0.4,0.35,0.01,0.35,0.18,1.2,1.06,0.41,1.06,0.44,0.4,-0.03,0.02,-0.03,0.38,0.5,0.36,0.03,0.36,0.23
5.3029999999999955,26.378378378378265,4.530270270270261,26.89702702702692,0.12378378378378266,-6.074864864864828,35.686486486486515,1.0414864864865203,2.8052972972973125,10.597378378378304,-32.494135135135025,19.83259459459453,-16.16183783783787,94.89248648648648,-31.919675675675574,100.1238378378378,0.4,-0.1,0.1,-0.1,0.33,1.0,0.4,0.07,0.4,0.83,0.4,0.23,0.1,0.23,0.21,1.0,0.1,0.03,0.1,0.94,1.8,1.25,0.21,1.25,1.32,1.7,0.43,0.5,0.43,1.6,1.5,0.89,0.31,0.89,1.21,1.4,1.13,0.03,1.13,0.86,0.4,0.35,0.01,0.35,0.18,1.2,1.06,0.41,1.06,0.44,0.4,-0.03,0.02,-0.03,0.38,0.5,0.36,0.03,0.36,0.23
5.352999999999995,27.7297297297296,4.623783783783775,28.207837837837708,0.14459459459459195,-6.520810810810768,35.79189189189184,0.6346216216216616,2.620567567567586,11.5001891891891,-33.179756756756746,20.621891891891817,-15.680945945946002,94.8341891891892,-32.95386486486478,100.40499999999999,0.4,-0.1,0.1,-0.1,0.33,1.0,0.4,0.07,0.4,0.83,0.4,0.23,0.1,0.23,0.21,1.0,0.1,0.03,0.1,0.94,1.8,1.25,0.21,1.25,1.32,1.7,0.43,0.5,0.43,1.6,1.5,0.89,0.31,0.89,1.21,1.4,1.13,0.03,1.13,0.86,0.4,0.35,0.01,0.35,0.18,1.2,1.06,0.41,1.06,0.44,0.4,-0.03,0.02,-0.03,0.38,0.5,0.36,0.03,0.36,0.23
5.402999999999995,29.108108108107977,4.716486486486478,29.532702702702576,0.17108108108107978,-6.987837837837792,36.135135135135215,0.15886486486492227,2.4426486486486625,12.578270270270135,-33.4029189189188,21.21513513513512,-14.975864864864942,94.70756756756755,-33.86245945945935,100.58848648648645,0.4,-0.11,0.04,-0.11,0.37,1.0,0.38,0.09,0.38,0.85,0.5,0.29,0.13,0.29,0.18,1.0,0.09,0.03,0.09,0.95,1.8,1.31,0.16,1.31,1.17,1.8,0.26,0.36,0.26,1.73,1.6,0.89,0.21,0.89,1.3,1.4,1.13,0.01,1.13,0.84,0.4,0.36,0.01,0.36,0.16,1.2,1.02,0.36,1.02,0.43,0.4,-0.02,0.03,-0.02,0.39,0.5,0.41,0.05,0.41,0.22
5.452999999999995,30.47222222222208,4.798333333333325,30.833333333333194,0.18944444444444156,-7.465277777777727,35.363888888888965,-0.4358888888888259,2.3447500000000012,13.96777777777763,-34.12502777777781,21.355638888888873,-14.12538888888899,94.68552777777779,-34.89749999999991,100.92258333333332,0.4,-0.11,0.04,-0.11,0.37,1.0,0.38,0.09,0.38,0.85,0.5,0.29,0.13,0.29,0.18,1.0,0.09,0.03,0.09,0.95,1.8,1.31,0.16,1.31,1.17,1.8,0.26,0.36,0.26,1.73,1.6,0.89,0.21,0.89,1.3,1.4,1.13,0.01,1.13,0.84,0.4,0.36,0.01,0.36,0.16,1.2,1.02,0.36,1.02,0.43,0.4,-0.02,0.03,-0.02,0.39,0.5,0.41,0.05,0.41,0.22
5.502999999999995,31.861111111110965,4.873055555555548,32.158055555555414,0.20861111111110964,-7.959999999999948,34.58333333333342,-0.9010833333332933,2.3761666666666605,15.39783333333318,-33.74100000000005,21.431527777777774,-13.179194444444542,94.5255277777778,-35.78622222222212,101.08563888888887,0.4,-0.11,0.04,-0.11,0.37,1.0,0.38,0.09,0.38,0.85,0.5,0.29,0.13,0.29,0.18,1.0,0.09,0.03,0.09,0.95,1.8,1.31,0.16,1.31,1.17,1.8,0.26,0.36,0.26,1.73,1.6,0.89,0.21,0.89,1.3,1.4,1.13,0.01,1.13,0.84,0.4,0.36,0.01,0.36,0.16,1.2,1.02,0.36,1.02,0.43,0.4,-0.02,0.03,-0.02,0.39,0.5,0.41,0.05,0.41,0.22
5.552999999999995,33.27777777777763,4.931111111111105,33.49111111111097,0.23277777777777628,-8.475555555555498,33.761111111111184,-1.1396111111110874,2.4615555555555497,16.887777777777618,-33.25311111111115,21.395111111111117,-12.306277777777858,94.3296666666667,-36.774833333333234,101.25866666666666,0.4,-0.11,0.04,-0.11,0.37,1.0,0.38,0.09,0.38,0.85,0.5,0.29,0.13,0.29,0.18,1.0,0.09,0.03,0.09,0.95,1.8,1.31,0.16,1.31,1.17,1.8,0.26,0.36,0.26,1.73,1.6,0.89,0.21,0.89,1.3,1.4,1.13,0.01,1.13,0.84,0.4,0.36,0.01,0.36,0.16,1.2,1.02,0.36,1.02,0.43,0.4,-0.02,0.03,-0.02,0.39,0.5,0.41,0.05,0.41,0.22
5.602999999999994,34.66666666666651,4.979999999999995,34.78999999999986,0.2533333333333302,-9.003333333333275,33.1333333333334,-1.357666666666642,2.4076666666666857,18.34833333333317,-32.72333333333341,21.35133333333334,-11.64766666666673,94.07533333333336,-37.71766666666655,101.37366666666665,0.4,-0.11,0.04,-0.11,0.37,1.0,0.38,0.09,0.38,0.85,0.5,0.29,0.13,0.29,0.18,1.0,0.09,0.03,0.09,0.95,1.8,1.31,0.16,1.31,1.17,1.8,0.26,0.36,0.26,1.73,1.6,0.89,0.21,0.89,1.3,1.4,1.13,0.01,1.13,0.84,0.4,0.36,0.01,0.36,0.16,1.2,1.02,0.36,1.02,0.43,0.4,-0.02,0.03,-0.02,0.39,0.5,0.41,0.05,0.41,0.22
5.652999999999994,36.083333333333165,5.022499999999995,36.11749999999984,0.28166666666666335,-9.541666666666602,32.68333333333337,-1.5779999999999736,2.078500000000068,19.829749999999823,-31.96283333333343,21.307416666666672,-11.1936666666667,93.78450000000004,-38.655166666666574,101.46241666666667,0.4,-0.08,0.02,-0.08,0.39,1.0,0.39,0.12,0.39,0.89,0.5,0.31,0.14,0.31,0.18,1.0,0.11,0.03,0.11,0.96,1.8,1.48,0.13,1.48,0.94,1.9,0.22,0.19,0.22,1.87,1.7,0.95,0.07,0.95,1.41,1.4,1.14,0.0,1.14,0.81,0.4,0.35,0.01,0.35,0.14,1.2,0.99,0.3,0.99,0.44,0.4,-0.02,0.03,-0.02,0.39,0.5,0.42,0.07,0.42,0.23
5.702999999999994,37.48571428571412,5.0548571428571405,37.41685714285698,0.30971428571428233,-10.084285714285647,32.40285714285717,-1.7957999999999739,1.4807428571429373,21.288657142856966,-31.24825714285721,21.264428571428574,-10.943085714285738,93.53242857142858,-39.474028571428455,101.54908571428568,0.4,-0.08,0.02,-0.08,0.39,1.0,0.39,0.12,0.39,0.89,0.5,0.31,0.14,0.31,0.18,1.0,0.11,0.03,0.11,0.96,1.8,1.48,0.13,1.48,0.94,1.9,0.22,0.19,0.22,1.87,1.7,0.95,0.07,0.95,1.41,1.4,1.14,0.0,1.14,0.81,0.4,0.35,0.01,0.35,0.14,1.2,0.99,0.3,0.99,0.44,0.4,-0.02,0.03,-0.02,0.39,0.5,0.42,0.07,0.42,0.23
5.752999999999994,38.91428571428553,5.06,38.73114285714269,0.347428571428566,-10.655714285714213,32.3,-2.0167142857142575,0.7333142857143854,22.772942857142667,-30.565571428571523,21.22065714285715,-10.805828571428584,93.35574285714287,-40.38825714285703,101.74937142857141,0.4,-0.08,0.02,-0.08,0.39,1.0,0.39,0.12,0.39,0.89,0.5,0.31,0.14,0.31,0.18,1.0,0.11,0.03,0.11,0.96,1.8,1.48,0.13,1.48,0.94,1.9,0.22,0.19,0.22,1.87,1.7,0.95,0.07,0.95,1.41,1.4,1.14,0.0,1.14,0.81,0.4,0.35,0.01,0.35,0.14,1.2,0.99,0.3,0.99,0.44,0.4,-0.02,0.03,-0.02,0.39,0.5,0.42,0.07,0.42,0.23
5.802999999999994,40.34285714285696,5.06,40.04199999999983,0.3768571428571392,-11.230571428571354,32.3,-2.237457142857115,-0.10851428571418632,24.2511142857141,-29.655142857142984,21.176714285714294,-10.825971428571417,93.19705714285713,-41.22165714285704,101.93988571428567,0.4,-0.08,0.02,-0.08,0.39,1.0,0.39,0.12,0.39,0.89,0.5,0.31,0.14,0.31,0.18,1.0,0.11,0.03,0.11,0.96,1.8,1.48,0.13,1.48,0.94,1.9,0.22,0.19,0.22,1.87,1.7,0.95,0.07,0.95,1.41,1.4,1.14,0.0,1.14,0.81,0.4,0.35,0.01,0.35,0.14,1.2,0.99,0.3,0.99,0.44,0.4,-0.02,0.03,-0.02,0.39,0.5,0.42,0.07,0.42,0.23
5.8529999999999935,41.771428571428395,5.052285714285716,41.341999999999835,0.4131428571428518,-11.816285714285641,32.377142857142836,-2.4560285714285444,-0.9041714285713282,25.71902857142839,-28.870971428571504,21.13308571428572,-10.954857142857124,93.12540000000001,-41.96854285714277,102.1770857142857,0.4,-0.08,0.02,-0.08,0.39,1.0,0.39,0.12,0.39,0.89,0.5,0.31,0.14,0.31,0.18,1.0,0.11,0.03,0.11,0.96,1.8,1.48,0.13,1.48,0.94,1.9,0.22,0.19,0.22,1.87,1.7,0.95,0.07,0.95,1.41,1.4,1.14,0.0,1.14,0.81,0.4,0.35,0.01,0.35,0.14,1.2,0.99,0.3,0.99,0.44,0.4,-0.02,0.03,-0.02,0.39,0.5,0.42,0.07,0.42,0.23
5.902999999999993,43.19444444444426,5.053888888888885,42.64888888888872,0.4538888888888852,-12.38388888888882,32.44166666666672,-2.6769166666666373,-1.6627499999999187,27.19988888888869,-28.6501944444444,21.08897222222223,-11.105444444444432,93.28980555555543,-42.77527777777764,102.65811111111094,0.6,-0.03,0.1,-0.03,0.42,1.1,0.44,0.17,0.44,0.94,0.5,0.28,0.1,0.28,0.2,1.1,0.03,0.03,0.03,1.06,1.6,1.15,0.0,1.15,1.15,2.0,0.32,0.11,0.32,1.87,1.8,1.19,0.08,1.19,1.36,1.4,1.18,0.02,1.18,0.79,0.3,0.28,0.08,0.28,0.11,1.1,0.97,0.21,0.97,0.44,0.4,-0.01,0.02,-0.01,0.38,0.5,0.42,0.07,0.42,0.23
5.952999999999993,44.59999999999981,5.052000000000006,43.92999999999983,0.48199999999999615,-12.947999999999917,32.25999999999998,-2.83499999999999,-2.331799999999899,28.70679999999979,-28.403400000000147,20.99560000000002,-11.206799999999983,93.79780000000001,-43.74939999999989,103.53099999999995,0.6,-0.03,0.1,-0.03,0.42,1.1,0.44,0.17,0.44,0.94,0.5,0.28,0.1,0.28,0.2,1.1,0.03,0.03,0.03,1.06,1.6,1.15,0.0,1.15,1.15,2.0,0.32,0.11,0.32,1.87,1.8,1.19,0.08,1.19,1.36,1.4,1.18,0.02,1.18,0.79,0.3,0.28,0.08,0.28,0.11,1.1,0.97,0.21,0.97,0.44,0.4,-0.01,0.02,-0.01,0.38,0.5,0.42,0.07,0.42,0.23
6.002999999999993,46.05714285714265,5.00828571428572,45.23142857142838,0.5117142857142795,-13.564571428571337,32.18285714285721,-2.8909999999999925,-2.981542857142801,30.288228571428345,-27.79185714285705,20.81680000000003,-11.286542857142859,93.81079999999996,-44.66102857142842,103.93022857142847,0.6,-0.03,0.1,-0.03,0.42,1.1,0.44,0.17,0.44,0.94,0.5,0.28,0.1,0.28,0.2,1.1,0.03,0.03,0.03,1.06,1.6,1.15,0.0,1.15,1.15,2.0,0.32,0.11,0.32,1.87,1.8,1.19,0.08,1.19,1.36,1.4,1.18,0.02,1.18,0.79,0.3,0.28,0.08,0.28,0.11,1.1,0.97,0.21,0.97,0.44,0.4,-0.01,0.02,-0.01,0.38,0.5,0.42,0.07,0.42,0.23
6.052999999999993,47.48571428571409,4.960571428571437,46.52199999999982,0.5497142857142818,-14.183714285714201,31.80285714285718,-2.8856285714285868,-3.3744857142856595,31.553971428571334,-27.940200000000107,20.570742857142907,-11.305228571428561,93.98511428571429,-45.69205714285701,104.53199999999995,0.6,-0.03,0.1,-0.03,0.42,1.1,0.44,0.17,0.44,0.94,0.5,0.28,0.1,0.28,0.2,1.1,0.03,0.03,0.03,1.06,1.6,1.15,0.0,1.15,1.15,2.0,0.32,0.11,0.32,1.87,1.8,1.19,0.08,1.19,1.36,1.4,1.18,0.02,1.18,0.79,0.3,0.28,0.08,0.28,0.11,1.1,0.97,0.21,0.97,0.44,0.4,-0.01,0.02,-0.01,0.38,0.5,0.42,0.07,0.42,0.23
6.102999999999993,48.914285714285505,4.90342857142858,47.82199999999981,0.5782857142857102,-14.821428571428479,31.517142857142897,-2.7069428571428884,-3.703685714285673,32.26414285714276,-27.419800000000052,20.133371428571497,-11.401571428571412,93.9864857142857,-46.60068571428559,104.93199999999995,0.6,-0.03,0.1,-0.03,0.42,1.1,0.44,0.17,0.44,0.94,0.5,0.28,0.1,0.28,0.2,1.1,0.03,0.03,0.03,1.06,1.6,1.15,0.0,1.15,1.15,2.0,0.32,0.11,0.32,1.87,1.8,1.19,0.08,1.19,1.36,1.4,1.18,0.02,1.18,0.79,0.3,0.28,0.08,0.28,0.11,1.1,0.97,0.21,0.97,0.44,0.4,-0.01,0.02,-0.01,0.38,0.5,0.42,0.07,0.42,0.23
6.1529999999999925,50.35294117647037,4.8358823529411845,49.13117647058804,0.610588235294111,-15.478823529411667,31.058823529411853,-2.413235294117693,-3.9565882352940625,32.80876470588234,-27.029352941176647,19.554117647058924,-11.529058823529391,93.99547058823529,-47.475882352941035,105.33147058823523,0.6,-0.03,0.1,-0.03,0.42,1.1,0.44,0.17,0.44,0.94,0.5,0.28,0.1,0.28,0.2,1.1,0.03,0.03,0.03,1.06,1.6,1.15,0.0,1.15,1.15,2.0,0.49,0.11,0.49,1.81,1.8,1.19,0.08,1.19,1.36,1.4,1.18,0.02,1.18,0.79,0.3,0.28,0.08,0.28,0.11,1.1,0.97,0.21,0.97,0.44,0.4,-0.01,0.02,-0.01,0.38,0.5,0.42,0.07,0.42,0.23
6.202999999999992,51.799999999999784,4.77000000000001,50.4399999999998,0.6459999999999957,-16.145999999999898,30.72000000000002,-2.1108000000000455,-4.365399999999933,32.77680000000002,-26.417800000000025,18.921800000000093,-11.620399999999991,93.9612,-48.33239999999988,105.68659999999996,0.6,-0.03,0.1,-0.03,0.42,1.1,0.44,0.17,0.44,0.94,0.5,0.28,0.1,0.28,0.2,1.1,0.03,0.03,0.03,1.06,1.6,1.15,0.0,1.15,1.15,2.0,0.49,0.11,0.49,1.81,1.8,1.19,0.08,1.19,1.36,1.4,1.18,0.02,1.18,0.79,0.3,0.28,0.08,0.28,0.11,1.1,0.97,0.21,0.97,0.44,0.4,-0.01,0.02,-0.01,0.38,0.5,0.42,0.07,0.42,0.23
6.252999999999992,53.23529411764682,4.700588235294127,51.73176470588214,0.6747058823529365,-16.820588235294007,30.288235294117857,-1.811529411764754,-4.838705882352865,32.526705882352985,-26.450117647058885,18.33317647058833,-11.590470588235322,93.93788235294117,-49.13088235294103,106.03252941176464,0.6,-0.03,0.1,-0.03,0.42,1.1,0.44,0.17,0.44,0.94,0.5,0.28,0.1,0.28,0.2,1.1,0.03,0.03,0.03,1.06,1.6,1.15,0.0,1.15,1.15,2.0,0.49,0.11,0.49,1.81,1.8,1.19,0.08,1.19,1.36,1.4,1.18,0.02,1.18,0.79,0.3,0.28,0.08,0.28,0.11,1.1,0.97,0.21,0.97,0.44,0.4,-0.01,0.02,-0.01,0.38,0.5,0.42,0.07,0.42,0.23
6.302999999999992,54.70588235294095,4.627647058823544,53.05529411764685,0.7041176470588189,-17.518823529411655,29.176470588235432,-1.4937647058824053,-5.213647058823488,32.30411764705885,-26.54688235294108,17.8146470588236,-11.368294117647103,93.89500000000001,-49.959647058823414,106.37976470588231,0.6,-0.03,0.1,-0.03,0.42,1.1,0.44,0.17,0.44,0.94,0.5,0.28,0.1,0.28,0.2,1.1,0.03,0.03,0.03,1.06,1.6,1.15,0.0,1.15,1.15,2.0,0.49,0.11,0.49,1.81,1.8,1.19,0.08,1.19,1.36,1.4,1.18,0.02,1.18,0.79,0.3,0.28,0.08,0.28,0.11,1.1,0.97,0.21,0.97,0.44,0.4,-0.01,0.02,-0.01,0.38,0.5,0.42,0.07,0.42,0.23
6.352999999999992,56.14705882352917,4.552647058823541,54.350882352940964,0.7329411764705834,-18.210588235294004,28.55588235294125,-1.1836764705882779,-5.321382352941195,32.200529411764705,-27.108117647058826,17.490500000000026,-11.086088235294161,93.81826470588236,-50.61741176470577,106.62279411764702,0.6,-0.03882352941175046,0.1,-0.03882352941175046,0.41558823529412475,1.1,0.44441176470587523,0.1729411764705835,0.44441176470587523,0.9429411764705834,0.4852941176470826,0.2755882352941248,0.09705882352941651,0.2755882352941248,0.20147058823529176,1.1,0.03441176470587523,0.028529411764708256,0.03441176470587523,1.0570588235294165,1.6147058823529175,1.1514705882352916,0.01176470588233395,1.1514705882352916,1.1632352941176256,1.9852941176470826,0.5061764705882091,0.1202941176470422,0.5061764705882091,1.7923529411764991,1.8147058823529174,1.2091176470587925,0.09176470588233396,1.2091176470587925,1.3570588235294165,1.4147058823529173,1.1844117647058752,0.031764705882333946,1.1844117647058752,0.801764705882334,0.3,0.27411764705883307,0.08441176470587523,0.27411764705883307,0.10705882352941651,1.1,0.9685294117647082,0.204117647058833,0.9685294117647082,0.44441176470587523,0.4,-0.012941176470583488,0.02,-0.012941176470583488,0.3785294117647083,0.5147058823529175,0.4170588235294165,0.07588235294116698,0.4170588235294165,0.23
6.402999999999992,57.61764705882328,4.479117647058836,55.65970588235272,0.7685294117646984,-18.922647058823408,28.3,-0.929088235294159,-5.196558823529434,32.267970588235265,-27.11164705882353,17.392088235294114,-10.939882352941172,93.7720294117647,-51.24914705882344,106.88097058823526,0.6,-0.09,0.1,-0.09,0.39,1.1,0.47,0.19,0.47,0.96,0.4,0.25,0.08,0.25,0.21,1.1,0.06,0.02,0.06,1.04,1.7,1.16,0.08,1.16,1.24,1.9,0.6,0.18,0.6,1.69,1.9,1.32,0.16,1.32,1.34,1.5,1.21,0.1,1.21,0.87,0.3,0.24,0.11,0.24,0.09,1.1,0.96,0.17,0.96,0.47,0.4,-0.03,0.02,-0.03,0.37,0.6,0.4,0.11,0.4,0.23
6.452999999999991,59.08571428571403,4.404857142857158,56.96628571428549,0.8008571428571404,-19.64199999999988,28.408571428571403,-0.6901142857143263,-4.974857142857211,32.47251428571425,-27.4805142857141,17.422228571428565,-11.014857142857123,93.70677142857146,-51.84511428571416,107.10971428571425,0.6,-0.09,0.1,-0.09,0.39,1.1,0.47,0.19,0.47,0.96,0.4,0.25,0.08,0.25,0.21,1.1,0.06,0.02,0.06,1.04,1.7,1.16,0.08,1.16,1.24,1.9,0.6,0.18,0.6,1.69,1.9,1.32,0.16,1.32,1.34,1.5,1.21,0.1,1.21,0.87,0.3,0.24,0.11,0.24,0.09,1.1,0.96,0.17,0.96,0.47,0.4,-0.03,0.02,-0.03,0.37,0.6,0.4,0.11,0.4,0.23
6.502999999999991,60.52941176470562,4.323529411764719,58.251176470588,0.8152941176470562,-20.35470588235281,28.605882352941123,-0.4392941176471101,-4.6544117647059196,32.719823529411705,-28.174941176470583,17.47299999999999,-11.17376470588231,93.60258823529412,-52.57235294117634,107.37299999999995,0.6,-0.09,0.1,-0.09,0.39,1.1,0.47,0.19,0.47,0.96,0.4,0.25,0.08,0.25,0.21,1.1,0.06,0.02,0.06,1.04,1.7,1.16,0.08,1.16,1.24,1.9,0.6,0.18,0.6,1.69,1.9,1.32,0.16,1.32,1.34,1.5,1.21,0.1,1.21,0.87,0.3,0.24,0.11,0.24,0.09,1.1,0.96,0.17,0.96,0.47,0.4,-0.03,0.02,-0.03,0.37,0.6,0.4,0.11,0.4,0.23
6.552999999999991,61.99999999999974,4.250000000000013,59.54999999999977,0.8399999999999948,-21.08999999999987,28.899999999999945,-0.1780000000000444,-4.439000000000039,32.86099999999999,-28.42799999999994,17.53999999999999,-11.393999999999963,93.562,-53.22399999999989,107.65899999999996,0.6,-0.09,0.1,-0.09,0.39,1.1,0.47,0.19,0.47,0.96,0.4,0.25,0.08,0.25,0.21,1.1,0.06,0.02,0.06,1.04,1.7,1.16,0.08,1.16,1.24,1.9,0.6,0.18,0.6,1.69,1.9,1.32,0.16,1.32,1.34,1.5,1.21,0.1,1.21,0.87,0.3,0.24,0.11,0.24,0.09,1.1,0.96,0.17,0.96,0.47,0.4,-0.03,0.02,-0.03,0.37,0.6,0.4,0.11,0.4,0.23
6.602999999999991,63.470588235293846,4.166470588235308,60.84411764705859,0.8694117647058769,-21.83999999999986,29.1,0.05711764705876945,-4.131705882353017,32.94894117647044,-29.286882352940992,17.58658823529411,-11.512470588235294,93.52941176470588,-53.70470588235284,107.86847058823525,0.6,-0.09,0.1,-0.09,0.39,1.1,0.47,0.19,0.47,0.96,0.4,0.25,0.08,0.25,0.21,1.1,0.06,0.02,0.06,1.04,1.7,1.16,0.08,1.16,1.24,1.9,0.6,0.18,0.6,1.69,1.9,1.32,0.16,1.32,1.34,1.5,1.21,0.1,1.21,0.87,0.3,0.24,0.11,0.24,0.09,1.1,0.96,0.17,0.96,0.47,0.4,-0.03,0.02,-0.03,0.37,0.6,0.4,0.11,0.4,0.23
6.652999999999991,64.96969696969668,4.091515151515165,62.163333333333085,0.8993939393939339,-22.594848484848345,29.1,0.3491818181817644,-3.7357575757576473,33.68406060606048,-29.9418484848484,17.598151515151514,-11.472272727272738,93.47836363636365,-54.23160606060596,108.08796969696967,0.503030303030331,-0.1578787878787683,0.0709090909090993,-0.1578787878787683,0.3124242424242648,1.1,0.47,0.1803030303030331,0.47,0.9696969696969668,0.4,0.2693939393939338,0.05090909090909931,0.2693939393939338,0.21,1.1,0.0890909090909007,0.029696969696966898,0.0890909090909007,1.0303030303030332,1.506060606060662,1.2084848484848345,0.1672727272727021,1.2084848484848345,0.7454545454546881,1.609090909090993,0.6,0.3545454545454042,0.6,1.496060606060662,1.9,1.3393939393939338,0.1696969696969669,1.3393939393939338,1.3109090909090995,1.5969696969696692,1.316666666666636,0.19696969696966898,1.316666666666636,0.8893939393939339,0.3,0.20121212121213242,0.12939393939393382,0.20121212121213242,0.07060606060606621,1.1,0.9503030303030331,0.1312121212121324,0.9503030303030331,0.4893939393939338,0.4,-0.0493939393939338,0.0103030303030331,-0.0493939393939338,0.3118181818181986,0.6,0.4096969696969669,0.10030303030303311,0.4096969696969669,0.23
6.7029999999999905,66.44117647058796,4.027941176470602,63.4582352941174,0.9288235294117592,-23.34941176470574,28.855882352941205,0.6132352941176006,-3.462294117647084,34.35958823529394,-30.256705882352726,17.5359411764706,-11.369705882352955,93.39252941176471,-54.72435294117636,108.26102941176465,0.5,-0.16,0.07,-0.16,0.31,1.1,0.47,0.18,0.47,0.97,0.4,0.27,0.05,0.27,0.21,1.1,0.09,0.03,0.09,1.03,1.5,1.21,0.17,1.21,0.73,1.6,0.6,0.36,0.6,1.49,1.9,1.34,0.17,1.34,1.31,1.6,1.32,0.2,1.32,0.89,0.3,0.2,0.13,0.2,0.07,1.1,0.95,0.13,0.95,0.49,0.4,-0.05,0.01,-0.05,0.31,0.6,0.41,0.1,0.41,0.23
6.75299999999999,67.91176470588206,3.954411764705897,64.74323529411738,0.9491176470588206,-24.10499999999985,28.8,0.8591764705881864,-3.4192941176470564,35.25202941176454,-31.126470588235154,17.438705882352963,-11.354029411764703,93.34973529411765,-55.32205882352929,108.52605882352937,0.5,-0.16,0.07,-0.16,0.31,1.1,0.47,0.18,0.47,0.97,0.4,0.27,0.05,0.27,0.21,1.1,0.09,0.03,0.09,1.03,1.5,1.21,0.17,1.21,0.73,1.6,0.6,0.36,0.6,1.49,1.9,1.34,0.17,1.34,1.31,1.6,1.32,0.2,1.32,0.89,0.3,0.2,0.13,0.2,0.07,1.1,0.95,0.13,0.95,0.49,0.4,-0.05,0.01,-0.05,0.31,0.6,0.41,0.1,0.41,0.23
6.80299999999999,69.41176470588206,3.889411764705897,66.05411764705858,0.9723529411764619,-24.888235294117493,28.658823529411794,1.0941176470587861,-3.5424117647058577,35.952470588235215,-31.522941176470518,17.264294117647104,-11.433647058823514,93.30164705882353,-55.94676470588227,108.80341176470584,0.5,-0.16,0.07,-0.16,0.31,1.1,0.47,0.18,0.47,0.97,0.4,0.27,0.05,0.27,0.21,1.1,0.09,0.03,0.09,1.03,1.5,1.21,0.17,1.21,0.73,1.6,0.6,0.36,0.6,1.49,1.9,1.34,0.17,1.34,1.31,1.6,1.32,0.2,1.32,0.89,0.3,0.2,0.13,0.2,0.07,1.1,0.95,0.13,0.95,0.49,0.4,-0.05,0.01,-0.05,0.31,0.6,0.41,0.1,0.41,0.23
6.85299999999999,70.90909090909061,3.8145454545454696,67.35090909090883,0.999090909090906,-25.672727272727116,28.50909090909094,1.2409090909090674,-3.6848181818181516,36.294181818181755,-31.99454545454535,17.04718181818186,-11.461454545454547,93.24218181818183,-56.437727272727166,109.00490909090905,0.5,-0.16,0.07,-0.16,0.31,1.1,0.47,0.18,0.47,0.97,0.4,0.27,0.05,0.27,0.21,1.1,0.09,0.03,0.09,1.03,1.5,1.21,0.17,1.21,0.73,1.6,0.6,0.36,0.6,1.49,1.9,1.34,0.17,1.34,1.31,1.6,1.32,0.2,1.32,0.89,0.3,0.2,0.13,0.2,0.07,1.1,0.95,0.13,0.95,0.49,0.4,-0.05,0.01,-0.05,0.31,0.6,0.41,0.1,0.41,0.23
6.90299999999999,72.39393939393909,3.7542424242424364,68.642727272727,1.0178787878787818,-26.458787878787717,28.4,1.1907878787879382,-3.849121212121178,36.42457575757577,-32.632151515151385,16.949969696969685,-11.393696969696984,93.14787878787881,-57.007090909090806,109.220303030303,0.5,-0.24,0.07,-0.24,0.22,1.1,0.47,0.13,0.47,0.94,0.4,0.3,0.05,0.3,0.29,1.1,0.09,0.0,0.09,0.98,2.1,1.91,0.39,1.91,0.76,1.4,0.62,0.51,0.62,1.29,1.7,1.17,0.01,1.17,1.19,1.7,1.34,0.26,1.34,0.97,0.2,0.13,0.18,0.13,0.08,1.1,0.97,0.09,0.97,0.45,0.4,-0.04,0.02,-0.04,0.29,0.6,0.43,0.08,0.43,0.24
6.95299999999999,73.88235294117617,3.6947058823529533,69.9288235294115,1.0476470588235234,-27.247647058823368,28.311764705882382,0.8037647058824445,-4.019352941176436,36.305529411764745,-33.40964705882335,17.05152941176468,-11.274882352941207,93.07088235294118,-57.544470588235185,109.43647058823525,0.5,-0.24,0.07,-0.24,0.22,1.1,0.47,0.13,0.47,0.94,0.4,0.3,0.05,0.3,0.29,1.1,0.09,0.0,0.09,0.98,2.1,1.91,0.39,1.91,0.76,1.4,0.62,0.51,0.62,1.29,1.7,1.17,0.01,1.17,1.19,1.7,1.34,0.26,1.34,0.97,0.2,0.13,0.18,0.13,0.08,1.1,0.97,0.09,0.97,0.45,0.4,-0.04,0.02,-0.04,0.29,0.6,0.43,0.08,0.43,0.24
7.0029999999999895,75.39393939393908,3.6342424242424367,71.2287878787876,1.0678787878787817,-28.0527272727271,28.339393939393908,0.19487878787893978,-4.2705757575756715,35.946727272727394,-34.12515151515149,17.240181818181775,-11.12339393939395,93.06521212121213,-58.16675757575742,109.75890909090901,0.5,-0.24,0.07,-0.24,0.22,1.1,0.47,0.13,0.47,0.94,0.4,0.3,0.05,0.3,0.29,1.1,0.09,0.0,0.09,0.98,2.1,1.91,0.39,1.91,0.76,1.4,0.62,0.51,0.62,1.29,1.7,1.17,0.01,1.17,1.19,1.7,1.34,0.26,1.34,0.97,0.2,0.13,0.18,0.13,0.08,1.1,0.97,0.09,0.97,0.45,0.4,-0.04,0.02,-0.04,0.29,0.6,0.43,0.08,0.43,0.24
7.052999999999989,76.88235294117615,3.574705882352954,72.50882352941149,1.0888235294117616,-28.86529411764688,28.488235294117615,-0.48299999999985677,-4.717999999999895,35.388411764706,-34.491176470588115,17.408470588235264,-11.118999999999994,93.03752941176472,-58.78982352941164,110.06505882352936,0.5,-0.24,0.07,-0.24,0.22,1.1,0.47,0.13,0.47,0.94,0.4,0.3,0.05,0.3,0.29,1.1,0.09,0.0,0.09,0.98,2.1,1.91,0.39,1.91,0.76,1.4,0.62,0.51,0.62,1.29,1.7,1.17,0.01,1.17,1.19,1.7,1.34,0.26,1.34,0.97,0.2,0.13,0.18,0.13,0.08,1.1,0.97,0.09,0.97,0.45,0.4,-0.04,0.02,-0.04,0.29,0.6,0.43,0.08,0.43,0.24
7.102999999999989,78.39393939393906,3.518181818181828,73.79878787878759,1.1078787878787815,-29.682727272727096,28.63939393939391,-1.1046363636362349,-5.335242424242252,34.88230303030313,-35.167696969696884,17.507939393939377,-11.196242424242405,93.00539393939393,-59.34312121212106,110.3347878787878,0.5,-0.24,0.07,-0.24,0.22,1.1,0.47,0.13,0.47,0.94,0.4,0.3,0.05,0.3,0.29,1.1,0.09,0.0,0.09,0.98,2.1,1.91,0.39,1.91,0.76,1.4,0.62,0.51,0.62,1.29,1.7,1.17,0.01,1.17,1.19,1.7,1.34,0.26,1.34,0.97,0.2,0.13,0.18,0.13,0.08,1.1,0.97,0.09,0.97,0.45,0.4,-0.04,0.02,-0.04,0.29,0.6,0.43,0.08,0.43,0.24
7.152999999999989,79.90909090909058,3.472727272727283,75.09272727272699,1.1290909090909058,-30.50999999999982,28.7,-1.6064545454544497,-6.113727272727106,34.50200000000008,-35.54254545454537,17.517636363636367,-11.243818181818177,93.05690909090909,-59.94554545454533,110.70236363636356,0.5,-0.24,0.07,-0.24,0.22,1.1,0.47,0.13,0.47,0.94,0.4,0.3,0.05,0.3,0.29,1.009090909090942,0.07181818181818839,0.04545454545452906,0.07181818181818839,0.9254545454545652,2.1,1.91,0.39,1.91,0.76,1.309090909090942,0.5836363636363767,0.5918181818181523,0.5836363636363767,1.1718181818182243,1.7,1.17,0.01,1.17,1.19,1.7,1.3581818181818117,0.2509090909090942,1.3581818181818117,0.9427272727272825,0.2,0.13,0.18,0.13,0.08,1.1,0.97,0.09,0.97,0.45,0.4,-0.012727272727282565,0.03818181818181163,-0.012727272727282565,0.29,0.6,0.43,0.08,0.43,0.24
7.202999999999989,81.42424242424208,3.427272727272738,76.38060606060577,1.1484848484848413,-31.343333333333142,28.557575757575794,-1.7669393939394464,-6.833181818181672,34.46336363636352,-35.93109090909081,17.38336363636369,-11.198363636363654,93.10572727272726,-60.502484848484684,111.04675757575748,0.5,-0.24,0.07,-0.24,0.22,1.1,0.47,0.13,0.47,0.94,0.4,0.3,0.05,0.3,0.29,1.0,0.07,0.05,0.07,0.92,2.1,1.91,0.39,1.91,0.76,1.3,0.58,0.6,0.58,1.16,1.7,1.17,0.01,1.17,1.19,1.7,1.36,0.25,1.36,0.94,0.2,0.13,0.18,0.13,0.08,1.1,0.97,0.09,0.97,0.45,0.4,-0.01,0.04,-0.01,0.29,0.6,0.43,0.08,0.43,0.24
7.252999999999989,82.96874999999966,3.38093750000001,77.6934374999997,1.179374999999993,-32.19281249999981,28.5,-1.5346875000000517,-7.4266562499998745,34.99331249999988,-36.237249999999946,17.15265625000005,-11.144781250000008,93.17628124999997,-61.20818749999985,111.4900312499999,0.5,-0.24,0.07,-0.24,0.22,1.1,0.47,0.13,0.47,0.94,0.4,0.3,0.05,0.3,0.29,1.0,0.07,0.05,0.07,0.92,2.1,1.91,0.39,1.91,0.76,1.3,0.58,0.6,0.58,1.16,1.7,1.17,0.01,1.17,1.19,1.7,1.36,0.25,1.36,0.94,0.2,0.13,0.18,0.13,0.08,1.1,0.97,0.09,0.97,0.45,0.4,-0.01,0.04,-0.01,0.29,0.6,0.43,0.08,0.43,0.24
7.302999999999988,84.48484848484813,3.345454545454556,78.97727272727242,1.2048484848484813,-33.03636363636343,28.354545454545562,-1.3077575757576285,-7.758757575757571,35.510363636363515,-36.35442424242419,16.928242424242477,-11.152212121212115,93.26078787878788,-61.7317575757575,111.84903030303026,0.5,-0.24,0.07,-0.24,0.22,1.1,0.47,0.13,0.47,0.94,0.4,0.3,0.05,0.3,0.29,1.0,0.07,0.05,0.07,0.92,2.1,1.91,0.39,1.91,0.76,1.3,0.58,0.6,0.58,1.16,1.7,1.17,0.01,1.17,1.19,1.7,1.36,0.25,1.36,0.94,0.2,0.13,0.18,0.13,0.08,1.1,0.97,0.09,0.97,0.45,0.4,-0.01,0.04,-0.01,0.29,0.6,0.43,0.08,0.43,0.24
7.352999999999988,86.03030303030266,3.2993939393939464,80.27545454545424,1.22,-33.90696969696949,27.990909090909202,-1.0775151515152057,-7.78245454545454,36.035303030302906,-36.567151515151465,16.699515151515207,-11.18057575757575,93.28342424242423,-62.062454545454464,112.04993939393935,0.5030303030302664,-0.24181818181815984,0.07333333333329306,-0.24181818181815984,0.22181818181815985,1.1,0.46909090909092005,0.12818181818184016,0.46909090909092005,0.9387878787878934,0.40303030303026643,0.29909090909092007,0.050909090909079927,0.29909090909092007,0.2930303030302664,1.0,0.0684848484848668,0.050606060606053285,0.0684848484848668,0.92,2.1,1.90909090909092,0.39181818181815986,1.90909090909092,0.7660606060605328,1.2969696969697335,0.575757575757627,0.6012121212121065,0.575757575757627,1.15909090909092,1.6969696969697337,1.1669696969697336,0.012424242424213128,1.1669696969697336,1.1875757575757868,1.7,1.36272727272724,0.25121212121210656,1.36272727272724,0.9390909090909201,0.1969696969697336,0.12878787878789344,0.18060606060605328,0.12878787878789344,0.08060606060605328,1.1030303030302664,0.9712121212121065,0.09030303030302664,0.9712121212121065,0.44969696969697337,0.40303030303026643,-0.009090909090920076,0.04030303030302664,-0.009090909090920076,0.29060606060605326,0.6,0.43030303030302663,0.07969696969697336,0.43030303030302663,0.23969696969697335
7.402999999999988,87.56249999999963,3.2743750000000036,81.5624999999997,1.2256249999999964,-34.764999999999795,27.53125000000011,-0.7433125000001247,-7.5877500000001366,36.73456249999976,-36.63981250000004,16.503125000000036,-11.110687500000058,93.26606250000002,-62.444499999999884,112.24856249999996,0.6,-0.3,0.18,-0.3,0.28,1.1,0.44,0.07,0.44,0.9,0.5,0.27,0.08,0.27,0.39,1.0,0.02,0.07,0.02,0.92,2.1,1.88,0.45,1.88,0.96,1.2,0.44,0.64,0.44,1.13,1.6,1.07,0.09,1.07,1.11,1.7,1.45,0.29,1.45,0.91,0.1,0.09,0.2,0.09,0.1,1.2,1.01,0.1,1.01,0.44,0.5,0.02,0.05,0.02,0.31,0.6,0.44,0.07,0.44,0.23
7.452999999999988,89.09374999999962,3.249062500000004,82.84874999999967,1.2418749999999923,-35.63249999999978,27.190625000000036,-0.2811562500000774,-6.939500000000191,37.70978124999978,-36.48134375000003,16.465062499999956,-10.816468750000096,93.18762500000001,-62.93987499999987,112.46099999999994,0.6,-0.3,0.18,-0.3,0.28,1.1,0.44,0.07,0.44,0.9,0.5,0.27,0.08,0.27,0.39,1.0,0.02,0.07,0.02,0.92,2.1,1.88,0.45,1.88,0.96,1.2,0.44,0.64,0.44,1.13,1.6,1.07,0.09,1.07,1.11,1.7,1.45,0.29,1.45,0.91,0.1,0.09,0.2,0.09,0.1,1.2,1.01,0.1,1.01,0.44,0.5,0.02,0.05,0.02,0.31,0.6,0.44,0.07,0.44,0.23
7.502999999999988,90.6562499999996,3.233437500000004,84.16124999999967,1.266562499999996,-36.514062499999774,27.23124999999992,-0.12721874999998314,-6.226843750000158,38.26790624999997,-36.34350000000004,16.78921874999987,-10.47021875000007,93.12415625000003,-63.483593749999855,112.71296874999994,0.6,-0.3,0.18,-0.3,0.28,1.1,0.44,0.07,0.44,0.9,0.5,0.27,0.08,0.27,0.39,1.0,0.02,0.07,0.02,0.92,2.1,1.88,0.45,1.88,0.96,1.2,0.44,0.64,0.44,1.13,1.6,1.07,0.09,1.07,1.11,1.7,1.45,0.29,1.45,0.91,0.1,0.09,0.2,0.09,0.1,1.2,1.01,0.1,1.01,0.44,0.5,0.02,0.05,0.02,0.31,0.6,0.44,0.07,0.44,0.23
7.5529999999999875,92.18749999999962,3.218125000000004,85.43562499999969,1.2818749999999963,-37.38874999999978,27.574999999999847,-0.28624999999993433,-5.743750000000059,38.45143749999987,-36.265062499999964,17.35424999999985,-10.278062500000008,93.068375,-64.04193749999986,112.98049999999992,0.6,-0.3,0.18,-0.3,0.28,1.1,0.44,0.07,0.44,0.9,0.5,0.27,0.08,0.27,0.39,1.0,0.02,0.07,0.02,0.92,2.1,1.88,0.45,1.88,0.96,1.2,0.44,0.64,0.44,1.13,1.6,1.07,0.09,1.07,1.11,1.7,1.45,0.29,1.45,0.91,0.1,0.09,0.2,0.09,0.1,1.2,1.01,0.1,1.01,0.44,0.5,0.02,0.05,0.02,0.31,0.6,0.44,0.07,0.44,0.23
7.602999999999987,93.74999999999962,3.21,86.73999999999968,1.3049999999999922,-38.28749999999978,28.199999999999847,-0.6802499999998683,-5.623749999999997,38.573000000000086,-36.253500000000045,17.943749999999863,-10.274499999999993,93.04725,-64.66374999999984,113.31624999999991,0.6,-0.3,0.18,-0.3,0.28,1.1,0.44,0.07,0.44,0.9,0.5,0.27,0.08,0.27,0.39,1.0,0.02,0.07,0.02,0.92,2.1,1.88,0.45,1.88,0.96,1.2,0.44,0.64,0.44,1.13,1.6,1.07,0.09,1.07,1.11,1.7,1.45,0.29,1.45,0.91,0.1,0.09,0.2,0.09,0.1,1.2,1.01,0.1,1.01,0.44,0.5,0.02,0.05,0.02,0.31,0.6,0.44,0.07,0.44,0.23
7.652999999999987,95.3124999999996,3.203750000000008,88.03624999999967,1.3262499999999922,-39.19124999999977,28.6,-1.2966249999998347,-5.804499999999902,38.24706249999995,-35.655375000000326,18.392937499999935,-10.313874999999992,93.02468750000001,-65.29349999999987,113.65868749999993,0.6,-0.32,0.17,-0.32,0.31,1.1,0.41,0.04,0.41,0.89,0.6,0.27,0.2,0.27,0.54,1.0,0.01,0.09,0.01,0.9,1.9,1.68,0.15,1.68,0.78,1.2,0.42,0.6,0.42,1.13,1.6,0.99,0.05,0.99,1.21,1.7,1.41,0.23,1.41,0.93,0.2,0.12,0.13,0.12,0.17,1.2,1.05,0.08,1.05,0.44,0.5,0.06,0.07,0.06,0.34,0.6,0.44,0.07,0.44,0.23
7.702999999999987,96.8749999999996,3.19,89.32624999999967,1.3487499999999961,-40.09749999999977,28.68749999999996,-1.9497499999998316,-6.1998749999998966,38.44324999999995,-34.6550000000002,18.648499999999935,-10.301875000000013,93.07162499999997,-65.72724999999991,113.94612499999992,0.6,-0.32,0.17,-0.32,0.31,1.1,0.41,0.04,0.41,0.89,0.6,0.27,0.2,0.27,0.54,1.0,0.01,0.09,0.01,0.9,1.9,1.68,0.15,1.68,0.78,1.2,0.42,0.6,0.42,1.13,1.6,0.99,0.05,0.99,1.21,1.7,1.41,0.23,1.41,0.93,0.2,0.12,0.13,0.12,0.17,1.2,1.05,0.08,1.05,0.44,0.5,0.06,0.07,0.06,0.34,0.6,0.44,0.07,0.44,0.23
7.752999999999987,98.4516129032254,3.19,90.62032258064481,1.354516129032254,-41.01193548387072,28.95483870967746,-2.566935483870829,-6.633483870967617,38.497193548387166,-34.148967741935635,18.82896774193548,-10.200580645161322,93.2128709677419,-66.00429032258059,114.2210967741935,0.6,-0.32,0.17,-0.32,0.31,1.1,0.41,0.04,0.41,0.89,0.6,0.27,0.2,0.27,0.54,1.0,0.01,0.09,0.01,0.9,1.9,1.68,0.15,1.68,0.78,1.2,0.42,0.6,0.42,1.13,1.6,0.99,0.05,0.99,1.21,1.7,1.41,0.23,1.41,0.93,0.2,0.12,0.13,0.12,0.17,1.2,1.05,0.08,1.05,0.44,0.5,0.06,0.07,0.06,0.34,0.6,0.44,0.07,0.44,0.23
7.802999999999987,100.03225806451572,3.18,91.91645161290288,1.37,-41.92870967741911,28.8,-2.9709677419354454,-7.163225806451441,38.578129032257856,-33.85399999999992,18.807935483870992,-10.150935483870942,93.30490322580643,-66.30387096774182,114.46848387096765,0.6,-0.32,0.17,-0.32,0.31,1.1,0.41,0.04,0.41,0.89,0.6,0.27,0.2,0.27,0.54,1.0,0.01,0.09,0.01,0.9,1.9,1.68,0.15,1.68,0.78,1.2,0.42,0.6,0.42,1.13,1.6,0.99,0.05,0.99,1.21,1.7,1.41,0.23,1.41,0.93,0.2,0.12,0.13,0.12,0.17,1.2,1.05,0.08,1.05,0.44,0.5,0.06,0.07,0.06,0.34,0.6,0.44,0.07,0.44,0.23
7.852999999999986,101.62499999999957,3.1737500000000045,93.21624999999965,1.3824999999999914,-42.85249999999975,28.8,-3.032500000000019,-7.769374999999855,39.14887499999994,-34.00025000000002,18.687875000000037,-10.210874999999998,93.45137499999996,-66.74312499999988,114.8423749999999,0.6,-0.32,0.17,-0.32,0.31,1.1,0.41,0.04,0.41,0.89,0.6,0.27,0.2,0.27,0.54,1.0,0.01,0.09,0.01,0.9,1.9,1.68,0.15,1.68,0.78,1.2,0.42,0.6,0.42,1.13,1.6,0.99,0.05,0.99,1.21,1.7,1.41,0.23,1.41,0.93,0.2,0.12,0.13,0.12,0.17,1.2,1.05,0.08,1.05,0.44,0.5,0.06,0.07,0.06,0.34,0.6,0.44,0.07,0.44,0.23
7.902999999999986,103.22580645161247,3.1577419354838754,94.51516129032223,1.3922580645161247,-43.78096774193523,28.754838709677507,-2.939000000000027,-8.207451612903158,39.31377419354835,-33.95658064516126,18.5363225806452,-10.09364516129042,93.58912903225803,-67.18922580645149,115.21399999999991,0.6,-0.32,0.17,-0.32,0.31,1.1,0.41,0.04,0.41,0.89,0.6,0.27,0.2,0.27,0.54,0.9,0.02,0.11,0.02,0.87,1.9,1.68,0.15,1.68,0.78,1.2,0.34,0.55,0.34,1.16,1.6,0.99,0.05,0.99,1.21,1.7,1.43,0.17,1.43,0.86,0.2,0.12,0.13,0.12,0.17,1.2,1.05,0.08,1.05,0.44,0.5,0.05,0.06,0.05,0.35,0.6,0.44,0.07,0.44,0.23
7.952999999999986,104.81249999999957,3.141875000000004,95.80812499999965,1.4,-44.70937499999975,28.193750000000215,-2.760187500000068,-8.455749999999934,39.56212499999991,-34.06687499999997,18.391312500000037,-9.740625000000094,93.645875,-67.57743749999992,115.48681249999994,0.6,-0.32,0.17,-0.32,0.31,1.1,0.41,0.04,0.41,0.89,0.6,0.27,0.2,0.27,0.54,0.9,0.02,0.11,0.02,0.87,1.9,1.68,0.15,1.68,0.78,1.2,0.34,0.55,0.34,1.16,1.6,0.99,0.05,0.99,1.21,1.7,1.43,0.17,1.43,0.86,0.2,0.12,0.13,0.12,0.17,1.2,1.05,0.08,1.05,0.44,0.5,0.05,0.06,0.05,0.35,0.6,0.44,0.07,0.44,0.23
8.002999999999986,106.41935483870921,3.115806451612908,97.10967741935445,1.414193548387092,-45.65741935483843,27.65806451612908,-2.438612903225903,-8.563580645161348,40.06864516129012,-34.20616129032253,18.270096774193576,-9.518870967741915,93.61200000000001,-67.89509677419345,115.64545161290317,0.6,-0.32,0.17,-0.32,0.31,1.1,0.41,0.04,0.41,0.89,0.6,0.27,0.2,0.27,0.54,0.9,0.02,0.11,0.02,0.87,1.9,1.68,0.15,1.68,0.78,1.2,0.34,0.55,0.34,1.16,1.6,0.99,0.05,0.99,1.21,1.7,1.43,0.17,1.43,0.86,0.2,0.12,0.13,0.12,0.17,1.2,1.05,0.08,1.05,0.44,0.5,0.05,0.06,0.05,0.35,0.6,0.44,0.07,0.44,0.23
8.052999999999987,108.03225806451572,3.089677419354843,98.41612903225773,1.43,-46.609032258064275,27.6,-2.194806451612919,-8.360967741935536,40.65554838709668,-34.402903225806405,18.23035483870966,-9.590419354838692,93.58545161290321,-68.34790322580628,115.88993548387087,0.6,-0.32,0.17,-0.32,0.31,1.1,0.41,0.04,0.41,0.89,0.6,0.27,0.2,0.27,0.54,0.9,0.02,0.11,0.02,0.87,1.9,1.68,0.15,1.68,0.78,1.2,0.34,0.55,0.34,1.16,1.6,0.99,0.05,0.99,1.21,1.7,1.43,0.17,1.43,0.86,0.2,0.12,0.13,0.12,0.17,1.2,1.05,0.08,1.05,0.44,0.5,0.05,0.06,0.05,0.35,0.6,0.44,0.07,0.44,0.23
8.102999999999986,109.6451612903221,3.067096774193558,99.7225806451609,1.43,-47.56709677419326,27.664516129032208,-2.2080322580644793,-8.16000000000006,40.83941935483874,-34.59806451612897,18.337451612903177,-9.661387096774172,93.58222580645162,-68.96725806451596,116.25251612903216,0.6,-0.32,0.17,-0.32,0.31,1.1,0.41,0.04,0.41,0.89,0.6,0.27,0.2,0.27,0.54,0.9,0.02,0.11,0.02,0.87,1.9,1.68,0.15,1.68,0.78,1.2,0.34,0.55,0.34,1.16,1.6,0.99,0.05,0.99,1.21,1.7,1.43,0.17,1.43,0.86,0.2,0.12,0.13,0.12,0.17,1.2,1.05,0.08,1.05,0.44,0.5,0.05,0.06,0.05,0.35,0.6,0.44,0.07,0.44,0.23
8.152999999999984,111.25806451612854,3.0348387096774294,101.01903225806412,1.4451612903225708,-48.52483870967712,27.925806451612853,-2.296161290322586,-7.959000000000061,40.67525806451619,-34.79322580645155,18.430129032258087,-9.732354838709655,93.59416129032253,-69.39387096774189,116.51516129032252,0.6,-0.27,0.14,-0.27,0.35,1.0,0.35,0.03,0.35,0.85,0.6,0.32,0.15,0.32,0.42,0.9,0.04,0.11,0.04,0.84,1.5,1.12,0.15,1.12,1.02,1.2,0.3,0.5,0.3,1.17,1.7,0.86,0.02,0.86,1.42,1.7,1.44,0.14,1.44,0.83,0.3,0.11,0.02,0.11,0.28,1.1,1.02,0.0,1.02,0.46,0.5,0.05,0.05,0.05,0.35,0.7,0.52,0.14,0.52,0.24
8.202999999999985,112.87096774193499,3.0025806451613004,102.31677419354799,1.4687096774193498,-49.483870967741645,28.0870967741935,-2.2792903225806502,-7.758129032258127,40.477741935483934,-34.9875161290322,18.355935483870994,-9.803322580645139,93.7272903225806,-69.518064516129,116.69654838709671,0.6,-0.27,0.14,-0.27,0.35,1.0,0.35,0.03,0.35,0.85,0.6,0.32,0.15,0.32,0.42,0.9,0.04,0.11,0.04,0.84,1.5,1.12,0.15,1.12,1.02,1.2,0.3,0.5,0.3,1.17,1.7,0.86,0.02,0.86,1.42,1.7,1.44,0.14,1.44,0.83,0.3,0.11,0.02,0.11,0.28,1.1,1.02,0.0,1.02,0.46,0.5,0.05,0.05,0.05,0.35,0.7,0.52,0.14,0.52,0.24
8.252999999999986,114.48387096774148,2.97032258064517,103.61709677419319,1.4803225806451703,-50.45032258064489,28.151612903225853,-2.262161290322585,-7.593903225806478,40.28145161290328,-35.09864516129034,18.28174193548389,-9.979548387096665,93.83496774193547,-69.79599999999984,116.9479999999999,0.6,-0.27,0.14,-0.27,0.35,1.0,0.35,0.03,0.35,0.85,0.6,0.32,0.15,0.32,0.42,0.9,0.04,0.11,0.04,0.84,1.5,1.12,0.15,1.12,1.02,1.2,0.3,0.5,0.3,1.17,1.7,0.86,0.02,0.86,1.42,1.7,1.44,0.14,1.44,0.83,0.3,0.11,0.02,0.11,0.28,1.1,1.02,0.0,1.02,0.46,0.5,0.05,0.05,0.05,0.35,0.7,0.52,0.14,0.52,0.24
8.302999999999985,116.09999999999947,2.9380000000000104,104.91999999999958,1.4590000000000052,-51.41999999999968,27.99000000000005,-2.2459000000000056,-7.50340000000003,40.08490000000006,-35.03400000000002,18.207500000000024,-10.375499999999871,93.88929999999998,-70.3961999999998,117.34999999999987,0.6,-0.27,0.14,-0.27,0.35,1.0,0.35,0.03,0.35,0.85,0.6,0.32,0.15,0.32,0.42,0.9,0.04,0.11,0.04,0.84,1.5,1.12,0.15,1.12,1.02,1.2,0.3,0.5,0.3,1.17,1.7,0.86,0.02,0.86,1.42,1.7,1.44,0.14,1.44,0.83,0.3,0.11,0.02,0.11,0.28,1.1,1.02,0.0,1.02,0.46,0.5,0.05,0.05,0.05,0.35,0.7,0.52,0.14,0.52,0.24
8.352999999999984,117.74193548387044,2.897741935483887,106.23354838709633,1.4574193548387042,-52.40516129032226,28.345161290322256,-2.121741935483954,-7.411451612903257,39.86248387096782,-34.96832258064518,18.14622580645163,-10.778516129032125,93.9842903225806,-70.79258064516124,117.66403225806445,0.6,-0.27,0.14,-0.27,0.35,1.0,0.35,0.03,0.35,0.85,0.6,0.32,0.15,0.32,0.42,0.9,0.04,0.11,0.04,0.84,1.5,1.12,0.15,1.12,1.02,1.2,0.3,0.5,0.3,1.17,1.7,0.86,0.02,0.86,1.42,1.7,1.44,0.14,1.44,0.83,0.3,0.11,0.02,0.11,0.28,1.1,1.02,0.0,1.02,0.46,0.5,0.05,0.05,0.05,0.35,0.7,0.52,0.14,0.52,0.24
8.402999999999984,119.36666666666615,2.862666666666677,107.53333333333292,1.4836666666666616,-53.38366666666635,29.1,-1.7931000000001216,-7.336100000000014,39.493066666666856,-34.97346666666662,18.14129999999998,-11.045433333333337,94.11676666666665,-70.89819999999992,117.83293333333327,0.5,-0.21,0.06,-0.21,0.35,1.0,0.32,0.06,0.32,0.83,0.6,0.33,0.1,0.33,0.32,0.9,0.04,0.11,0.04,0.84,1.8,1.36,0.14,1.36,1.23,1.2,0.28,0.42,0.28,1.21,1.7,0.69,0.04,0.69,1.53,1.6,1.39,0.07,1.39,0.81,0.3,0.08,0.02,0.08,0.33,1.1,1.03,0.01,1.03,0.46,0.4,0.06,0.03,0.06,0.34,0.7,0.53,0.16,0.53,0.22
8.452999999999985,120.99999999999955,2.8200000000000136,108.83999999999963,1.49,-54.36999999999972,29.1,-1.3580000000001307,-7.247000000000033,39.012000000000114,-35.13499999999995,18.23599999999997,-10.903000000000064,94.18099999999998,-71.08399999999996,117.99599999999995,0.5,-0.21,0.06,-0.21,0.35,1.0,0.32,0.06,0.32,0.83,0.6,0.33,0.1,0.33,0.32,0.9,0.04,0.11,0.04,0.84,1.8,1.36,0.14,1.36,1.23,1.2,0.28,0.42,0.28,1.21,1.7,0.69,0.04,0.69,1.53,1.6,1.39,0.07,1.39,0.81,0.3,0.08,0.02,0.08,0.33,1.1,1.03,0.01,1.03,0.46,0.4,0.06,0.03,0.06,0.34,0.7,0.53,0.16,0.53,0.22
8.502999999999984,122.63333333333281,2.7873333333333434,110.14666666666625,1.49,-55.35999999999969,28.773333333333436,-0.7731333333335414,-7.015833333333429,38.91389999999997,-35.36533333333323,18.38946666666662,-10.446600000000164,94.2196,-71.19159999999994,118.09136666666662,0.5,-0.21,0.06,-0.21,0.35,1.0,0.32,0.06,0.32,0.83,0.6,0.33,0.1,0.33,0.32,0.9,0.04,0.11,0.04,0.84,1.8,1.36,0.14,1.36,1.23,1.2,0.28,0.42,0.28,1.21,1.7,0.69,0.04,0.69,1.53,1.6,1.39,0.07,1.39,0.81,0.3,0.08,0.02,0.08,0.33,1.1,1.03,0.01,1.03,0.46,0.4,0.06,0.03,0.06,0.34,0.7,0.53,0.16,0.53,0.22
8.552999999999983,124.26666666666611,2.7520000000000167,111.45333333333289,1.49,-56.342666666666325,28.47333333333339,-0.13880000000019035,-6.698933333333444,38.98160000000002,-35.60826666666664,18.565333333333246,-9.959400000000137,94.19613333333336,-71.35546666666666,118.17173333333336,0.5,-0.21,0.06,-0.21,0.35,1.0,0.32,0.06,0.32,0.83,0.6,0.33,0.1,0.33,0.32,0.9,0.04,0.11,0.04,0.84,1.8,1.36,0.14,1.36,1.23,1.2,0.28,0.42,0.28,1.21,1.7,0.69,0.04,0.69,1.53,1.6,1.39,0.07,1.39,0.81,0.3,0.08,0.02,0.08,0.33,1.1,1.03,0.01,1.03,0.46,0.4,0.06,0.03,0.06,0.34,0.7,0.53,0.16,0.53,0.22
8.602999999999984,125.90322580645109,2.711935483870978,112.75354838709636,1.49,-57.34096774193517,28.49032258064511,0.3784516129030731,-6.358806451613015,39.02977419354834,-35.79283870967733,18.848806451612806,-9.635387096774275,94.12261290322583,-71.44358064516125,118.16599999999998,0.5,-0.21,0.06,-0.21,0.35,1.0,0.32,0.06,0.32,0.83,0.6,0.33,0.1,0.33,0.32,0.9,0.04,0.11,0.04,0.84,1.8,1.36,0.14,1.36,1.23,1.2,0.28,0.42,0.28,1.21,1.7,0.69,0.04,0.69,1.53,1.6,1.39,0.07,1.39,0.81,0.3,0.08,0.02,0.08,0.33,1.1,1.03,0.01,1.03,0.46,0.4,0.06,0.03,0.06,0.34,0.7,0.53,0.16,0.53,0.22
8.652999999999984,127.54838709677371,2.6790322580645256,114.06870967741897,1.49,-58.33451612903196,28.764516129032113,0.7470322580644506,-6.045548387096835,39.39777419354821,-35.86300000000016,19.22416129032245,-9.528709677419343,94.11745161290322,-71.65345161290317,118.28903225806448,0.5,-0.21,0.06,-0.21,0.35,1.0,0.32,0.06,0.32,0.83,0.6,0.33,0.1,0.33,0.32,0.9,0.03,0.11,0.03,0.82,1.8,1.36,0.14,1.36,1.23,1.4,0.17,0.27,0.17,1.34,1.7,0.69,0.04,0.69,1.53,1.5,1.32,0.01,1.32,0.76,0.3,0.08,0.02,0.08,0.33,1.1,1.03,0.01,1.03,0.46,0.4,0.06,0.01,0.06,0.34,0.7,0.53,0.16,0.53,0.22
8.702999999999983,129.19354838709626,2.6461290322580746,115.38290322580605,1.49,-59.33806451612872,29.25806451612888,0.8803870967742085,-5.879580645161321,39.763645161290356,-35.34948387096786,19.692419354838552,-9.573612903225792,94.09129032258066,-71.85048387096768,118.38819354838708,0.5,-0.21,0.06,-0.21,0.35,1.0,0.32,0.06,0.32,0.83,0.6,0.33,0.1,0.33,0.32,0.9,0.03,0.11,0.03,0.82,1.8,1.36,0.14,1.36,1.23,1.4,0.17,0.27,0.17,1.34,1.7,0.69,0.04,0.69,1.53,1.5,1.32,0.01,1.32,0.76,0.3,0.08,0.02,0.08,0.33,1.1,1.03,0.01,1.03,0.46,0.4,0.06,0.01,0.06,0.34,0.7,0.53,0.16,0.53,0.22
8.752999999999982,130.83333333333277,2.605000000000017,116.68666666666621,1.49,-60.329999999999664,29.83333333333311,0.6486666666668073,-5.8344999999999985,39.71966666666666,-35.15233333333334,20.275833333333107,-9.605333333333327,94.03666666666668,-72.05249999999992,118.46733333333329,0.5,-0.21,0.06,-0.21,0.35,1.0,0.32,0.06,0.32,0.83,0.6,0.33,0.1,0.33,0.32,0.9,0.03,0.11,0.03,0.82,1.8,1.36,0.14,1.36,1.23,1.4,0.17,0.27,0.17,1.34,1.7,0.69,0.04,0.69,1.53,1.5,1.32,0.01,1.32,0.76,0.3,0.08,0.02,0.08,0.33,1.1,1.03,0.01,1.03,0.46,0.4,0.06,0.01,0.06,0.34,0.7,0.53,0.16,0.53,0.22
8.802999999999983,132.4666666666661,2.570666666666678,117.97866666666621,1.48,-61.329333333332976,30.53999999999983,-0.04399999999964799,-5.924599999999933,39.67466666666677,-34.93873333333366,20.991999999999752,-9.585933333333358,94.03133333333332,-72.31539999999988,118.62293333333325,0.5,-0.21,0.06,-0.21,0.35,1.0,0.32,0.06,0.32,0.83,0.6,0.33,0.1,0.33,0.32,0.9,0.03,0.11,0.03,0.82,1.8,1.36,0.14,1.36,1.23,1.4,0.17,0.27,0.17,1.34,1.7,0.69,0.04,0.69,1.53,1.5,1.32,0.01,1.32,0.76,0.3,0.08,0.02,0.08,0.33,1.1,1.03,0.01,1.03,0.46,0.4,0.06,0.01,0.06,0.34,0.7,0.53,0.16,0.53,0.22
8.852999999999984,134.12903225806397,2.5274193548387203,119.30193548387055,1.48,-62.34870967741903,31.025806451612798,-1.101999999999637,-6.051451612903232,39.29293548387114,-34.319741935483854,21.623935483870827,-9.490516129032306,94.08283870967739,-72.57022580645159,118.81893548387093,0.5,-0.19838709677424146,0.053548387096800806,-0.19838709677424146,0.3603225806451187,1.0,0.3187096774193602,0.061290322580639836,0.3187096774193602,0.83,0.5870967741936016,0.32483870967744066,0.08838709677424146,0.32483870967744066,0.31354838709680083,0.9,0.03,0.10741935483872032,0.03,0.8238709677419195,1.8129032258063984,1.3961290322579156,0.14903225806447887,1.3961290322579156,1.1964516129033642,1.4129032258063983,0.1661290322580805,0.2519354838710423,0.1661290322580805,1.3541935483870382,1.7,0.6835483870968008,0.03870967741936016,0.6835483870968008,1.5325806451612798,1.5,1.3174193548387203,0.013870967741919513,1.3174193548387203,0.7574193548387204,0.31290322580639834,0.07483870967744065,0.02516129032255935,0.07483870967744065,0.33516129032255937,1.1,1.03,0.012580645161279675,1.03,0.4574193548387203,0.4,0.061290322580639836,0.01,0.061290322580639836,0.34,0.7,0.5338709677419196,0.15870967741936015,0.5338709677419196,0.21354838709680082
8.902999999999983,135.76666666666608,2.4946666666666784,120.5956666666662,1.48,-63.34766666666631,31.12333333333339,-2.0639999999997185,-5.943633333333407,38.80583333333349,-34.28060000000005,21.82770000000002,-9.377733333333362,94.18879999999994,-72.66269999999997,118.96036666666662,0.5,-0.12,0.01,-0.12,0.43,1.0,0.31,0.07,0.31,0.83,0.5,0.29,0.01,0.29,0.27,0.9,0.03,0.09,0.03,0.85,1.9,1.64,0.21,1.64,0.97,1.5,0.14,0.13,0.14,1.45,1.7,0.64,0.03,0.64,1.55,1.5,1.3,0.04,1.3,0.74,0.4,0.04,0.06,0.04,0.37,1.1,1.03,0.03,1.03,0.44,0.4,0.07,0.01,0.07,0.34,0.7,0.56,0.15,0.56,0.17
8.952999999999982,137.4193548387091,2.465806451612909,121.91129032258019,1.47,-64.35580645161254,30.81612903225818,-2.6782580645159824,-5.639774193548527,38.46619354838717,-34.14822580645162,21.532129032258254,-9.399387096774127,94.32864516129028,-72.76812903225802,119.13522580645154,0.5,-0.12,0.01,-0.12,0.43,1.0,0.31,0.07,0.31,0.83,0.5,0.29,0.01,0.29,0.27,0.9,0.03,0.09,0.03,0.85,1.9,1.64,0.21,1.64,0.97,1.5,0.14,0.13,0.14,1.45,1.7,0.64,0.03,0.64,1.55,1.5,1.3,0.04,1.3,0.74,0.4,0.04,0.06,0.04,0.37,1.1,1.03,0.03,1.03,0.44,0.4,0.07,0.01,0.07,0.34,0.7,0.56,0.15,0.56,0.17
9.002999999999982,139.0666666666661,2.438666666666678,123.21333333333287,1.47,-65.37066666666631,30.49333333333339,-3.0205333333332685,-5.213933333333506,38.226933333333456,-34.152866666666654,20.972133333333545,-9.62779999999989,94.46393333333329,-72.9086666666666,119.32799999999992,0.5,-0.12,0.01,-0.12,0.43,1.0,0.31,0.07,0.31,0.83,0.5,0.29,0.01,0.29,0.27,0.9,0.03,0.09,0.03,0.85,1.9,1.64,0.21,1.64,0.97,1.5,0.14,0.13,0.14,1.45,1.7,0.64,0.03,0.64,1.55,1.5,1.3,0.04,1.3,0.74,0.4,0.04,0.06,0.04,0.37,1.1,1.03,0.03,1.03,0.44,0.4,0.07,0.01,0.07,0.34,0.7,0.56,0.15,0.56,0.17
9.052999999999983,140.73333333333275,2.4053333333333446,124.53933333333288,1.4626666666666723,-66.38733333333299,30.253333333333448,-3.060000000000051,-4.85086666666673,37.67946666666694,-34.263333333333264,20.27420000000027,-10.054866666666474,94.5623333333333,-73.02399999999997,119.47666666666663,0.5,-0.12,0.01,-0.12,0.43,1.0,0.31,0.07,0.31,0.83,0.5,0.29,0.01,0.29,0.27,0.9,0.03,0.09,0.03,0.85,1.9,1.64,0.21,1.64,0.97,1.5,0.14,0.13,0.14,1.45,1.7,0.64,0.03,0.64,1.55,1.5,1.3,0.04,1.3,0.74,0.4,0.04,0.06,0.04,0.37,1.1,1.03,0.03,1.03,0.44,0.4,0.07,0.01,0.07,0.34,0.7,0.56,0.15,0.56,0.17
9.102999999999982,142.3999999999994,2.382000000000012,125.85999999999953,1.46,-67.40799999999963,30.02000000000012,-2.7170000000002164,-4.8565999999999,36.90600000000019,-34.660799999999725,19.407000000000338,-10.678199999999768,94.5992,-73.06839999999997,119.5328,0.5,-0.12,0.01,-0.12,0.43,1.0,0.31,0.07,0.31,0.83,0.5,0.29,0.01,0.29,0.27,0.9,0.03,0.09,0.03,0.85,1.9,1.64,0.21,1.64,0.97,1.5,0.14,0.13,0.14,1.45,1.7,0.64,0.03,0.64,1.55,1.5,1.3,0.04,1.3,0.74,0.4,0.04,0.06,0.04,0.37,1.1,1.03,0.03,1.03,0.44,0.4,0.07,0.01,0.07,0.34,0.7,0.56,0.15,0.56,0.17
9.152999999999981,144.03333333333273,2.3593333333333453,127.15633333333284,1.45,-68.41033333333296,29.693333333333456,-2.1091333333335696,-5.251233333333091,36.512400000000035,-35.45709999999967,18.519833333333633,-11.238899999999855,94.59693333333333,-73.1542333333333,119.5833333333333,0.4,-0.07,0.08,-0.07,0.4,1.0,0.31,0.07,0.31,0.84,0.5,0.3,0.01,0.3,0.29,1.0,-0.01,0.05,-0.01,0.88,1.4,1.19,0.32,1.19,0.81,1.6,0.08,0.06,0.08,1.59,1.5,0.65,0.11,0.65,1.39,1.5,1.26,0.06,1.26,0.78,0.4,0.04,0.07,0.04,0.37,1.0,0.95,0.15,0.95,0.33,0.4,0.05,0.03,0.05,0.33,0.7,0.56,0.12,0.56,0.13
9.202999999999982,145.6999999999994,2.326000000000012,128.47299999999953,1.45,-69.43399999999963,29.220000000000244,-1.4406000000002575,-6.068299999999622,36.379200000000075,-36.00089999999998,17.735300000000276,-11.47919999999999,94.61529999999998,-73.30089999999993,119.68779999999994,0.4,-0.07,0.08,-0.07,0.4,1.0,0.31,0.07,0.31,0.84,0.5,0.3,0.01,0.3,0.29,1.0,-0.01,0.05,-0.01,0.88,1.4,1.19,0.32,1.19,0.81,1.6,0.08,0.06,0.08,1.59,1.5,0.65,0.11,0.65,1.39,1.5,1.26,0.06,1.26,0.78,0.4,0.04,0.07,0.04,0.37,1.0,0.95,0.15,0.95,0.33,0.4,0.05,0.03,0.05,0.33,0.7,0.56,0.12,0.56,0.13
9.252999999999982,147.36666666666605,2.3063333333333396,129.7896666666662,1.4463333333333395,-70.45733333333295,28.45333333333358,-0.7824666666668655,-7.168033333332924,36.04176666666688,-35.89420000000005,17.049700000000207,-11.440633333333352,94.59220000000006,-73.51523333333326,119.8018,0.4,-0.07,0.08,-0.07,0.4,1.0,0.31,0.07,0.31,0.84,0.5,0.3,0.01,0.3,0.29,1.0,-0.01,0.05,-0.01,0.88,1.4,1.19,0.32,1.19,0.81,1.6,0.08,0.06,0.08,1.59,1.5,0.65,0.11,0.65,1.39,1.5,1.26,0.06,1.26,0.78,0.4,0.04,0.07,0.04,0.37,1.0,0.95,0.15,0.95,0.33,0.4,0.05,0.03,0.05,0.33,0.7,0.56,0.12,0.56,0.13
9.302999999999981,149.03333333333273,2.279333333333345,131.10633333333286,1.43,-71.48066666666628,27.896666666666725,-0.4256333333333217,-8.253366666666293,35.72453333333325,-35.274600000000596,16.616800000000058,-11.343166666666736,94.54823333333324,-73.89486666666642,120.0006333333331,0.4,-0.07,0.08,-0.07,0.4,1.0,0.31,0.07,0.31,0.84,0.5,0.3,0.01,0.3,0.29,1.0,-0.01,0.05,-0.01,0.88,1.4,1.19,0.32,1.19,0.81,1.6,0.08,0.06,0.08,1.59,1.5,0.65,0.11,0.65,1.39,1.5,1.26,0.06,1.26,0.78,0.4,0.04,0.07,0.04,0.37,1.0,0.95,0.15,0.95,0.33,0.4,0.05,0.03,0.05,0.33,0.7,0.56,0.12,0.56,0.13
9.35299999999998,150.67741935483807,2.2532258064516193,132.40516129032207,1.43,-72.4999999999996,27.664516129032386,-0.45687096774192343,-8.953741935483768,35.95016129032249,-33.530225806452364,16.45761290322587,-11.202870967741962,94.45545161290346,-74.08700000000019,120.04590322580675,0.4,-0.07,0.08,-0.07,0.4,1.0,0.31,0.07,0.31,0.84,0.5,0.3,0.01,0.3,0.29,1.0,-0.01,0.05,-0.01,0.88,1.4,1.19,0.32,1.19,0.81,1.6,0.08,0.06,0.08,1.59,1.5,0.65,0.11,0.65,1.39,1.5,1.26,0.06,1.26,0.78,0.4,0.04,0.07,0.04,0.37,1.0,0.95,0.15,0.95,0.33,0.4,0.05,0.03,0.05,0.33,0.7,0.56,0.12,0.56,0.13
9.402999999999981,152.3333333333327,2.2366666666666735,133.71333333333283,1.43,-73.51333333333294,27.5,-0.6246666666664876,-9.105666666666618,35.98533333333348,-31.515666666667457,16.36866666666664,-11.151666666666685,93.95200000000003,-73.62433333333334,119.36666666666667,0.4,-0.07,0.08,-0.07,0.4,1.0,0.31,0.07,0.31,0.84,0.5,0.3,0.01,0.3,0.29,1.0,-0.03,0.03,-0.03,0.9,1.4,1.19,0.32,1.19,0.81,1.7,-0.01,0.18,-0.01,1.69,1.5,0.65,0.11,0.65,1.39,1.5,1.26,0.06,1.26,0.78,0.4,0.04,0.07,0.04,0.37,1.0,0.95,0.15,0.95,0.33,0.4,0.05,0.03,0.05,0.33,0.7,0.56,0.12,0.56,0.13
9.452999999999982,153.9999999999994,2.210000000000012,135.01999999999956,1.420000000000006,-74.53999999999964,27.59999999999994,-1.1329999999998075,-9.228999999999955,35.79900000000002,-29.500000000000714,16.568999999999896,-11.106000000000016,93.99699999999996,-73.72299999999994,119.46199999999993,0.4,-0.07,0.08,-0.07,0.4,1.0,0.31,0.07,0.31,0.84,0.5,0.3,0.01,0.3,0.29,1.0,-0.03,0.03,-0.03,0.9,1.4,1.19,0.32,1.19,0.81,1.7,-0.01,0.18,-0.01,1.69,1.5,0.65,0.11,0.65,1.39,1.5,1.26,0.06,1.26,0.78,0.4,0.04,0.07,0.04,0.37,1.0,0.95,0.15,0.95,0.33,0.4,0.05,0.03,0.05,0.33,0.7,0.56,0.12,0.56,0.13
9.50299999999998,155.6896551724131,2.159310344827607,136.34482758620635,1.4031034482758689,-75.59448275862026,28.03793103448262,-1.7574827586204365,-9.353344827586156,36.02879310344818,-27.470724137931857,17.055620689654972,-11.059379310344847,94.24706896551714,-74.0457241379309,119.85837931034466,0.4,-0.07,0.08,-0.07,0.4,1.0,0.31,0.07,0.31,0.84,0.5,0.3,0.01,0.3,0.29,1.0,-0.03,0.03,-0.03,0.9,1.4,1.19,0.32,1.19,0.81,1.7,-0.01,0.18,-0.01,1.69,1.5,0.65,0.11,0.65,1.39,1.5,1.26,0.06,1.26,0.78,0.4,0.04,0.07,0.04,0.37,1.0,0.95,0.15,0.95,0.33,0.4,0.05,0.03,0.05,0.33,0.7,0.56,0.12,0.56,0.13
9.55299999999998,157.366666666666,2.11266666666668,137.6559999999995,1.39,-76.63366666666626,28.4099999999998,-2.375933333333087,-9.382966666666734,36.25549999999991,-25.67633333333386,17.55706666666645,-11.074899999999941,94.43383333333331,-74.35469999999988,120.19676666666658,0.4,-0.07,0.08,-0.07,0.4,1.0,0.31,0.07,0.31,0.84,0.5,0.3,0.01,0.3,0.29,1.0,-0.03,0.03,-0.03,0.9,1.4,1.19,0.32,1.19,0.81,1.7,-0.01,0.18,-0.01,1.69,1.5,0.65,0.11,0.65,1.39,1.5,1.26,0.06,1.26,0.78,0.4,0.04,0.07,0.04,0.37,1.0,0.95,0.15,0.95,0.33,0.4,0.05,0.03,0.05,0.33,0.7,0.56,0.12,0.56,0.13
9.60299999999998,159.03448275862,2.0689655172414,138.9668965517236,1.3693103448276003,-77.6613793103444,28.903448275861997,-2.921344827586039,-9.215586206896619,36.10893103448314,-24.36734482758674,17.8986206896552,-11.21996551724132,94.52955172413786,-74.45296551724151,120.33417241379311,0.3965517241380003,-0.06620689655180036,0.08275862068959974,-0.06620689655180036,0.3965517241380003,1.0,0.30931034482760006,0.07034482758619998,0.30931034482760006,0.8403448275861999,0.5,0.30137931034479987,0.011034482758599905,0.30137931034479987,0.2934482758619997,1.0,-0.033448275861999686,0.02965517241380003,-0.033448275861999686,0.9006896551724,1.4137931034479987,1.1931034482757996,0.30896551724160104,1.1931034482757996,0.8241379310341987,1.7,-0.011724137930999842,0.1775862068966002,-0.011724137930999842,1.6868965517242003,1.5,0.6572413793101993,0.11206896551719982,0.6572413793101993,1.3820689655174005,1.5,1.2579310344828003,0.06068965517239994,1.2579310344828003,0.7820689655171998,0.3965517241380003,0.03931034482760006,0.06793103448280019,0.03931034482760006,0.3679310344828002,0.9896551724140009,0.9410344827588007,0.15793103448259926,0.9410344827588007,0.32758620689660023,0.3965517241380003,0.049310344827600064,0.03172413793099984,0.049310344827600064,0.3293103448276001,0.7,0.56,0.12,0.56,0.13
9.652999999999981,160.7333333333327,2.0106666666666917,140.29199999999952,1.3426666666666731,-78.71466666666628,29.0,-3.3353999999998454,-9.210199999999922,35.16066666666702,-23.1524000000004,17.829933333333358,-11.342599999999965,94.59673333333336,-74.37639999999992,120.34253333333331,0.3,0.04,0.16,0.04,0.3,1.0,0.29,0.08,0.29,0.85,0.5,0.34,0.04,0.34,0.39,1.0,-0.13,0.02,-0.13,0.92,1.8,1.28,0.0,1.28,1.22,1.7,-0.06,0.11,-0.06,1.6,1.5,0.86,0.17,0.86,1.16,1.5,1.2,0.08,1.2,0.84,0.3,0.02,0.01,0.02,0.31,0.7,0.69,0.38,0.69,0.26,0.3,0.03,0.08,0.03,0.31,0.7,0.56,0.12,0.56,0.13
9.70299999999998,162.39999999999932,1.9580000000000206,141.60199999999946,1.336000000000007,-79.74399999999959,28.880000000000205,-3.7325999999998496,-9.654999999999669,34.493000000000045,-21.989600000000593,17.680600000000133,-11.357600000000048,94.49740000000003,-74.62219999999994,120.4168,0.3,0.04,0.16,0.04,0.3,1.0,0.29,0.08,0.29,0.85,0.5,0.34,0.04,0.34,0.39,1.0,-0.13,0.02,-0.13,0.92,1.8,1.28,0.0,1.28,1.22,1.7,-0.06,0.11,-0.06,1.6,1.5,0.86,0.17,0.86,1.16,1.5,1.2,0.08,1.2,0.84,0.3,0.02,0.01,0.02,0.31,0.7,0.69,0.38,0.69,0.26,0.3,0.03,0.08,0.03,0.31,0.7,0.56,0.12,0.56,0.13
9.752999999999979,164.06666666666598,1.9066666666667011,142.91199999999947,1.3186666666666806,-80.77199999999957,28.27333333333361,-4.11806666666649,-10.426399999999706,34.07826666666711,-20.828933333333573,17.39066666666676,-11.12993333333352,94.50559999999994,-74.81506666666654,120.54466666666653,0.3,0.04,0.16,0.04,0.3,1.0,0.29,0.08,0.29,0.85,0.5,0.34,0.04,0.34,0.39,1.0,-0.13,0.02,-0.13,0.92,1.8,1.28,0.0,1.28,1.22,1.7,-0.06,0.11,-0.06,1.6,1.5,0.86,0.17,0.86,1.16,1.5,1.2,0.08,1.2,0.84,0.3,0.02,0.01,0.02,0.31,0.7,0.69,0.38,0.69,0.26,0.3,0.03,0.08,0.03,0.31,0.7,0.56,0.12,0.56,0.13
9.80299999999998,165.73333333333264,1.8306666666666942,144.21199999999945,1.2926666666666735,-81.81466666666624,27.460000000000413,-4.586533333333119,-10.98459999999985,32.50980000000091,-19.933266666667205,17.21820000000004,-10.527200000000327,94.60233333333332,-75.0339333333333,120.75866666666664,0.3,0.04,0.16,0.04,0.3,1.0,0.29,0.08,0.29,0.85,0.5,0.34,0.04,0.34,0.39,1.0,-0.13,0.02,-0.13,0.92,1.8,1.28,0.0,1.28,1.22,1.7,-0.06,0.11,-0.06,1.6,1.5,0.86,0.17,0.86,1.16,1.5,1.2,0.08,1.2,0.84,0.3,0.02,0.01,0.02,0.31,0.7,0.69,0.38,0.69,0.26,0.3,0.03,0.08,0.03,0.31,0.7,0.56,0.12,0.56,0.13
9.85299999999998,167.43333333333268,1.7626666666666926,145.54233333333283,1.2613333333333463,-82.86433333333294,26.540000000000386,-5.124999999999806,-11.155400000000043,30.230333333334045,-18.870700000000078,17.252999999999904,-9.632400000000352,94.65489999999996,-75.1682333333332,120.88313333333322,0.3,0.04,0.16,0.04,0.3,1.0,0.29,0.08,0.29,0.85,0.5,0.34,0.04,0.34,0.39,1.0,-0.13,0.02,-0.13,0.92,1.8,1.28,0.0,1.28,1.22,1.7,-0.06,0.11,-0.06,1.6,1.5,0.86,0.17,0.86,1.16,1.5,1.2,0.08,1.2,0.84,0.3,0.02,0.01,0.02,0.31,0.7,0.69,0.38,0.69,0.26,0.3,0.03,0.08,0.03,0.31,0.7,0.56,0.12,0.56,0.13
9.90299999999998,169.10344827586133,1.684827586206933,146.85068965517186,1.2289655172413867,-83.89413793103402,25.7689655172416,-5.62593103448254,-10.932241379310549,28.395724137931836,-18.180655172414543,17.5025172413792,-8.834551724138175,94.72534482758623,-75.44855172413786,121.11327586206893,0.3,0.04,0.16,0.04,0.3,1.0,0.29,0.08,0.29,0.85,0.5,0.34,0.04,0.34,0.39,1.0,-0.13,0.02,-0.13,0.92,1.8,1.28,0.0,1.28,1.22,1.6,-0.11,0.07,-0.11,1.55,1.5,0.86,0.17,0.86,1.16,1.5,1.2,0.06,1.2,0.86,0.3,0.02,0.01,0.02,0.31,0.7,0.69,0.38,0.69,0.26,0.3,0.01,0.1,0.01,0.3,0.6,0.45,0.02,0.45,0.1
9.952999999999978,170.79999999999927,1.600000000000036,148.18199999999945,1.2040000000000144,-84.95399999999954,25.18000000000029,-6.133199999999784,-10.4606000000002,26.53800000000079,-16.437400000000743,17.756199999999893,-8.26960000000024,94.6982,-75.62239999999993,121.20059999999997,0.3,0.04,0.16,0.04,0.3,1.0,0.29,0.08,0.29,0.85,0.5,0.34,0.04,0.34,0.39,1.0,-0.13,0.02,-0.13,0.92,1.8,1.28,0.0,1.28,1.22,1.6,-0.11,0.07,-0.11,1.55,1.5,0.86,0.17,0.86,1.16,1.5,1.2,0.06,1.2,0.86,0.3,0.02,0.01,0.02,0.31,0.7,0.69,0.38,0.69,0.26,0.3,0.01,0.1,0.01,0.3,0.6,0.45,0.02,0.45,0.1
10.002999999999979,172.4827586206889,1.506206896551777,149.49172413793045,1.18,-86.00413793103401,25.18965517241334,-6.638793103448048,-10.091620689655244,24.6881034482767,-14.647172413793967,18.007896551724023,-7.922379310344779,94.67951724137932,-75.77389655172409,121.28227586206893,0.3,0.04,0.16,0.04,0.3,1.0,0.29,0.08,0.29,0.85,0.5,0.34,0.04,0.34,0.39,1.0,-0.13,0.02,-0.13,0.92,1.8,1.28,0.0,1.28,1.22,1.6,-0.11,0.07,-0.11,1.55,1.5,0.86,0.17,0.86,1.16,1.5,1.2,0.06,1.2,0.86,0.3,0.02,0.01,0.02,0.31,0.7,0.69,0.38,0.69,0.26,0.3,0.01,0.1,0.01,0.3,0.6,0.45,0.02,0.45,0.1
10.05299999999998,174.16666666666598,1.398333333333381,150.79999999999944,1.1666666666666803,-87.05499999999957,25.933333333333195,-7.139833333333137,-10.064333333333233,22.822500000000755,-12.477166666667753,18.143000000000043,-8.116833333333183,94.7133333333333,-75.94083333333322,121.4164999999999,0.3,0.04,0.16,0.04,0.3,1.0,0.29,0.08,0.29,0.85,0.5,0.34,0.04,0.34,0.39,1.0,-0.13,0.02,-0.13,0.92,1.8,1.28,0.0,1.28,1.22,1.6,-0.11,0.07,-0.11,1.55,1.5,0.86,0.17,0.86,1.16,1.5,1.2,0.06,1.2,0.86,0.3,0.02,0.01,0.02,0.31,0.7,0.69,0.38,0.69,0.26,0.3,0.01,0.1,0.01,0.3,0.6,0.45,0.02,0.45,0.1
10.102999999999978,175.8333333333326,1.2900000000000438,152.09999999999943,1.1333333333333477,-88.09666666666621,26.01666666666674,-7.744833333333013,-10.396833333333149,20.035000000001634,-9.624666666668002,17.94383333333346,-8.417666666666564,94.82333333333328,-76.19833333333324,121.66566666666655,0.3,0.04,0.16,0.04,0.3,1.0,0.29,0.08,0.29,0.85,0.5,0.34,0.04,0.34,0.39,1.0,-0.13,0.02,-0.13,0.92,1.8,1.28,0.0,1.28,1.22,1.6,-0.11,0.07,-0.11,1.55,1.5,0.86,0.17,0.86,1.16,1.5,1.2,0.06,1.2,0.86,0.3,0.02,0.01,0.02,0.31,0.7,0.69,0.38,0.69,0.26,0.3,0.01,0.1,0.01,0.3,0.6,0.45,0.02,0.45,0.1
10.152999999999977,177.53333333333256,1.167333333333394,153.4259999999994,1.11,-89.16599999999951,25.793333333333482,-8.750133333332727,-11.046133333332898,15.746800000001675,-6.371933333334779,17.09946666666751,-8.480000000000091,95.04819999999981,-76.41199999999989,121.97399999999979,0.3,0.09,0.16,0.09,0.16,1.0,0.32,0.08,0.32,0.85,0.7,0.33,0.16,0.33,0.57,1.0,-0.08,0.04,-0.08,0.93,1.6,0.98,0.11,0.98,1.28,1.5,-0.05,0.08,-0.05,1.41,1.4,0.77,0.22,0.77,1.17,1.5,1.24,0.01,1.24,0.89,0.3,0.01,0.02,0.01,0.31,0.7,0.62,0.39,0.62,0.28,0.3,0.01,0.1,0.01,0.3,0.6,0.45,0.02,0.45,0.1
10.202999999999978,179.2333333333326,1.0436666666667178,154.7519999999994,1.0976666666666741,-90.23466666666621,25.360000000000436,-10.10649999999942,-12.023866666666244,11.99436666666827,-2.711766666668617,15.213633333334139,-8.03896666666707,95.34026666666668,-76.47796666666679,122.24040000000008,0.3,0.09,0.16,0.09,0.16,1.0,0.32,0.08,0.32,0.85,0.7,0.33,0.16,0.33,0.57,1.0,-0.08,0.04,-0.08,0.93,1.6,0.98,0.11,0.98,1.28,1.5,-0.05,0.08,-0.05,1.41,1.4,0.77,0.22,0.77,1.17,1.5,1.24,0.01,1.24,0.89,0.3,0.01,0.02,0.01,0.31,0.7,0.62,0.39,0.62,0.28,0.3,0.01,0.1,0.01,0.3,0.6,0.45,0.02,0.45,0.1
10.252999999999979,180.93103448275787,0.9248275862069497,156.07620689655113,1.0806896551724214,-91.28724137930988,24.062068965517923,-11.454310344826986,-13.131758620689112,8.268241379312009,1.2055172413777875,13.341068965518078,-6.833862068966154,95.52537931034468,-76.35020689655173,122.30662068965505,0.3,0.09,0.16,0.09,0.16,1.0,0.32,0.08,0.32,0.85,0.7,0.33,0.16,0.33,0.57,1.0,-0.08,0.04,-0.08,0.93,1.6,0.98,0.11,0.98,1.28,1.5,-0.05,0.08,-0.05,1.41,1.4,0.77,0.22,0.77,1.17,1.5,1.24,0.01,1.24,0.89,0.3,0.01,0.02,0.01,0.31,0.7,0.62,0.39,0.62,0.28,0.3,0.01,0.1,0.01,0.3,0.6,0.45,0.02,0.45,0.1
10.302999999999978,182.65517241379231,0.797586206896615,157.43103448275798,1.063448275862077,-92.35620689655123,22.344827586207685,-12.820896551723513,-14.50513793103385,4.488862068967249,3.967448275860817,11.44200000000087,-5.086068965518048,96.12989655172386,-76.51220689655165,122.88306896551698,0.3,0.09,0.16,0.09,0.16,1.0,0.32,0.08,0.32,0.85,0.7,0.33,0.16,0.33,0.57,1.0,-0.08,0.04,-0.08,0.93,1.6,0.98,0.11,0.98,1.28,1.5,-0.05,0.08,-0.05,1.41,1.4,0.77,0.22,0.77,1.17,1.5,1.24,0.01,1.24,0.89,0.3,0.01,0.02,0.01,0.31,0.7,0.62,0.39,0.62,0.28,0.3,0.01,0.1,0.01,0.3,0.6,0.45,0.02,0.45,0.1
10.352999999999977,184.3448275862061,0.6724137931035125,158.75896551724077,1.05,-93.41379310344777,20.555172413793905,-14.160448275861432,-15.858206896551081,0.783793103450036,6.645896551722865,9.581000000000884,-3.360586206897372,96.73310344827557,-76.6777931034482,123.46193103448249,0.3,0.09,0.16,0.09,0.16,1.0,0.32,0.08,0.32,0.85,0.7,0.33,0.16,0.33,0.57,1.0,-0.08,0.04,-0.08,0.93,1.6,0.98,0.11,0.98,1.28,1.5,-0.05,0.08,-0.05,1.41,1.4,0.77,0.22,0.77,1.17,1.5,1.24,0.01,1.24,0.89,0.3,0.01,0.02,0.01,0.31,0.7,0.62,0.39,0.62,0.28,0.3,0.01,0.1,0.01,0.3,0.6,0.45,0.02,0.45,0.1
10.402999999999977,186.0689655172406,0.5337931034483455,160.1044827586201,0.9703448275863151,-94.48344827586158,15.75862068966012,-15.521999999999395,-16.91886206896534,-2.9823103448259127,9.484275862067594,7.68796551724222,-1.7398275862074926,97.53899999999946,-76.6837586206898,124.10286206896518,0.3,0.05,0.18,0.05,0.1,0.9,0.33,0.09,0.33,0.84,0.8,0.32,0.24,0.32,0.68,1.0,0.0,0.0,0.0,0.98,1.6,0.98,0.11,0.98,1.28,1.3,0.1,0.19,0.1,1.24,1.4,0.72,0.25,0.72,1.14,1.6,1.29,0.03,1.29,0.91,0.4,0.02,0.07,0.02,0.36,0.8,0.7,0.22,0.7,0.26,0.3,-0.01,0.09,-0.01,0.31,0.5,0.43,0.05,0.43,0.11
10.452999999999978,187.7931034482751,0.3786206896552393,161.4586206896546,0.84,-95.56172413793057,7.896551724139716,-16.508758620689413,-17.314620689655,-5.951310344826693,12.54037931034351,5.555137931035532,-0.41131034482815865,98.13068965517246,-76.91741379310307,124.71934482758601,0.3,0.05,0.18,0.05,0.1,0.9,0.33,0.09,0.33,0.84,0.8,0.32,0.24,0.32,0.68,1.0,0.0,0.0,0.0,0.98,1.6,0.98,0.11,0.98,1.28,1.3,0.1,0.19,0.1,1.24,1.4,0.72,0.25,0.72,1.14,1.6,1.29,0.03,1.29,0.91,0.4,0.02,0.07,0.02,0.36,0.8,0.7,0.22,0.7,0.26,0.3,-0.01,0.09,-0.01,0.31,0.5,0.43,0.05,0.43,0.11
10.502999999999977,189.51724137930958,0.23344827586213873,162.81344827586148,0.9106896551723829,-96.63068965517193,5.7310344827594735,-16.85265517241365,-17.7099655172412,-7.569068965516542,15.596586206895177,2.967413793104621,0.9167931034476782,97.64717241379334,-78.15027586206838,125.11493103448258,0.3,0.05,0.18,0.05,0.1,0.9,0.33,0.09,0.33,0.84,0.8,0.32,0.24,0.32,0.68,1.0,0.0,0.0,0.0,0.98,1.6,0.98,0.11,0.98,1.28,1.3,0.1,0.19,0.1,1.24,1.4,0.72,0.25,0.72,1.14,1.6,1.29,0.03,1.29,0.91,0.4,0.02,0.07,0.02,0.36,0.8,0.7,0.22,0.7,0.26,0.3,-0.01,0.09,-0.01,0.31,0.5,0.43,0.05,0.43,0.11
10.552999999999976,191.24999999999915,0.10750000000004203,164.17499999999933,0.8725000000001262,-97.70749999999947,4.000000000000672,-17.16699999999985,-19.074249999998354,-9.125249999999253,16.502500000001767,0.3575000000012525,1.8557499999999472,97.61124999999952,-79.2217499999997,125.74349999999946,0.3,0.05,0.18,0.05,0.1,0.9,0.33,0.09,0.33,0.84,0.8,0.32,0.24,0.32,0.68,1.0,0.0,0.0,0.0,0.98,1.6,0.98,0.11,0.98,1.28,1.3,0.1,0.19,0.1,1.24,1.4,0.72,0.25,0.72,1.14,1.6,1.29,0.03,1.29,0.91,0.4,0.02,0.07,0.02,0.36,0.8,0.7,0.22,0.7,0.26,0.3,-0.01,0.09,-0.01,0.31,0.5,0.43,0.05,0.43,0.11
10.602999999999977,192.9999999999992,0.11999999999996018,165.53999999999937,0.7200000000000318,-98.81999999999948,3.5999999999998407,-18.854999999998764,-22.533999999998414,-9.707000000000068,12.788000000001702,-1.9839999999990254,1.966999999999949,96.53100000000121,-77.79800000000135,123.98800000000179,0.3,0.05,0.18,0.05,0.1,0.9,0.33,0.09,0.33,0.84,0.8,0.32,0.24,0.32,0.68,1.0,0.0,0.0,0.0,0.98,1.6,0.98,0.11,0.98,1.28,1.3,0.1,0.19,0.1,1.24,1.4,0.72,0.25,0.72,1.14,1.6,1.29,0.03,1.29,0.91,0.4,0.02,0.07,0.02,0.36,0.8,0.7,0.22,0.7,0.26,0.3,-0.01,0.09,-0.01,0.31,0.5,0.43,0.05,0.43,0.11
10.652999999999977,194.9090909090899,0.1027272727274125,166.85636363636306,0.7690909090908992,-99.85909090909047,4.872727272726974,-25.77599999999531,-25.039363636363102,-7.151000000001856,8.88000000000191,-3.341272727272346,1.869272727272906,93.54172727272704,-72.10027272727532,118.16009090909232,0.3,0.01,0.22,0.01,0.05,0.9,0.34,0.09,0.34,0.83,0.8,0.31,0.25,0.31,0.72,1.0,0.0,0.0,0.0,0.98,1.8,1.16,0.07,1.16,1.38,1.2,0.18,0.25,0.18,1.15,1.4,0.72,0.25,0.72,1.14,1.6,1.3,0.02,1.3,0.89,0.4,0.02,0.07,0.02,0.36,0.8,0.7,0.22,0.7,0.26,0.3,-0.04,0.07,-0.04,0.32,0.5,0.43,0.06,0.43,0.13
