Position,Height above ground [m],Time,X [m],Y [m],Z [m],Opening Angle [°],Stalling Angle Left [°],Stalling Angle Right [°],Roll Angle Left [°],Roll Angle Right [°],Yaw Angle Left [°],Yaw Angle Right [°],Speed hor. [km/h],Speed vert. [km/h],Speed resulting [km/h],W1_Speed,W1_Tangent,W1_Turbulence,W1_CleanTan,W1_Cross,W2_Speed,W2_Tangent,W2_Turbulence,W2_CleanTan,W2_Cross,W3_Speed,W3_Tangent,W3_Turbulence,W3_CleanTan,W3_Cross,W4_Speed,W4_Tangent,W4_Turbulence,W4_CleanTan,W4_Cross,W5_Speed,W5_Tangent,W5_Turbulence,W5_CleanTan,W5_Cross,W6_Speed,W6_Tangent,W6_Turbulence,W6_CleanTan,W6_Cross,W7_Speed,W7_Tangent,W7_Turbulence,W7_CleanTan,W7_Cross,W8_Speed,W8_Tangent,W8_Turbulence,W8_CleanTan,W8_Cross,W9_Speed,W9_Tangent,W9_Turbulence,W9_CleanTan,W9_Cross,W10_Speed,W10_Tangent,W10_Turbulence,W10_CleanTan,W10_Cross,W11_Speed,W11_Tangent,W11_Turbulence,W11_CleanTan,W11_Cross,W12_Speed,W12_Tangent,W12_Turbulence,W12_CleanTan,W12_Cross
-93.19,,0.0,-81.11,0.0,42.86,,,,,,,,0.0,0.0,0.0,1.8,1.78,0.35,1.78,0.13,1.1,0.4,0.1,0.4,1.01,1.9,1.63,0.12,1.63,0.69,1.3,0.86,0.11,0.86,0.84,1.7,1.41,0.08,1.41,0.9,1.6,1.52,0.4,1.52,0.37,2.4,2.21,0.24,2.21,0.93,2.0,1.96,0.15,1.96,0.41,2.1,1.99,0.3,1.99,0.59,1.5,1.36,0.03,1.36,0.29,1.7,1.66,0.11,1.66,0.31,1.2,1.12,0.17,1.12,0.22
0.0,2.93,4.151,0.02,0.0,-0.0,0.0,-11.5,-11.5,0.0,0.0,0.0,0.0,96.894,-19.713,98.879,1.8,1.65,0.06,1.65,0.1,1.2,0.45,0.01,0.45,1.04,1.5,1.31,0.3,1.31,0.77,1.1,0.73,0.1,0.73,0.77,1.1,0.71,0.45,0.71,0.73,1.8,1.7,0.23,1.7,0.45,1.9,1.76,0.13,1.76,0.76,2.4,2.34,0.13,2.34,0.08,2.1,2.12,0.09,2.12,0.12,1.3,1.03,0.07,1.03,0.76,1.8,1.61,0.14,1.61,0.56,1.2,1.04,0.08,1.04,0.26
1.0,2.93,4.346,1.34,0.0,-0.16,3.3,-7.936,-7.617,0.572,1.23,1.492,-1.81,96.722,-16.732,98.159,1.7,1.54,0.13,1.54,0.15,1.1,0.46,0.03,0.46,1.02,1.6,1.4,0.22,1.4,0.75,1.1,0.73,0.09,0.73,0.77,1.1,0.74,0.44,0.74,0.6,1.8,1.71,0.23,1.71,0.38,1.9,1.74,0.1,1.74,0.8,2.1,2.1,0.36,2.1,0.08,2.2,2.16,0.11,2.16,0.05,1.4,1.08,0.13,1.08,0.8,1.8,1.63,0.18,1.63,0.52,1.2,1.06,0.07,1.06,0.24
2.0,2.95,4.385,2.39,0.01,-0.28,5.9,-5.129,-4.559,1.023,2.198,2.667,-3.236,96.587,-14.384,97.653,1.7,1.54,0.13,1.54,0.15,1.1,0.46,0.03,0.46,1.02,1.6,1.4,0.22,1.4,0.75,1.1,0.73,0.09,0.73,0.77,1.1,0.74,0.44,0.74,0.6,1.8,1.71,0.23,1.71,0.38,1.9,1.74,0.1,1.74,0.8,2.1,2.1,0.36,2.1,0.08,2.2,2.16,0.11,2.16,0.05,1.4,1.08,0.13,1.08,0.8,1.8,1.63,0.18,1.63,0.52,1.2,1.06,0.07,1.06,0.24
3.0,2.99,4.425,3.43,0.01,-0.4,8.5,-2.333,-1.511,1.472,3.164,3.838,-4.656,96.453,-12.044,97.202,1.6,1.48,0.16,1.48,0.22,1.1,0.46,0.03,0.46,1.02,1.6,1.48,0.16,1.48,0.69,1.1,0.73,0.09,0.73,0.77,1.2,0.94,0.33,0.94,0.61,1.8,1.71,0.23,1.71,0.38,2.0,1.79,0.01,1.79,0.84,2.1,2.1,0.36,2.1,0.08,2.1,2.13,0.07,2.13,0.02,1.5,1.18,0.24,1.18,0.86,1.8,1.62,0.17,1.62,0.43,1.2,1.06,0.07,1.06,0.24
4.0,3.04,4.464,4.46,0.01,-0.53,11.7,0.332,2.131,-0.547,5.131,5.576,-6.155,96.413,-11.529,97.1,1.6,1.48,0.16,1.48,0.22,1.1,0.46,0.03,0.46,1.02,1.6,1.48,0.16,1.48,0.69,1.1,0.73,0.09,0.73,0.77,1.2,0.94,0.33,0.94,0.61,1.8,1.71,0.23,1.71,0.38,2.0,1.79,0.01,1.79,0.84,2.1,2.1,0.36,2.1,0.08,2.1,2.13,0.07,2.13,0.02,1.5,1.18,0.24,1.18,0.86,1.8,1.62,0.17,1.62,0.43,1.2,1.06,0.07,1.06,0.24
5.0,3.09,4.503,5.5,0.01,-0.67,15.8,2.733,6.384,-4.796,7.599,8.099,-7.725,96.479,-13.364,97.4,1.6,1.48,0.16,1.48,0.22,1.1,0.46,0.03,0.46,1.02,1.6,1.48,0.16,1.48,0.69,1.1,0.73,0.09,0.73,0.77,1.2,0.94,0.33,0.94,0.61,1.8,1.71,0.23,1.71,0.38,2.0,1.79,0.01,1.79,0.84,2.1,2.1,0.36,2.1,0.08,2.1,2.13,0.07,2.13,0.02,1.5,1.18,0.24,1.18,0.86,1.8,1.62,0.17,1.62,0.43,1.2,1.06,0.07,1.06,0.24
6.0,3.16,4.541,6.53,0.01,-0.81,19.4,4.622,8.947,0.298,3.351,10.475,-9.027,96.324,-13.373,97.249,1.6,1.48,0.16,1.48,0.22,1.1,0.46,0.03,0.46,1.02,1.6,1.48,0.16,1.48,0.69,1.1,0.73,0.09,0.73,0.77,1.2,0.94,0.33,0.94,0.61,1.8,1.71,0.23,1.71,0.38,2.0,1.79,0.01,1.79,0.84,2.1,2.1,0.36,2.1,0.08,2.1,2.13,0.07,2.13,0.02,1.5,1.18,0.24,1.18,0.86,1.8,1.62,0.17,1.62,0.43,1.2,1.06,0.07,1.06,0.24
7.0,3.23,4.58,7.57,0.01,-0.97,23.3,5.594,10.273,2.841,0.687,12.998,-10.53,96.514,-15.8,97.799,1.6,1.48,0.16,1.48,0.22,1.1,0.46,0.03,0.46,1.02,1.6,1.48,0.16,1.48,0.69,1.1,0.73,0.09,0.73,0.77,1.2,0.94,0.33,0.94,0.61,1.8,1.71,0.23,1.71,0.38,2.0,1.79,0.01,1.79,0.84,2.1,2.1,0.36,2.1,0.08,2.1,2.13,0.07,2.13,0.02,1.5,1.18,0.24,1.18,0.86,1.8,1.62,0.17,1.62,0.43,1.2,1.06,0.07,1.06,0.24
8.0,3.29,4.618,8.6,0.01,-1.14,27.1,5.874,10.381,4.678,-2.111,15.342,-12.064,96.469,-17.131,97.978,1.6,1.48,0.16,1.48,0.22,1.1,0.46,0.03,0.46,1.02,1.6,1.48,0.16,1.48,0.69,1.1,0.73,0.09,0.73,0.77,1.2,0.94,0.33,0.94,0.61,1.8,1.71,0.23,1.71,0.38,2.0,1.79,0.01,1.79,0.84,2.1,2.1,0.36,2.1,0.08,2.1,2.13,0.07,2.13,0.02,1.5,1.18,0.24,1.18,0.86,1.8,1.62,0.17,1.62,0.43,1.2,1.06,0.07,1.06,0.24
9.0,3.36,4.657,9.62,0.01,-1.33,30.6,5.76,9.598,7.17,-5.572,17.296,-13.535,96.2,-17.459,97.771,1.6,1.48,0.16,1.48,0.22,1.1,0.46,0.03,0.46,1.02,1.6,1.48,0.16,1.48,0.69,1.1,0.73,0.09,0.73,0.77,1.2,0.94,0.33,0.94,0.61,1.8,1.71,0.23,1.71,0.38,2.0,1.79,0.01,1.79,0.84,2.1,2.1,0.36,2.1,0.08,2.1,2.13,0.07,2.13,0.02,1.5,1.18,0.24,1.18,0.86,1.8,1.62,0.17,1.62,0.43,1.2,1.06,0.07,1.06,0.24
10.0,3.43,4.695,10.65,0.01,-1.52,33.1,5.824,8.7,12.415,-9.877,18.551,-14.822,96.102,-19.249,98.011,1.6,1.44,0.18,1.44,0.15,1.1,0.5,0.02,0.5,1.01,1.7,1.55,0.1,1.55,0.66,1.2,0.74,0.04,0.74,0.79,1.4,1.1,0.16,1.1,0.6,1.3,1.27,0.22,1.27,0.0,2.0,1.79,0.02,1.79,0.87,1.9,1.88,0.58,1.88,0.16,2.0,2.02,0.03,2.02,0.02,1.5,1.18,0.24,1.18,0.85,1.8,1.64,0.15,1.64,0.27,1.2,0.97,0.1,0.97,0.26
11.0,3.5,4.733,11.66,0.01,-1.73,34.5,5.978,7.445,15.034,-13.613,19.14,-15.612,95.954,-19.92,98.0,1.6,1.44,0.18,1.44,0.15,1.1,0.5,0.02,0.5,1.01,1.7,1.55,0.1,1.55,0.66,1.2,0.74,0.04,0.74,0.79,1.4,1.1,0.16,1.1,0.6,1.3,1.27,0.22,1.27,0.0,2.0,1.79,0.02,1.79,0.87,1.9,1.88,0.58,1.88,0.16,2.0,2.02,0.03,2.02,0.02,1.5,1.18,0.24,1.18,0.85,1.8,1.64,0.15,1.64,0.27,1.2,0.97,0.1,0.97,0.26
12.0,3.58,4.771,12.68,0.01,-1.94,35.8,6.139,6.157,17.438,-17.307,19.674,-16.362,95.801,-20.5,97.97,1.6,1.44,0.18,1.44,0.15,1.1,0.5,0.02,0.5,1.01,1.7,1.55,0.1,1.55,0.66,1.2,0.74,0.04,0.74,0.79,1.4,1.1,0.16,1.1,0.6,1.3,1.27,0.22,1.27,0.0,2.0,1.79,0.02,1.79,0.87,1.9,1.88,0.58,1.88,0.16,2.0,2.02,0.03,2.02,0.02,1.5,1.18,0.24,1.18,0.85,1.8,1.64,0.15,1.64,0.27,1.2,0.97,0.1,0.97,0.26
13.0,3.66,4.81,13.7,0.0,-2.15,37.0,6.303,4.897,19.009,-20.423,20.17,-17.049,95.724,-21.149,98.032,1.6,1.44,0.18,1.44,0.15,1.1,0.5,0.02,0.5,1.01,1.7,1.55,0.1,1.55,0.66,1.2,0.74,0.04,0.74,0.79,1.4,1.1,0.16,1.1,0.6,1.3,1.27,0.22,1.27,0.0,2.0,1.79,0.02,1.79,0.87,1.9,1.88,0.58,1.88,0.16,2.0,2.02,0.03,2.02,0.02,1.5,1.18,0.24,1.18,0.85,1.8,1.64,0.15,1.64,0.27,1.2,0.97,0.1,0.97,0.26
14.0,3.74,4.848,14.71,0.01,-2.38,38.0,6.473,3.702,18.671,-22.211,20.576,-17.586,95.818,-21.955,98.301,1.6,1.44,0.18,1.44,0.15,1.1,0.5,0.02,0.5,1.01,1.7,1.55,0.1,1.55,0.66,1.2,0.74,0.04,0.74,0.79,1.4,1.1,0.16,1.1,0.6,1.3,1.27,0.22,1.27,0.0,2.0,1.79,0.02,1.79,0.87,1.9,1.88,0.58,1.88,0.16,2.0,2.02,0.03,2.02,0.02,1.5,1.18,0.24,1.18,0.85,1.8,1.64,0.15,1.64,0.27,1.2,0.97,0.1,0.97,0.26
15.0,3.83,4.886,15.72,0.0,-2.61,38.5,6.549,3.029,19.915,-23.327,20.652,-18.038,96.115,-23.325,98.905,1.6,1.44,0.18,1.44,0.15,1.1,0.5,0.02,0.5,1.01,1.7,1.55,0.1,1.55,0.66,1.2,0.74,0.04,0.74,0.79,1.4,1.1,0.16,1.1,0.6,1.3,1.27,0.22,1.27,0.0,2.0,1.79,0.02,1.79,0.87,1.9,1.88,0.58,1.88,0.16,2.0,2.02,0.03,2.02,0.02,1.5,1.18,0.24,1.18,0.85,1.8,1.64,0.15,1.64,0.27,1.2,0.97,0.1,0.97,0.26
16.0,3.91,4.923,16.73,0.0,-2.86,39.2,6.624,2.404,21.158,-23.23,20.725,-18.612,96.119,-24.307,99.145,1.6,1.4,0.22,1.4,0.01,1.2,0.54,0.0,0.54,1.01,1.8,1.64,0.02,1.64,0.64,1.2,0.74,0.04,0.74,0.79,1.4,1.1,0.16,1.1,0.6,1.2,1.17,0.27,1.17,0.12,1.9,1.77,0.01,1.77,0.81,1.8,1.73,0.71,1.73,0.24,1.9,1.91,0.12,1.91,0.08,1.5,1.17,0.18,1.17,0.72,1.7,1.62,0.09,1.62,0.18,1.2,0.97,0.1,0.97,0.26
17.0,3.99,4.961,17.73,0.0,-3.12,39.7,6.67,1.936,22.754,-22.279,20.633,-19.165,96.017,-25.027,99.225,1.6,1.4,0.22,1.4,0.01,1.2,0.54,0.0,0.54,1.01,1.8,1.64,0.02,1.64,0.64,1.2,0.74,0.04,0.74,0.79,1.4,1.1,0.16,1.1,0.6,1.2,1.17,0.27,1.17,0.12,1.9,1.77,0.01,1.77,0.81,1.8,1.73,0.71,1.73,0.24,1.9,1.91,0.12,1.91,0.08,1.5,1.17,0.18,1.17,0.72,1.7,1.62,0.09,1.62,0.18,1.2,0.97,0.1,0.97,0.26
18.0,4.08,4.998,18.73,0.0,-3.39,39.7,6.66,1.723,25.003,-20.817,20.23,-19.565,95.973,-25.603,99.33,1.6,1.4,0.22,1.4,0.01,1.2,0.54,0.0,0.54,1.01,1.8,1.64,0.02,1.64,0.64,1.2,0.74,0.04,0.74,0.79,1.4,1.1,0.16,1.1,0.6,1.2,1.17,0.27,1.17,0.12,1.9,1.77,0.01,1.77,0.81,1.8,1.73,0.71,1.73,0.24,1.9,1.91,0.12,1.91,0.08,1.5,1.17,0.18,1.17,0.72,1.7,1.62,0.09,1.62,0.18,1.2,0.97,0.1,0.97,0.26
19.0,4.15,5.036,19.73,0.0,-3.66,39.2,6.285,1.51,25.258,-21.342,19.837,-19.434,95.736,-26.388,99.306,1.6,1.4,0.22,1.4,0.01,1.2,0.54,0.0,0.54,1.01,1.8,1.64,0.02,1.64,0.64,1.2,0.74,0.04,0.74,0.79,1.4,1.1,0.16,1.1,0.6,1.2,1.17,0.27,1.17,0.12,1.9,1.77,0.01,1.77,0.81,1.8,1.73,0.71,1.73,0.24,1.9,1.91,0.12,1.91,0.08,1.5,1.17,0.18,1.17,0.72,1.7,1.62,0.09,1.62,0.18,1.2,0.97,0.1,0.97,0.26
20.0,4.24,4.62,20.72,0.0,-3.94,38.7,5.911,1.297,25.512,-21.866,19.444,-19.302,95.499,-27.171,99.289,1.6,1.48,0.16,1.48,0.22,1.1,0.46,0.03,0.46,1.02,1.6,1.48,0.16,1.48,0.69,1.1,0.73,0.09,0.73,0.77,1.2,0.94,0.33,0.94,0.61,1.8,1.71,0.23,1.71,0.38,2.0,1.79,0.01,1.79,0.84,2.1,2.1,0.36,2.1,0.08,2.1,2.13,0.07,2.13,0.02,1.5,1.18,0.24,1.18,0.86,1.8,1.62,0.17,1.62,0.43,1.2,1.06,0.07,1.06,0.24
21.0,4.32,4.439,21.71,0.0,-4.23,38.1,5.438,1.046,26.361,-22.318,19.054,-19.054,95.31,-28.029,99.346,1.6,1.48,0.16,1.48,0.22,1.1,0.46,0.03,0.46,1.02,1.6,1.48,0.16,1.48,0.69,1.1,0.73,0.09,0.73,0.77,1.2,0.94,0.33,0.94,0.61,1.8,1.71,0.23,1.71,0.38,2.0,1.79,0.01,1.79,0.84,2.1,2.1,0.36,2.1,0.08,2.1,2.13,0.07,2.13,0.02,1.5,1.18,0.24,1.18,0.86,1.8,1.62,0.17,1.62,0.43,1.2,1.06,0.07,1.06,0.24
22.0,4.4,5.148,22.7,0.0,-4.52,37.2,4.77,0.717,28.375,-22.627,18.67,-18.576,95.214,-29.037,99.544,1.6,1.4,0.22,1.4,0.01,1.2,0.54,0.0,0.54,1.01,1.8,1.64,0.02,1.64,0.64,1.2,0.74,0.04,0.74,0.79,1.4,1.1,0.16,1.1,0.6,1.2,1.17,0.27,1.17,0.12,1.9,1.77,0.01,1.77,0.81,1.8,1.73,0.71,1.73,0.24,1.9,1.91,0.12,1.91,0.08,1.5,1.17,0.18,1.17,0.72,1.7,1.62,0.09,1.62,0.18,1.2,0.97,0.1,0.97,0.26
23.0,4.48,5.185,23.68,0.01,-4.83,36.7,4.157,0.301,28.558,-22.864,18.609,-18.106,95.159,-29.938,99.758,1.6,1.37,0.2,1.37,0.01,1.2,0.57,0.04,0.57,1.05,1.8,1.72,0.07,1.72,0.68,1.2,0.74,0.02,0.74,0.81,1.6,1.24,0.11,1.24,0.82,1.3,1.22,0.15,1.22,0.22,1.9,1.76,0.02,1.76,0.75,1.8,1.76,0.63,1.76,0.22,1.8,1.77,0.21,1.77,0.09,1.4,1.14,0.11,1.14,0.57,1.7,1.64,0.07,1.64,0.14,1.3,1.02,0.01,1.02,0.35
24.0,4.56,5.222,24.66,0.01,-5.14,36.3,3.621,-0.142,28.239,-22.91,18.646,-17.681,95.105,-30.805,99.969,1.6,1.37,0.2,1.37,0.01,1.2,0.57,0.04,0.57,1.05,1.8,1.72,0.07,1.72,0.68,1.2,0.74,0.02,0.74,0.81,1.6,1.24,0.11,1.24,0.82,1.3,1.22,0.15,1.22,0.22,1.9,1.76,0.02,1.76,0.75,1.8,1.76,0.63,1.76,0.22,1.8,1.77,0.21,1.77,0.09,1.4,1.14,0.11,1.14,0.57,1.7,1.64,0.07,1.64,0.14,1.3,1.02,0.01,1.02,0.35
25.0,4.64,5.259,25.63,0.01,-5.45,36.0,3.091,-0.603,27.934,-22.997,18.708,-17.289,95.009,-31.632,100.136,1.6,1.37,0.2,1.37,0.01,1.2,0.57,0.04,0.57,1.05,1.8,1.72,0.07,1.72,0.68,1.2,0.74,0.02,0.74,0.81,1.6,1.24,0.11,1.24,0.82,1.3,1.22,0.15,1.22,0.22,1.9,1.76,0.02,1.76,0.75,1.8,1.76,0.63,1.76,0.22,1.8,1.77,0.21,1.77,0.09,1.4,1.14,0.11,1.14,0.57,1.7,1.64,0.07,1.64,0.14,1.3,1.02,0.01,1.02,0.35
26.0,4.71,5.296,26.61,0.01,-5.77,35.6,2.478,-1.071,28.279,-23.411,18.704,-16.913,94.82,-32.406,100.205,1.6,1.37,0.2,1.37,0.01,1.2,0.57,0.04,0.57,1.05,1.8,1.72,0.07,1.72,0.68,1.2,0.74,0.02,0.74,0.81,1.6,1.24,0.11,1.24,0.82,1.3,1.22,0.15,1.22,0.22,1.9,1.76,0.02,1.76,0.75,1.8,1.76,0.63,1.76,0.22,1.8,1.77,0.21,1.77,0.09,1.4,1.14,0.11,1.14,0.57,1.7,1.64,0.07,1.64,0.14,1.3,1.02,0.01,1.02,0.35
27.0,4.77,5.333,27.57,0.02,-6.11,35.3,1.869,-1.516,28.622,-23.456,18.7,-16.547,94.786,-33.208,100.434,1.6,1.37,0.2,1.37,0.01,1.2,0.57,0.04,0.57,1.05,1.8,1.72,0.07,1.72,0.68,1.2,0.74,0.02,0.74,0.81,1.6,1.24,0.11,1.24,0.82,1.3,1.22,0.15,1.22,0.22,1.9,1.76,0.02,1.76,0.75,1.8,1.76,0.63,1.76,0.22,1.8,1.77,0.21,1.77,0.09,1.4,1.14,0.11,1.14,0.57,1.7,1.64,0.07,1.64,0.14,1.3,1.02,0.01,1.02,0.35
28.0,4.83,5.369,28.53,0.02,-6.45,34.9,1.26,-2.057,29.334,-23.446,18.652,-16.237,94.721,-34.045,100.653,1.6,1.37,0.2,1.37,0.01,1.2,0.57,0.04,0.57,1.05,1.8,1.72,0.07,1.72,0.68,1.2,0.74,0.02,0.74,0.81,1.6,1.24,0.11,1.24,0.82,1.3,1.22,0.15,1.22,0.22,1.9,1.76,0.02,1.76,0.75,1.8,1.76,0.63,1.76,0.22,1.8,1.77,0.21,1.77,0.09,1.4,1.14,0.11,1.14,0.57,1.7,1.64,0.07,1.64,0.14,1.3,1.02,0.01,1.02,0.35
29.0,4.88,5.406,29.49,0.02,-6.8,34.6,0.704,-2.711,30.18,-23.386,18.567,-15.995,94.641,-34.91,100.875,1.6,1.37,0.2,1.37,0.01,1.2,0.57,0.04,0.57,1.05,1.8,1.72,0.07,1.72,0.68,1.2,0.74,0.02,0.74,0.81,1.6,1.24,0.11,1.24,0.82,1.3,1.22,0.15,1.22,0.22,1.9,1.76,0.02,1.76,0.75,1.8,1.76,0.63,1.76,0.22,1.8,1.77,0.21,1.77,0.09,1.4,1.14,0.11,1.14,0.57,1.7,1.64,0.07,1.64,0.14,1.3,1.02,0.01,1.02,0.35
30.0,4.93,5.442,30.44,0.02,-7.16,34.3,0.358,-3.523,30.519,-23.231,18.464,-15.857,94.614,-35.793,101.158,1.6,1.36,0.18,1.36,0.05,1.2,0.57,0.04,0.57,1.05,1.9,1.72,0.1,1.72,0.69,1.2,0.74,0.02,0.74,0.81,1.6,1.24,0.11,1.24,0.82,1.4,1.38,0.01,1.38,0.22,1.9,1.76,0.02,1.76,0.75,1.8,1.76,0.63,1.76,0.22,1.8,1.77,0.21,1.77,0.09,1.4,1.14,0.08,1.14,0.44,1.7,1.62,0.03,1.62,0.05,1.3,1.02,0.01,1.02,0.35
31.0,4.97,5.478,31.39,0.02,-7.53,34.2,0.169,-4.383,31.073,-22.666,18.357,-15.793,94.456,-36.658,101.321,1.6,1.36,0.18,1.36,0.05,1.2,0.57,0.04,0.57,1.05,1.9,1.72,0.1,1.72,0.69,1.2,0.74,0.02,0.74,0.81,1.6,1.24,0.11,1.24,0.82,1.4,1.38,0.01,1.38,0.22,1.9,1.76,0.02,1.76,0.75,1.8,1.76,0.63,1.76,0.22,1.8,1.77,0.21,1.77,0.09,1.4,1.14,0.08,1.14,0.44,1.7,1.62,0.03,1.62,0.05,1.3,1.02,0.01,1.02,0.35
32.0,5.0,5.514,32.33,0.03,-7.9,34.1,0.014,-5.249,31.671,-22.262,18.25,-15.727,94.359,-37.493,101.535,1.6,1.36,0.18,1.36,0.05,1.2,0.57,0.04,0.57,1.05,1.9,1.72,0.1,1.72,0.69,1.2,0.74,0.02,0.74,0.81,1.6,1.24,0.11,1.24,0.82,1.4,1.38,0.01,1.38,0.22,1.9,1.76,0.02,1.76,0.75,1.8,1.76,0.63,1.76,0.22,1.8,1.77,0.21,1.77,0.09,1.4,1.14,0.08,1.14,0.44,1.7,1.62,0.03,1.62,0.05,1.3,1.02,0.01,1.02,0.35
33.0,5.04,5.55,33.27,0.03,-8.27,33.7,-0.127,-6.094,32.234,-22.149,18.151,-15.64,94.378,-38.296,101.852,1.6,1.36,0.18,1.36,0.05,1.2,0.57,0.04,0.57,1.05,1.9,1.72,0.1,1.72,0.69,1.2,0.74,0.02,0.74,0.81,1.6,1.24,0.11,1.24,0.82,1.4,1.38,0.01,1.38,0.22,1.9,1.76,0.02,1.76,0.75,1.8,1.76,0.63,1.76,0.22,1.8,1.77,0.21,1.77,0.09,1.4,1.14,0.08,1.14,0.44,1.7,1.62,0.03,1.62,0.05,1.3,1.02,0.01,1.02,0.35
34.0,5.06,5.585,34.21,0.04,-8.66,33.6,0.006,-6.639,32.174,-21.635,18.227,-15.547,94.503,-39.121,102.281,1.6,1.36,0.18,1.36,0.05,1.2,0.57,0.04,0.57,1.05,1.9,1.72,0.1,1.72,0.69,1.2,0.74,0.02,0.74,0.81,1.6,1.24,0.11,1.24,0.82,1.4,1.38,0.01,1.38,0.22,1.9,1.76,0.02,1.76,0.75,1.8,1.76,0.63,1.76,0.22,1.8,1.77,0.21,1.77,0.09,1.4,1.14,0.08,1.14,0.44,1.7,1.62,0.03,1.62,0.05,1.3,1.02,0.01,1.02,0.35
35.0,5.08,5.621,35.14,0.04,-9.05,33.7,0.138,-6.917,32.113,-20.63,18.302,-15.498,94.465,-39.834,102.521,1.6,1.36,0.18,1.36,0.05,1.2,0.57,0.04,0.57,1.05,1.9,1.72,0.1,1.72,0.69,1.2,0.74,0.02,0.74,0.81,1.6,1.24,0.11,1.24,0.82,1.4,1.38,0.01,1.38,0.22,1.9,1.76,0.02,1.76,0.75,1.8,1.76,0.63,1.76,0.22,1.8,1.77,0.21,1.77,0.09,1.4,1.14,0.08,1.14,0.44,1.7,1.62,0.03,1.62,0.05,1.3,1.02,0.01,1.02,0.35
36.0,5.1,5.656,36.07,0.04,-9.44,33.8,0.308,-6.981,32.089,-19.459,18.384,-15.48,94.362,-40.489,102.682,1.6,1.36,0.18,1.36,0.05,1.2,0.57,0.04,0.57,1.05,1.9,1.72,0.1,1.72,0.69,1.2,0.74,0.02,0.74,0.81,1.6,1.24,0.11,1.24,0.82,1.4,1.38,0.01,1.38,0.22,1.9,1.76,0.02,1.76,0.75,1.8,1.76,0.63,1.76,0.22,1.8,1.77,0.21,1.77,0.09,1.4,1.14,0.08,1.14,0.44,1.7,1.62,0.03,1.62,0.05,1.3,1.02,0.01,1.02,0.35
37.0,5.11,5.692,36.99,0.04,-9.84,33.9,0.601,-6.828,32.183,-18.624,18.492,-15.483,94.335,-41.158,102.923,1.6,1.39,0.13,1.39,0.04,1.2,0.57,0.01,0.57,1.02,1.8,1.64,0.02,1.64,0.63,1.2,0.7,0.04,0.7,0.81,2.0,1.38,0.47,1.38,1.29,1.6,1.52,0.14,1.52,0.22,1.8,1.69,0.08,1.69,0.67,2.0,1.96,0.38,1.96,0.17,1.8,1.75,0.21,1.75,0.13,1.4,1.26,0.16,1.26,0.35,1.6,1.6,0.03,1.6,0.01,1.3,1.08,0.01,1.08,0.35
38.0,5.11,5.727,37.91,0.05,-10.24,34.1,0.885,-6.636,32.34,-17.198,18.603,-15.558,94.257,-41.782,103.103,1.6,1.39,0.13,1.39,0.04,1.2,0.57,0.01,0.57,1.02,1.8,1.64,0.02,1.64,0.63,1.2,0.7,0.04,0.7,0.81,2.0,1.38,0.47,1.38,1.29,1.6,1.52,0.14,1.52,0.22,1.8,1.69,0.08,1.69,0.67,2.0,1.96,0.38,1.96,0.17,1.8,1.75,0.21,1.75,0.13,1.4,1.26,0.16,1.26,0.35,1.6,1.6,0.03,1.6,0.01,1.3,1.08,0.01,1.08,0.35
39.0,5.1,5.762,38.83,0.05,-10.65,34.2,1.164,-6.454,32.556,-16.025,18.688,-15.61,94.172,-42.393,103.274,1.6,1.39,0.13,1.39,0.04,1.2,0.57,0.01,0.57,1.02,1.8,1.64,0.02,1.64,0.63,1.2,0.7,0.04,0.7,0.81,2.0,1.38,0.47,1.38,1.29,1.6,1.52,0.14,1.52,0.22,1.8,1.69,0.08,1.69,0.67,2.0,1.96,0.38,1.96,0.17,1.8,1.75,0.21,1.75,0.13,1.4,1.26,0.16,1.26,0.35,1.6,1.6,0.03,1.6,0.01,1.3,1.08,0.01,1.08,0.35
40.0,5.09,5.796,39.74,0.05,-11.07,34.2,1.439,-6.303,32.843,-15.441,18.732,-15.6,94.093,-42.999,103.453,1.6,1.39,0.13,1.39,0.04,1.2,0.57,0.01,0.57,1.02,1.8,1.64,0.02,1.64,0.63,1.2,0.7,0.04,0.7,0.81,2.0,1.38,0.47,1.38,1.29,1.6,1.52,0.14,1.52,0.22,1.8,1.69,0.08,1.69,0.67,2.0,1.96,0.38,1.96,0.17,1.8,1.75,0.21,1.75,0.13,1.4,1.26,0.16,1.26,0.35,1.6,1.6,0.03,1.6,0.01,1.3,1.08,0.01,1.08,0.35
41.0,5.07,5.831,40.65,0.06,-11.49,34.2,1.716,-6.287,33.13,-14.657,18.776,-15.458,94.006,-43.661,103.651,1.6,1.39,0.13,1.39,0.04,1.2,0.57,0.01,0.57,1.02,1.8,1.64,0.02,1.64,0.63,1.2,0.7,0.04,0.7,0.81,2.0,1.38,0.47,1.38,1.29,1.6,1.52,0.14,1.52,0.22,1.8,1.69,0.08,1.69,0.67,2.0,1.96,0.38,1.96,0.17,1.8,1.75,0.21,1.75,0.13,1.4,1.26,0.16,1.26,0.35,1.6,1.6,0.03,1.6,0.01,1.3,1.08,0.01,1.08,0.35
42.0,5.05,5.866,41.55,0.06,-11.91,34.0,1.882,-6.41,33.592,-14.186,18.814,-15.259,93.833,-44.279,103.757,1.6,1.39,0.13,1.39,0.04,1.2,0.57,0.01,0.57,1.02,1.8,1.64,0.02,1.64,0.63,1.2,0.7,0.04,0.7,0.81,2.0,1.38,0.47,1.38,1.29,1.6,1.52,0.14,1.52,0.22,1.8,1.69,0.08,1.69,0.67,2.0,1.96,0.38,1.96,0.17,1.8,1.75,0.21,1.75,0.13,1.4,1.26,0.16,1.26,0.35,1.6,1.6,0.03,1.6,0.01,1.3,1.08,0.01,1.08,0.35
43.0,5.02,5.9,42.45,0.06,-12.34,33.8,1.947,-6.678,34.212,-14.029,18.847,-15.018,93.593,-44.867,103.792,1.6,1.39,0.13,1.39,0.04,1.2,0.57,0.01,0.57,1.02,1.8,1.64,0.02,1.64,0.63,1.2,0.7,0.04,0.7,0.81,2.0,1.38,0.47,1.38,1.29,1.6,1.52,0.14,1.52,0.22,1.8,1.69,0.08,1.69,0.67,2.0,1.96,0.38,1.96,0.17,1.8,1.75,0.21,1.75,0.13,1.4,1.26,0.16,1.26,0.35,1.6,1.6,0.03,1.6,0.01,1.3,1.08,0.01,1.08,0.35
44.0,4.97,5.935,43.35,0.06,-12.78,33.6,2.013,-7.258,34.833,-14.128,18.88,-14.845,93.49,-45.617,104.026,1.6,1.39,0.13,1.39,0.04,1.2,0.57,0.01,0.57,1.02,1.8,1.64,0.02,1.64,0.63,1.2,0.7,0.04,0.7,0.81,2.0,1.38,0.47,1.38,1.29,1.6,1.52,0.14,1.52,0.22,1.8,1.69,0.08,1.69,0.67,2.0,1.96,0.38,1.96,0.17,1.8,1.75,0.21,1.75,0.03,1.5,1.33,0.21,1.33,0.39,1.5,1.55,0.09,1.55,0.0,1.3,1.08,0.01,1.08,0.35
45.0,4.92,5.969,44.24,0.07,-13.22,33.5,2.078,-7.872,35.45,-13.689,18.913,-14.795,93.434,-46.333,104.292,1.6,1.39,0.13,1.39,0.04,1.2,0.57,0.01,0.57,1.02,1.8,1.64,0.02,1.64,0.63,1.2,0.7,0.04,0.7,0.81,2.0,1.38,0.47,1.38,1.29,1.6,1.52,0.14,1.52,0.22,1.8,1.69,0.08,1.69,0.67,2.0,1.96,0.38,1.96,0.17,1.8,1.75,0.21,1.75,0.03,1.5,1.33,0.21,1.33,0.39,1.5,1.55,0.09,1.55,0.0,1.3,1.08,0.01,1.08,0.35
46.0,4.86,6.004,45.13,0.07,-13.66,33.6,2.143,-8.482,36.067,-13.024,18.945,-14.835,93.427,-47.025,104.594,1.6,1.39,0.13,1.39,0.04,1.2,0.57,0.01,0.57,1.02,1.8,1.64,0.02,1.64,0.63,1.2,0.7,0.04,0.7,0.81,2.0,1.38,0.47,1.38,1.29,1.6,1.52,0.14,1.52,0.22,1.8,1.69,0.08,1.69,0.67,2.0,1.96,0.38,1.96,0.17,1.8,1.75,0.21,1.75,0.03,1.5,1.33,0.21,1.33,0.39,1.5,1.55,0.09,1.55,0.0,1.3,1.08,0.01,1.08,0.35
47.0,4.79,6.038,46.02,0.07,-14.13,33.7,2.209,-8.971,36.686,-12.871,18.978,-14.953,93.523,-47.698,104.984,1.6,1.39,0.13,1.39,0.04,1.2,0.57,0.01,0.57,1.02,1.8,1.64,0.02,1.64,0.63,1.2,0.7,0.04,0.7,0.81,2.0,1.38,0.47,1.38,1.29,1.6,1.52,0.14,1.52,0.22,1.8,1.69,0.08,1.69,0.67,2.0,1.96,0.38,1.96,0.17,1.8,1.75,0.21,1.75,0.03,1.5,1.33,0.21,1.33,0.39,1.5,1.55,0.09,1.55,0.0,1.3,1.08,0.01,1.08,0.35
48.0,4.74,6.073,46.92,0.07,-14.58,34.0,2.274,-9.32,37.31,-12.458,19.011,-15.166,93.528,-48.177,105.207,1.6,1.39,0.13,1.39,0.04,1.2,0.57,0.01,0.57,1.02,1.8,1.64,0.02,1.64,0.63,1.2,0.7,0.04,0.7,0.81,2.0,1.38,0.47,1.38,1.29,1.6,1.52,0.14,1.52,0.22,1.8,1.69,0.08,1.69,0.67,2.0,1.96,0.38,1.96,0.17,1.8,1.75,0.21,1.75,0.03,1.5,1.33,0.21,1.33,0.39,1.5,1.55,0.09,1.55,0.0,1.3,1.08,0.01,1.08,0.35
49.0,4.69,6.107,47.83,0.06,-15.04,34.3,2.354,-9.59,38.136,-11.893,18.956,-15.438,93.495,-48.649,105.395,1.6,1.39,0.13,1.39,0.04,1.2,0.57,0.01,0.57,1.02,1.8,1.64,0.02,1.64,0.63,1.2,0.7,0.04,0.7,0.81,2.0,1.38,0.47,1.38,1.29,1.6,1.52,0.14,1.52,0.22,1.8,1.69,0.08,1.69,0.67,2.0,1.96,0.38,1.96,0.17,1.8,1.75,0.21,1.75,0.03,1.5,1.33,0.21,1.33,0.39,1.5,1.55,0.09,1.55,0.0,1.3,1.08,0.01,1.08,0.35
50.0,4.63,6.142,48.73,0.06,-15.5,34.4,2.469,-9.804,39.49,-11.205,18.667,-15.758,93.457,-49.319,105.672,1.6,1.39,0.13,1.39,0.04,1.2,0.57,0.01,0.57,1.02,1.8,1.64,0.02,1.64,0.63,1.2,0.7,0.04,0.7,0.81,2.0,1.38,0.47,1.38,1.29,1.6,1.52,0.14,1.52,0.22,1.8,1.69,0.08,1.69,0.67,2.0,1.96,0.38,1.96,0.17,1.8,1.75,0.21,1.75,0.03,1.5,1.33,0.21,1.33,0.39,1.5,1.55,0.09,1.55,0.0,1.3,1.08,0.01,1.08,0.35
51.0,4.55,6.177,49.62,0.06,-15.99,34.6,2.629,-10.051,40.369,-10.329,18.49,-16.026,93.406,-49.83,105.866,1.8,1.57,0.03,1.57,0.02,1.1,0.56,0.04,0.56,0.98,1.6,1.52,0.07,1.52,0.48,1.2,0.69,0.03,0.69,0.83,2.1,1.45,0.62,1.45,1.46,1.6,1.55,0.14,1.55,0.17,1.9,1.72,0.05,1.72,0.65,2.1,2.05,0.26,2.05,0.23,1.7,1.67,0.26,1.67,0.02,1.6,1.42,0.27,1.42,0.43,1.5,1.51,0.13,1.51,0.02,1.3,1.05,0.01,1.05,0.33
52.0,4.48,6.211,50.52,0.06,-16.47,34.6,2.799,-10.247,41.149,-9.463,18.337,-16.199,93.364,-50.363,106.082,1.8,1.57,0.03,1.57,0.02,1.1,0.56,0.04,0.56,0.98,1.6,1.52,0.07,1.52,0.48,1.2,0.69,0.03,0.69,0.83,2.1,1.45,0.62,1.45,1.46,1.6,1.55,0.14,1.55,0.17,1.9,1.72,0.05,1.72,0.65,2.1,2.05,0.26,2.05,0.23,1.7,1.67,0.26,1.67,0.02,1.6,1.42,0.27,1.42,0.43,1.5,1.51,0.13,1.51,0.02,1.3,1.05,0.01,1.05,0.33
53.0,4.42,6.246,51.41,0.06,-16.95,34.4,2.967,-10.352,41.927,-8.672,18.183,-16.241,93.34,-50.983,106.356,1.8,1.57,0.03,1.57,0.02,1.1,0.56,0.04,0.56,0.98,1.6,1.52,0.07,1.52,0.48,1.2,0.69,0.03,0.69,0.83,2.1,1.45,0.62,1.45,1.46,1.6,1.55,0.14,1.55,0.17,1.9,1.72,0.05,1.72,0.65,2.1,2.05,0.26,2.05,0.23,1.7,1.67,0.26,1.67,0.02,1.6,1.42,0.27,1.42,0.43,1.5,1.51,0.13,1.51,0.02,1.3,1.05,0.01,1.05,0.33
54.0,4.35,6.28,52.3,0.06,-17.44,34.2,3.122,-10.232,42.158,-8.167,18.309,-16.136,93.289,-51.396,106.511,1.8,1.57,0.03,1.57,0.02,1.1,0.56,0.04,0.56,0.98,1.6,1.52,0.07,1.52,0.48,1.2,0.69,0.03,0.69,0.83,2.1,1.45,0.62,1.45,1.46,1.6,1.55,0.14,1.55,0.17,1.9,1.72,0.05,1.72,0.65,2.1,2.05,0.26,2.05,0.23,1.7,1.67,0.26,1.67,0.02,1.6,1.42,0.27,1.42,0.43,1.5,1.51,0.13,1.51,0.02,1.3,1.05,0.01,1.05,0.33
55.0,4.28,6.314,53.19,0.06,-17.93,34.3,3.276,-9.924,42.352,-8.218,18.453,-16.042,93.227,-51.905,106.704,1.8,1.57,0.03,1.57,0.02,1.1,0.56,0.04,0.56,0.98,1.6,1.52,0.07,1.52,0.48,1.2,0.69,0.03,0.69,0.83,2.1,1.45,0.62,1.45,1.46,1.6,1.55,0.14,1.55,0.17,1.9,1.72,0.05,1.72,0.65,2.1,2.05,0.26,2.05,0.23,1.7,1.67,0.26,1.67,0.02,1.6,1.42,0.27,1.42,0.43,1.5,1.51,0.13,1.51,0.02,1.3,1.05,0.01,1.05,0.33
56.0,4.2,6.349,54.08,0.05,-18.43,34.5,3.427,-9.42,42.567,-8.842,18.598,-15.979,93.154,-52.534,106.947,1.8,1.57,0.03,1.57,0.02,1.1,0.56,0.04,0.56,0.98,1.6,1.52,0.07,1.52,0.48,1.2,0.69,0.03,0.69,0.83,2.1,1.45,0.62,1.45,1.46,1.6,1.55,0.14,1.55,0.17,1.9,1.72,0.05,1.72,0.65,2.1,2.05,0.26,2.05,0.23,1.7,1.67,0.26,1.67,0.02,1.6,1.42,0.27,1.42,0.43,1.5,1.51,0.13,1.51,0.02,1.3,1.05,0.01,1.05,0.33
57.0,4.13,6.383,54.96,0.04,-18.93,34.9,3.391,-8.663,43.692,-8.756,18.781,-16.175,93.116,-53.095,107.192,1.8,1.57,0.03,1.57,0.02,1.1,0.56,0.04,0.56,0.98,1.6,1.52,0.07,1.52,0.48,1.2,0.69,0.03,0.69,0.83,2.1,1.45,0.62,1.45,1.46,1.6,1.55,0.14,1.55,0.17,1.9,1.72,0.05,1.72,0.65,2.1,2.05,0.26,2.05,0.23,1.7,1.67,0.26,1.67,0.02,1.6,1.42,0.27,1.42,0.43,1.5,1.51,0.13,1.51,0.02,1.3,1.05,0.01,1.05,0.33
58.0,4.06,6.417,55.85,0.03,-19.43,35.3,3.308,-7.805,43.717,-8.611,18.95,-16.417,93.097,-53.524,107.391,1.8,1.57,0.03,1.57,0.02,1.1,0.56,0.04,0.56,0.98,1.6,1.52,0.07,1.52,0.48,1.2,0.69,0.03,0.69,0.83,2.1,1.45,0.62,1.45,1.46,1.6,1.55,0.14,1.55,0.17,1.9,1.72,0.05,1.72,0.65,2.1,2.05,0.26,2.05,0.23,1.7,1.67,0.26,1.67,0.02,1.6,1.42,0.27,1.42,0.43,1.5,1.51,0.13,1.51,0.02,1.3,1.05,0.01,1.05,0.33
59.0,3.98,6.451,56.73,0.02,-19.94,35.5,3.186,-6.854,42.867,-8.475,19.11,-16.696,93.076,-53.846,107.535,1.8,1.57,0.03,1.57,0.02,1.1,0.56,0.04,0.56,0.98,1.6,1.52,0.07,1.52,0.48,1.2,0.69,0.03,0.69,0.83,2.1,1.45,0.62,1.45,1.46,1.6,1.55,0.14,1.55,0.17,1.9,1.72,0.05,1.72,0.65,2.1,2.05,0.26,2.05,0.23,1.7,1.67,0.26,1.67,0.02,1.6,1.42,0.27,1.42,0.43,1.5,1.51,0.13,1.51,0.02,1.3,1.05,0.01,1.05,0.33
60.0,3.91,6.485,57.61,0.01,-20.45,35.8,3.065,-5.786,42.024,-8.858,19.268,-16.971,92.878,-54.144,107.514,1.8,1.57,0.03,1.57,0.02,1.1,0.56,0.04,0.56,0.98,1.6,1.52,0.07,1.52,0.48,1.2,0.69,0.03,0.69,0.83,2.1,1.45,0.62,1.45,1.46,1.6,1.55,0.14,1.55,0.17,1.9,1.72,0.05,1.72,0.65,2.1,2.05,0.26,2.05,0.23,1.7,1.67,0.26,1.67,0.02,1.6,1.42,0.27,1.42,0.43,1.5,1.51,0.13,1.51,0.02,1.3,1.05,0.01,1.05,0.33
61.0,3.83,6.519,58.48,-0.0,-20.97,36.4,2.945,-4.755,41.181,-9.489,19.426,-17.205,92.811,-54.794,107.789,1.9,1.67,0.11,1.67,0.01,1.1,0.53,0.09,0.53,0.95,1.5,1.46,0.1,1.46,0.43,1.2,0.7,0.02,0.7,0.81,2.2,1.65,0.65,1.65,1.34,1.4,1.3,0.05,1.3,0.09,1.9,1.78,0.01,1.78,0.62,2.1,1.95,0.27,1.95,0.0,1.7,1.63,0.27,1.63,0.02,1.6,1.39,0.23,1.39,0.57,1.4,1.44,0.2,1.44,0.06,1.3,1.1,0.08,1.1,0.39
62.0,3.74,6.553,59.35,-0.01,-21.5,36.9,2.829,-3.759,40.335,-10.435,19.556,-17.38,92.806,-55.573,108.186,1.9,1.67,0.11,1.67,0.01,1.1,0.53,0.09,0.53,0.95,1.5,1.46,0.1,1.46,0.43,1.2,0.7,0.02,0.7,0.81,2.2,1.65,0.65,1.65,1.34,1.4,1.3,0.05,1.3,0.09,1.9,1.78,0.01,1.78,0.62,2.1,1.95,0.27,1.95,0.0,1.7,1.63,0.27,1.63,0.02,1.6,1.39,0.23,1.39,0.57,1.4,1.44,0.2,1.44,0.06,1.3,1.1,0.08,1.1,0.39
63.0,3.66,6.587,60.22,-0.03,-22.02,36.9,2.743,-2.836,39.469,-12.367,19.52,-17.344,92.683,-55.812,108.206,1.9,1.67,0.11,1.67,0.01,1.1,0.53,0.09,0.53,0.95,1.5,1.46,0.1,1.46,0.43,1.2,0.7,0.02,0.7,0.81,2.2,1.65,0.65,1.65,1.34,1.4,1.3,0.05,1.3,0.09,1.9,1.78,0.01,1.78,0.62,2.1,1.95,0.27,1.95,0.0,1.7,1.63,0.27,1.63,0.02,1.6,1.39,0.23,1.39,0.57,1.4,1.44,0.2,1.44,0.06,1.3,1.1,0.08,1.1,0.39
64.0,3.58,6.62,61.09,-0.05,-22.55,36.6,2.66,-2.043,37.859,-13.965,19.462,-17.165,92.585,-56.131,108.29,1.9,1.67,0.11,1.67,0.01,1.1,0.53,0.09,0.53,0.95,1.5,1.46,0.1,1.46,0.43,1.2,0.7,0.02,0.7,0.81,2.2,1.65,0.65,1.65,1.34,1.4,1.3,0.05,1.3,0.09,1.9,1.78,0.01,1.78,0.62,2.1,1.95,0.27,1.95,0.0,1.7,1.63,0.27,1.63,0.02,1.6,1.39,0.23,1.39,0.57,1.4,1.44,0.2,1.44,0.06,1.3,1.1,0.08,1.1,0.39
65.0,3.51,6.654,61.96,-0.07,-23.07,36.3,2.533,-1.323,35.83,-15.543,19.423,-16.876,92.513,-56.446,108.395,1.9,1.67,0.11,1.67,0.01,1.1,0.53,0.09,0.53,0.95,1.5,1.46,0.1,1.46,0.43,1.2,0.7,0.02,0.7,0.81,2.2,1.65,0.65,1.65,1.34,1.4,1.3,0.05,1.3,0.09,1.9,1.78,0.01,1.78,0.62,2.1,1.95,0.27,1.95,0.0,1.7,1.63,0.27,1.63,0.02,1.6,1.39,0.23,1.39,0.57,1.4,1.44,0.2,1.44,0.06,1.3,1.1,0.08,1.1,0.39
66.0,3.45,6.688,62.83,-0.09,-23.59,35.8,2.198,-0.628,33.628,-17.82,19.513,-16.425,92.51,-56.549,108.446,1.9,1.67,0.11,1.67,0.01,1.1,0.53,0.09,0.53,0.95,1.5,1.46,0.1,1.46,0.43,1.2,0.7,0.02,0.7,0.81,2.2,1.65,0.65,1.65,1.34,1.4,1.3,0.05,1.3,0.09,1.9,1.78,0.01,1.78,0.62,2.1,1.95,0.27,1.95,0.0,1.7,1.63,0.27,1.63,0.02,1.6,1.39,0.23,1.39,0.57,1.4,1.44,0.2,1.44,0.06,1.3,1.1,0.08,1.1,0.39
67.0,3.39,6.722,63.7,-0.12,-24.11,35.4,1.864,-0.166,31.427,-19.644,19.604,-16.001,92.368,-56.651,108.38,1.9,1.67,0.11,1.67,0.01,1.1,0.53,0.09,0.53,0.95,1.5,1.46,0.1,1.46,0.43,1.2,0.7,0.02,0.7,0.81,2.2,1.65,0.65,1.65,1.34,1.4,1.3,0.05,1.3,0.09,1.9,1.78,0.01,1.78,0.62,2.1,1.95,0.27,1.95,0.0,1.7,1.63,0.27,1.63,0.02,1.6,1.39,0.23,1.39,0.57,1.4,1.44,0.2,1.44,0.06,1.3,1.1,0.08,1.1,0.39
68.0,3.33,6.756,64.56,-0.14,-24.64,35.1,1.532,0.086,29.245,-21.433,19.694,-15.617,92.203,-56.891,108.367,1.9,1.67,0.11,1.67,0.01,1.1,0.53,0.09,0.53,0.95,1.5,1.46,0.1,1.46,0.43,1.2,0.7,0.02,0.7,0.81,2.2,1.65,0.65,1.65,1.34,1.4,1.3,0.05,1.3,0.09,1.9,1.78,0.01,1.78,0.62,2.1,1.95,0.27,1.95,0.0,1.7,1.63,0.27,1.63,0.02,1.6,1.39,0.23,1.39,0.57,1.4,1.44,0.2,1.44,0.06,1.3,1.1,0.08,1.1,0.39
69.0,3.22,6.789,65.41,-0.16,-25.2,35.1,1.209,-0.016,27.122,-23.68,19.781,-15.326,92.146,-57.557,108.673,1.9,1.71,0.19,1.71,0.22,1.1,0.53,0.08,0.53,0.95,1.6,1.54,0.02,1.54,0.48,1.2,0.7,0.02,0.7,0.8,2.2,1.74,0.63,1.74,1.28,1.4,1.26,0.06,1.26,0.01,1.9,1.79,0.01,1.79,0.69,2.0,1.94,0.27,1.94,0.17,1.5,1.46,0.4,1.46,0.12,1.6,1.28,0.2,1.28,0.78,1.4,1.4,0.22,1.4,0.09,1.4,1.14,0.16,1.14,0.44
70.0,3.14,6.822,66.27,-0.18,-25.75,35.1,0.633,-0.692,25.316,-24.708,19.827,-15.293,92.042,-58.052,108.85,1.9,1.71,0.19,1.71,0.22,1.1,0.53,0.08,0.53,0.95,1.6,1.54,0.02,1.54,0.48,1.2,0.7,0.02,0.7,0.8,2.2,1.74,0.63,1.74,1.28,1.4,1.26,0.06,1.26,0.01,1.9,1.79,0.01,1.79,0.69,2.0,1.94,0.27,1.94,0.17,1.5,1.46,0.4,1.46,0.12,1.6,1.28,0.2,1.28,0.78,1.4,1.4,0.22,1.4,0.09,1.4,1.14,0.16,1.14,0.44
71.0,3.08,6.856,67.12,-0.21,-26.29,35.2,-0.051,-1.674,23.466,-25.644,19.846,-15.361,91.926,-58.413,108.946,1.9,1.71,0.19,1.71,0.22,1.1,0.53,0.08,0.53,0.95,1.6,1.54,0.02,1.54,0.48,1.2,0.7,0.02,0.7,0.8,2.2,1.74,0.63,1.74,1.28,1.4,1.26,0.06,1.26,0.01,1.9,1.79,0.01,1.79,0.69,2.0,1.94,0.27,1.94,0.17,1.5,1.46,0.4,1.46,0.12,1.6,1.28,0.2,1.28,0.78,1.4,1.4,0.22,1.4,0.09,1.4,1.14,0.16,1.14,0.44
72.0,3.01,6.889,67.98,-0.23,-26.83,35.3,-0.773,-2.937,21.069,-27.815,19.834,-15.438,91.829,-58.541,108.933,1.9,1.71,0.19,1.71,0.22,1.1,0.53,0.08,0.53,0.95,1.6,1.54,0.02,1.54,0.48,1.2,0.7,0.02,0.7,0.8,2.2,1.74,0.63,1.74,1.28,1.4,1.26,0.06,1.26,0.01,1.9,1.79,0.01,1.79,0.69,2.0,1.94,0.27,1.94,0.17,1.5,1.46,0.4,1.46,0.12,1.6,1.28,0.2,1.28,0.78,1.4,1.4,0.22,1.4,0.09,1.4,1.14,0.16,1.14,0.44
73.0,2.94,6.923,68.83,-0.25,-27.38,35.2,-1.245,-4.255,19.574,-28.899,19.659,-15.606,91.775,-58.749,108.996,1.9,1.66,0.16,1.66,0.33,1.1,0.53,0.08,0.53,0.95,1.7,1.56,0.06,1.56,0.44,1.2,0.68,0.02,0.68,0.78,2.0,1.69,0.42,1.69,1.02,1.5,1.4,0.09,1.4,0.1,1.9,1.76,0.02,1.76,0.72,2.0,1.93,0.27,1.93,0.32,1.5,1.46,0.4,1.46,0.12,1.5,1.22,0.17,1.22,0.86,1.5,1.4,0.14,1.4,0.24,1.4,1.17,0.18,1.17,0.49
74.0,2.88,6.956,69.68,-0.27,-27.92,35.2,-1.534,-5.509,18.286,-29.284,19.414,-15.805,91.753,-58.948,109.079,1.9,1.66,0.16,1.66,0.33,1.1,0.53,0.08,0.53,0.95,1.7,1.56,0.06,1.56,0.44,1.2,0.68,0.02,0.68,0.78,2.0,1.69,0.42,1.69,1.02,1.5,1.4,0.09,1.4,0.1,1.9,1.76,0.02,1.76,0.72,2.0,1.93,0.27,1.93,0.32,1.5,1.46,0.4,1.46,0.12,1.5,1.22,0.17,1.22,0.86,1.5,1.4,0.14,1.4,0.24,1.4,1.17,0.18,1.17,0.49
75.0,2.82,6.99,70.53,-0.29,-28.47,35.0,-1.531,-6.501,16.635,-28.719,19.137,-15.994,91.775,-59.028,109.137,1.9,1.66,0.16,1.66,0.33,1.1,0.53,0.08,0.53,0.95,1.7,1.56,0.06,1.56,0.44,1.2,0.68,0.02,0.68,0.78,2.0,1.69,0.42,1.69,1.02,1.5,1.4,0.09,1.4,0.1,1.9,1.76,0.02,1.76,0.72,2.0,1.93,0.27,1.93,0.32,1.5,1.46,0.4,1.46,0.12,1.5,1.22,0.17,1.22,0.86,1.5,1.4,0.14,1.4,0.24,1.4,1.17,0.18,1.17,0.49
76.0,2.75,7.023,71.38,-0.3,-29.02,35.2,-1.423,-7.269,16.22,-27.456,18.832,-16.253,91.994,-59.554,109.603,1.9,1.66,0.16,1.66,0.33,1.1,0.53,0.08,0.53,0.95,1.7,1.56,0.06,1.56,0.44,1.2,0.68,0.02,0.68,0.78,2.0,1.69,0.42,1.69,1.02,1.5,1.4,0.09,1.4,0.1,1.9,1.76,0.02,1.76,0.72,2.0,1.93,0.27,1.93,0.32,1.5,1.46,0.4,1.46,0.12,1.5,1.22,0.17,1.22,0.86,1.5,1.4,0.14,1.4,0.24,1.4,1.17,0.18,1.17,0.49
77.0,2.69,7.056,72.23,-0.31,-29.58,35.3,-1.278,-7.877,16.224,-25.874,18.518,-16.536,92.138,-60.046,109.989,1.9,1.66,0.16,1.66,0.33,1.1,0.53,0.08,0.53,0.95,1.7,1.56,0.06,1.56,0.44,1.2,0.68,0.02,0.68,0.78,2.0,1.69,0.42,1.69,1.02,1.5,1.4,0.09,1.4,0.1,1.9,1.76,0.02,1.76,0.72,2.0,1.93,0.27,1.93,0.32,1.5,1.46,0.4,1.46,0.12,1.5,1.22,0.17,1.22,0.86,1.5,1.4,0.14,1.4,0.24,1.4,1.17,0.18,1.17,0.49
78.0,2.65,7.089,73.08,-0.33,-30.12,35.0,-1.134,-8.23,16.228,-24.045,18.205,-16.824,91.852,-59.973,109.706,1.9,1.66,0.16,1.66,0.33,1.1,0.53,0.08,0.53,0.95,1.7,1.56,0.06,1.56,0.44,1.2,0.68,0.02,0.68,0.78,2.0,1.69,0.42,1.69,1.02,1.5,1.4,0.09,1.4,0.1,1.9,1.76,0.02,1.76,0.72,2.0,1.93,0.27,1.93,0.32,1.5,1.46,0.4,1.46,0.12,1.5,1.22,0.17,1.22,0.86,1.5,1.4,0.14,1.4,0.24,1.4,1.17,0.18,1.17,0.49
79.0,2.6,7.123,73.93,-0.35,-30.67,34.8,-1.233,-8.428,17.418,-22.432,17.841,-17.099,91.733,-59.969,109.602,1.9,1.66,0.16,1.66,0.33,1.1,0.53,0.08,0.53,0.95,1.7,1.56,0.06,1.56,0.44,1.2,0.68,0.02,0.68,0.78,2.0,1.69,0.42,1.69,1.02,1.5,1.4,0.09,1.4,0.1,1.9,1.76,0.02,1.76,0.72,2.0,1.93,0.27,1.93,0.32,1.5,1.46,0.4,1.46,0.12,1.5,1.22,0.17,1.22,0.86,1.5,1.4,0.14,1.4,0.24,1.4,1.17,0.18,1.17,0.49
80.0,2.55,7.156,74.77,-0.36,-31.23,34.7,-1.531,-8.472,19.135,-21.197,17.484,-17.308,91.702,-60.03,109.609,1.9,1.66,0.16,1.66,0.33,1.1,0.53,0.08,0.53,0.95,1.7,1.56,0.06,1.56,0.44,1.2,0.68,0.02,0.68,0.78,2.0,1.69,0.42,1.69,1.02,1.5,1.4,0.09,1.4,0.1,1.9,1.76,0.02,1.76,0.72,2.0,1.93,0.27,1.93,0.32,1.5,1.46,0.4,1.46,0.12,1.5,1.22,0.17,1.22,0.86,1.5,1.4,0.14,1.4,0.24,1.4,1.17,0.18,1.17,0.49
81.0,2.51,7.189,75.61,-0.37,-31.78,34.7,-2.207,-8.191,21.232,-20.956,17.211,-17.314,91.77,-60.225,109.773,1.9,1.69,0.19,1.69,0.41,1.1,0.51,0.08,0.51,0.96,1.7,1.59,0.11,1.59,0.5,1.1,0.67,0.03,0.67,0.76,1.9,1.7,0.31,1.7,0.9,1.6,1.5,0.17,1.5,0.1,2.0,1.78,0.02,1.78,0.81,2.0,1.94,0.24,1.94,0.26,1.4,1.36,0.46,1.36,0.08,1.5,1.14,0.13,1.14,0.92,1.6,1.41,0.02,1.41,0.37,1.4,1.2,0.17,1.2,0.46
82.0,2.47,7.222,76.46,-0.38,-32.34,34.2,-2.887,-7.791,23.34,-20.127,16.937,-17.2,91.833,-60.554,110.005,1.9,1.69,0.19,1.69,0.41,1.1,0.51,0.08,0.51,0.96,1.7,1.59,0.11,1.59,0.5,1.1,0.67,0.03,0.67,0.76,1.9,1.7,0.31,1.7,0.9,1.6,1.5,0.17,1.5,0.1,2.0,1.78,0.02,1.78,0.81,2.0,1.94,0.24,1.94,0.26,1.4,1.36,0.46,1.36,0.08,1.5,1.14,0.13,1.14,0.92,1.6,1.41,0.02,1.41,0.37,1.4,1.2,0.17,1.2,0.46
83.0,2.43,7.255,77.3,-0.38,-32.9,33.5,-3.575,-7.322,25.262,-19.348,16.689,-16.994,91.877,-60.95,110.259,1.9,1.69,0.19,1.69,0.41,1.1,0.51,0.08,0.51,0.96,1.7,1.59,0.11,1.59,0.5,1.1,0.67,0.03,0.67,0.76,1.9,1.7,0.31,1.7,0.9,1.6,1.5,0.17,1.5,0.1,2.0,1.78,0.02,1.78,0.81,2.0,1.94,0.24,1.94,0.26,1.4,1.36,0.46,1.36,0.08,1.5,1.14,0.13,1.14,0.92,1.6,1.41,0.02,1.41,0.37,1.4,1.2,0.17,1.2,0.46
84.0,2.4,7.288,78.14,-0.39,-33.45,33.0,-4.285,-6.767,26.485,-19.592,16.541,-16.622,91.864,-61.396,110.496,1.9,1.69,0.19,1.69,0.41,1.1,0.51,0.08,0.51,0.96,1.7,1.59,0.11,1.59,0.5,1.1,0.67,0.03,0.67,0.76,1.9,1.7,0.31,1.7,0.9,1.6,1.5,0.17,1.5,0.1,2.0,1.78,0.02,1.78,0.81,2.0,1.94,0.24,1.94,0.26,1.4,1.36,0.46,1.36,0.08,1.5,1.14,0.13,1.14,0.92,1.6,1.41,0.02,1.41,0.37,1.4,1.2,0.17,1.2,0.46
85.0,2.37,7.321,78.98,-0.4,-34.01,32.5,-4.644,-6.43,27.503,-19.035,16.336,-16.348,91.876,-61.726,110.69,1.9,1.69,0.19,1.69,0.41,1.1,0.51,0.08,0.51,0.96,1.7,1.59,0.11,1.59,0.5,1.1,0.67,0.03,0.67,0.76,1.9,1.7,0.31,1.7,0.9,1.6,1.5,0.17,1.5,0.1,2.0,1.78,0.02,1.78,0.81,2.0,1.94,0.24,1.94,0.26,1.4,1.36,0.46,1.36,0.08,1.5,1.14,0.13,1.14,0.92,1.6,1.41,0.02,1.41,0.37,1.4,1.2,0.17,1.2,0.46
86.0,2.34,7.353,79.82,-0.41,-34.58,32.1,-4.669,-6.212,28.228,-18.269,16.115,-16.113,91.867,-61.979,110.825,1.9,1.69,0.19,1.69,0.41,1.1,0.51,0.08,0.51,0.96,1.7,1.59,0.11,1.59,0.5,1.1,0.67,0.03,0.67,0.76,1.9,1.7,0.31,1.7,0.9,1.6,1.5,0.17,1.5,0.1,2.0,1.78,0.02,1.78,0.81,2.0,1.94,0.24,1.94,0.26,1.4,1.36,0.46,1.36,0.08,1.5,1.14,0.13,1.14,0.92,1.6,1.41,0.02,1.41,0.37,1.4,1.2,0.17,1.2,0.46
87.0,2.3,7.386,80.65,-0.42,-35.15,31.9,-3.808,-6.113,27.962,-18.212,15.943,-15.855,91.699,-62.101,110.756,1.9,1.69,0.19,1.69,0.41,1.1,0.51,0.08,0.51,0.96,1.7,1.59,0.11,1.59,0.5,1.1,0.67,0.03,0.67,0.76,1.9,1.7,0.31,1.7,0.9,1.6,1.5,0.17,1.5,0.1,2.0,1.78,0.02,1.78,0.81,2.0,1.94,0.24,1.94,0.26,1.4,1.36,0.46,1.36,0.08,1.5,1.14,0.13,1.14,0.92,1.6,1.41,0.02,1.41,0.37,1.4,1.2,0.17,1.2,0.46
88.0,2.27,7.419,81.48,-0.43,-35.72,31.6,-2.944,-6.124,27.694,-18.302,15.771,-15.587,91.576,-62.223,110.724,1.9,1.69,0.19,1.69,0.41,1.1,0.51,0.08,0.51,0.96,1.7,1.59,0.11,1.59,0.5,1.1,0.67,0.03,0.67,0.76,1.9,1.7,0.31,1.7,0.9,1.6,1.5,0.17,1.5,0.1,2.0,1.78,0.02,1.78,0.81,2.0,1.94,0.24,1.94,0.26,1.4,1.36,0.46,1.36,0.08,1.5,1.14,0.13,1.14,0.92,1.6,1.41,0.02,1.41,0.37,1.4,1.2,0.17,1.2,0.46
89.0,2.24,7.452,82.31,-0.44,-36.29,31.3,-2.079,-6.195,27.426,-18.433,15.598,-15.309,91.489,-62.345,110.72,1.9,1.69,0.19,1.69,0.41,1.1,0.51,0.08,0.51,0.96,1.7,1.59,0.11,1.59,0.5,1.1,0.67,0.03,0.67,0.76,1.9,1.7,0.31,1.7,0.9,1.6,1.5,0.17,1.5,0.1,2.0,1.78,0.02,1.78,0.81,2.0,1.94,0.24,1.94,0.26,1.4,1.36,0.46,1.36,0.08,1.5,1.14,0.13,1.14,0.92,1.6,1.41,0.02,1.41,0.37,1.4,1.2,0.17,1.2,0.46
90.0,2.22,7.484,83.14,-0.45,-36.86,31.0,-1.219,-6.24,27.16,-18.209,15.426,-14.995,91.486,-62.467,110.786,1.9,1.69,0.19,1.69,0.41,1.1,0.51,0.08,0.51,0.96,1.7,1.59,0.11,1.59,0.5,1.1,0.67,0.03,0.67,0.76,1.9,1.7,0.31,1.7,0.9,1.6,1.5,0.17,1.5,0.1,2.0,1.78,0.02,1.78,0.81,2.0,1.94,0.24,1.94,0.26,1.4,1.36,0.46,1.36,0.08,1.5,1.14,0.13,1.14,0.92,1.6,1.41,0.02,1.41,0.37,1.4,1.2,0.17,1.2,0.46
91.0,2.2,7.517,83.98,-0.47,-37.42,30.3,-0.356,-6.286,26.893,-17.91,15.254,-14.674,91.589,-62.691,110.997,1.9,1.69,0.19,1.69,0.41,1.1,0.51,0.08,0.51,0.96,1.7,1.59,0.11,1.59,0.5,1.1,0.67,0.03,0.67,0.76,1.9,1.7,0.31,1.7,0.9,1.6,1.5,0.17,1.5,0.1,2.0,1.78,0.02,1.78,0.81,2.0,1.94,0.24,1.94,0.26,1.4,1.36,0.46,1.36,0.08,1.5,1.14,0.13,1.14,0.92,1.6,1.41,0.02,1.41,0.37,1.4,1.2,0.17,1.2,0.46
92.0,2.2,7.549,84.81,-0.48,-37.99,29.4,0.511,-6.316,26.702,-17.576,15.098,-14.356,91.751,-62.981,111.295,1.9,1.69,0.19,1.69,0.41,1.1,0.51,0.08,0.51,0.96,1.7,1.59,0.11,1.59,0.5,1.1,0.67,0.03,0.67,0.76,1.9,1.7,0.31,1.7,0.9,1.6,1.5,0.17,1.5,0.1,2.0,1.78,0.02,1.78,0.81,2.0,1.94,0.24,1.94,0.26,1.4,1.36,0.46,1.36,0.08,1.5,1.14,0.13,1.14,0.92,1.6,1.41,0.02,1.41,0.37,1.4,1.2,0.17,1.2,0.46
93.0,2.19,7.582,85.64,-0.5,-38.56,29.6,1.443,-6.023,28.129,-17.669,15.308,-14.198,91.516,-63.039,111.134,1.9,1.69,0.19,1.69,0.41,1.1,0.51,0.08,0.51,0.96,1.7,1.59,0.11,1.59,0.5,1.1,0.67,0.03,0.67,0.76,1.9,1.7,0.31,1.7,0.9,1.6,1.5,0.17,1.5,0.1,2.0,1.78,0.02,1.78,0.81,2.0,1.94,0.24,1.94,0.26,1.4,1.36,0.46,1.36,0.08,1.5,1.14,0.13,1.14,0.92,1.6,1.41,0.02,1.41,0.37,1.4,1.2,0.17,1.2,0.46
94.0,2.19,7.615,86.48,-0.51,-39.13,29.9,2.375,-5.73,29.556,-17.763,15.518,-14.039,91.282,-63.097,110.973,1.9,1.69,0.19,1.69,0.41,1.1,0.51,0.08,0.51,0.96,1.7,1.59,0.11,1.59,0.5,1.1,0.67,0.03,0.67,0.76,1.9,1.7,0.31,1.7,0.9,1.6,1.5,0.17,1.5,0.1,2.0,1.78,0.02,1.78,0.81,2.0,1.94,0.24,1.94,0.26,1.4,1.36,0.46,1.36,0.08,1.5,1.14,0.13,1.14,0.92,1.6,1.41,0.02,1.41,0.37,1.4,1.2,0.17,1.2,0.46
95.0,2.19,7.647,87.31,-0.52,-39.7,30.1,3.307,-5.437,30.983,-17.856,15.728,-13.881,91.047,-63.155,110.812,1.9,1.69,0.19,1.69,0.41,1.1,0.51,0.08,0.51,0.96,1.7,1.59,0.11,1.59,0.5,1.1,0.67,0.03,0.67,0.76,1.9,1.7,0.31,1.7,0.9,1.6,1.5,0.17,1.5,0.1,2.0,1.78,0.02,1.78,0.81,2.0,1.94,0.24,1.94,0.26,1.4,1.36,0.46,1.36,0.08,1.5,1.14,0.13,1.14,0.92,1.6,1.41,0.02,1.41,0.37,1.4,1.2,0.17,1.2,0.46
96.0,2.18,7.68,88.13,-0.53,-40.28,30.0,3.42,-5.146,32.93,-17.949,16.079,-13.724,91.303,-63.651,111.31,1.9,1.69,0.18,1.69,0.33,1.1,0.43,0.11,0.43,0.95,2.0,1.8,0.32,1.8,0.65,1.1,0.66,0.04,0.66,0.76,1.8,1.4,0.14,1.4,1.07,1.9,1.76,0.37,1.76,0.58,2.1,1.88,0.09,1.88,0.84,2.0,2.04,0.1,2.04,0.08,1.5,1.42,0.36,1.42,0.05,1.4,1.19,0.01,1.19,0.56,1.9,1.56,0.23,1.56,0.41,1.4,1.18,0.09,1.18,0.38
97.0,2.18,7.712,88.95,-0.55,-40.85,30.1,3.247,-4.856,34.004,-18.325,16.487,-13.649,91.389,-64.122,111.654,1.9,1.69,0.18,1.69,0.33,1.1,0.43,0.11,0.43,0.95,2.0,1.8,0.32,1.8,0.65,1.1,0.66,0.04,0.66,0.76,1.8,1.4,0.14,1.4,1.07,1.9,1.76,0.37,1.76,0.58,2.1,1.88,0.09,1.88,0.84,2.0,2.04,0.1,2.04,0.08,1.5,1.42,0.36,1.42,0.05,1.4,1.19,0.01,1.19,0.56,1.9,1.56,0.23,1.56,0.41,1.4,1.18,0.09,1.18,0.38
98.0,2.17,7.745,89.78,-0.56,-41.43,30.6,2.732,-4.567,33.967,-19.059,16.964,-13.677,91.249,-64.552,111.791,1.9,1.69,0.18,1.69,0.33,1.1,0.43,0.11,0.43,0.95,2.0,1.8,0.32,1.8,0.65,1.1,0.66,0.04,0.66,0.76,1.8,1.4,0.14,1.4,1.07,1.9,1.76,0.37,1.76,0.58,2.1,1.88,0.09,1.88,0.84,2.0,2.04,0.1,2.04,0.08,1.5,1.42,0.36,1.42,0.05,1.4,1.19,0.01,1.19,0.56,1.9,1.56,0.23,1.56,0.41,1.4,1.18,0.09,1.18,0.38
99.0,2.17,7.777,90.59,-0.58,-42.01,31.0,1.851,-4.28,33.961,-19.79,17.348,-13.705,91.315,-64.611,111.881,1.9,1.69,0.18,1.69,0.33,1.1,0.43,0.11,0.43,0.95,2.0,1.8,0.32,1.8,0.65,1.1,0.66,0.04,0.66,0.76,1.8,1.4,0.14,1.4,1.07,1.9,1.76,0.37,1.76,0.58,2.1,1.88,0.09,1.88,0.84,2.0,2.04,0.1,2.04,0.08,1.5,1.42,0.36,1.42,0.05,1.4,1.19,0.01,1.19,0.56,1.9,1.56,0.23,1.56,0.41,1.4,1.18,0.09,1.18,0.38
100.0,2.16,7.809,91.41,-0.61,-42.59,31.3,0.918,-4.122,34.082,-20.483,17.624,-13.666,91.399,-64.785,112.053,1.9,1.69,0.18,1.69,0.33,1.1,0.43,0.11,0.43,0.95,2.0,1.8,0.32,1.8,0.65,1.1,0.66,0.04,0.66,0.76,1.8,1.4,0.14,1.4,1.07,1.9,1.76,0.37,1.76,0.58,2.1,1.88,0.09,1.88,0.84,2.0,2.04,0.1,2.04,0.08,1.5,1.42,0.36,1.42,0.05,1.4,1.19,0.01,1.19,0.56,1.9,1.56,0.23,1.56,0.41,1.4,1.18,0.09,1.18,0.38
101.0,2.15,7.841,92.22,-0.63,-43.17,31.4,-0.033,-4.213,34.437,-21.103,17.712,-13.501,91.469,-65.261,112.39,1.9,1.69,0.18,1.69,0.33,1.1,0.43,0.11,0.43,0.95,2.0,1.8,0.32,1.8,0.65,1.1,0.66,0.04,0.66,0.76,1.8,1.4,0.14,1.4,1.07,1.9,1.76,0.37,1.76,0.58,2.1,1.88,0.09,1.88,0.84,2.0,2.04,0.1,2.04,0.08,1.5,1.42,0.36,1.42,0.05,1.4,1.19,0.01,1.19,0.56,1.9,1.56,0.23,1.56,0.41,1.4,1.18,0.09,1.18,0.38
102.0,2.14,7.873,93.04,-0.65,-43.76,31.6,-1.032,-4.303,33.045,-21.719,17.901,-13.338,91.648,-65.696,112.794,1.9,1.69,0.18,1.69,0.33,1.1,0.43,0.11,0.43,0.95,2.0,1.8,0.32,1.8,0.65,1.1,0.66,0.04,0.66,0.76,1.8,1.4,0.14,1.4,1.07,1.9,1.76,0.37,1.76,0.58,2.1,1.88,0.09,1.88,0.84,2.0,2.04,0.1,2.04,0.08,1.5,1.42,0.36,1.42,0.05,1.4,1.19,0.01,1.19,0.56,1.9,1.56,0.23,1.56,0.41,1.4,1.18,0.09,1.18,0.38
103.0,2.12,7.905,93.85,-0.67,-44.34,31.8,-1.971,-4.393,31.275,-22.333,18.09,-13.175,91.803,-66.063,113.136,1.9,1.69,0.18,1.69,0.33,1.1,0.43,0.11,0.43,0.95,2.0,1.8,0.32,1.8,0.65,1.1,0.66,0.04,0.66,0.76,1.8,1.4,0.14,1.4,1.07,1.9,1.76,0.37,1.76,0.58,2.1,1.88,0.09,1.88,0.84,2.0,2.04,0.1,2.04,0.08,1.5,1.42,0.36,1.42,0.05,1.4,1.19,0.01,1.19,0.56,1.9,1.56,0.23,1.56,0.41,1.4,1.18,0.09,1.18,0.38
104.0,2.11,7.937,94.66,-0.69,-44.93,31.9,-2.668,-4.482,29.759,-22.945,18.192,-13.012,91.781,-66.234,113.214,1.9,1.73,0.17,1.73,0.29,1.0,0.38,0.13,0.38,0.94,2.0,1.82,0.32,1.82,0.73,1.1,0.65,0.04,0.65,0.77,1.9,1.24,0.22,1.24,1.39,2.1,1.9,0.54,1.9,0.87,2.2,2.03,0.25,2.03,0.9,2.1,2.04,0.04,2.04,0.07,1.5,1.51,0.27,1.51,0.03,1.4,1.25,0.01,1.25,0.37,1.9,1.52,0.23,1.52,0.36,1.3,1.17,0.06,1.17,0.34
105.0,2.09,7.969,95.47,-0.71,-45.52,32.0,-3.201,-4.572,28.646,-23.559,18.302,-12.849,91.819,-66.284,113.277,1.9,1.73,0.17,1.73,0.29,1.0,0.38,0.13,0.38,0.94,2.0,1.82,0.32,1.82,0.73,1.1,0.65,0.04,0.65,0.77,1.9,1.24,0.22,1.24,1.39,2.1,1.9,0.54,1.9,0.87,2.2,2.03,0.25,2.03,0.9,2.1,2.04,0.04,2.04,0.07,1.5,1.51,0.27,1.51,0.03,1.4,1.25,0.01,1.25,0.37,1.9,1.52,0.23,1.52,0.36,1.3,1.17,0.06,1.17,0.34
106.0,2.07,8.001,96.28,-0.74,-46.11,32.0,-3.626,-4.662,27.745,-24.176,18.419,-12.685,91.843,-66.242,113.275,1.9,1.73,0.17,1.73,0.29,1.0,0.38,0.13,0.38,0.94,2.0,1.82,0.32,1.82,0.73,1.1,0.65,0.04,0.65,0.77,1.9,1.24,0.22,1.24,1.39,2.1,1.9,0.54,1.9,0.87,2.2,2.03,0.25,2.03,0.9,2.1,2.04,0.04,2.04,0.07,1.5,1.51,0.27,1.51,0.03,1.4,1.25,0.01,1.25,0.37,1.9,1.52,0.23,1.52,0.36,1.3,1.17,0.06,1.17,0.34
107.0,2.09,8.033,97.1,-0.76,-46.68,31.3,-3.829,-4.753,26.879,-24.797,18.553,-12.52,91.439,-65.923,112.756,1.9,1.73,0.17,1.73,0.29,1.0,0.38,0.13,0.38,0.94,2.0,1.82,0.32,1.82,0.73,1.1,0.65,0.04,0.65,0.77,1.9,1.24,0.22,1.24,1.39,2.1,1.9,0.54,1.9,0.87,2.2,2.03,0.25,2.03,0.9,2.1,2.04,0.04,2.04,0.07,1.5,1.51,0.27,1.51,0.03,1.4,1.25,0.01,1.25,0.37,1.9,1.52,0.23,1.52,0.36,1.3,1.17,0.06,1.17,0.34
108.0,2.1,8.066,97.92,-0.78,-47.25,30.9,-4.09,-5.051,26.106,-25.746,18.747,-12.295,91.238,-65.904,112.579,1.9,1.73,0.17,1.73,0.29,1.0,0.38,0.13,0.38,0.94,2.0,1.82,0.32,1.82,0.73,1.1,0.65,0.04,0.65,0.77,1.9,1.24,0.22,1.24,1.39,2.1,1.9,0.54,1.9,0.87,2.2,2.03,0.25,2.03,0.9,2.1,2.04,0.04,2.04,0.07,1.5,1.51,0.27,1.51,0.03,1.4,1.25,0.01,1.25,0.37,1.9,1.52,0.23,1.52,0.36,1.3,1.17,0.06,1.17,0.34
109.0,2.09,8.098,98.73,-0.8,-47.84,30.9,-4.398,-5.519,25.408,-26.961,18.989,-12.02,91.202,-66.131,112.68,1.9,1.73,0.17,1.73,0.29,1.0,0.38,0.13,0.38,0.94,2.0,1.82,0.32,1.82,0.73,1.1,0.65,0.04,0.65,0.77,1.9,1.24,0.22,1.24,1.39,2.1,1.9,0.54,1.9,0.87,2.2,2.03,0.25,2.03,0.9,2.1,2.04,0.04,2.04,0.07,1.5,1.51,0.27,1.51,0.03,1.4,1.25,0.01,1.25,0.37,1.9,1.52,0.23,1.52,0.36,1.3,1.17,0.06,1.17,0.34
110.0,2.08,8.13,99.55,-0.82,-48.42,30.8,-4.779,-6.185,25.177,-26.607,19.305,-11.976,91.267,-66.252,112.801,1.9,1.73,0.17,1.73,0.29,1.0,0.38,0.13,0.38,0.94,2.0,1.82,0.32,1.82,0.73,1.1,0.65,0.04,0.65,0.77,1.9,1.24,0.22,1.24,1.39,2.1,1.9,0.54,1.9,0.87,2.2,2.03,0.25,2.03,0.9,2.1,2.04,0.04,2.04,0.07,1.5,1.51,0.27,1.51,0.03,1.4,1.25,0.01,1.25,0.37,1.9,1.52,0.23,1.52,0.36,1.3,1.17,0.06,1.17,0.34
111.0,2.06,8.162,100.35,-0.84,-49.02,31.1,-5.158,-6.81,24.952,-26.148,19.62,-11.962,91.326,-66.444,112.961,1.9,1.7,0.13,1.7,0.14,1.0,0.39,0.13,0.39,0.93,2.0,1.79,0.25,1.79,0.7,1.1,0.65,0.05,0.65,0.78,1.9,1.14,0.2,1.14,1.54,2.2,2.0,0.63,2.0,0.99,2.2,1.98,0.18,1.98,0.84,2.1,2.06,0.02,2.06,0.09,1.7,1.69,0.06,1.69,0.19,1.5,1.34,0.01,1.34,0.08,1.8,1.45,0.12,1.45,0.2,1.3,1.15,0.04,1.15,0.37
112.0,2.03,8.193,101.15,-0.87,-49.62,31.7,-5.534,-7.378,24.73,-25.573,19.931,-11.983,91.376,-66.734,113.174,1.9,1.7,0.13,1.7,0.14,1.0,0.39,0.13,0.39,0.93,2.0,1.79,0.25,1.79,0.7,1.1,0.65,0.05,0.65,0.78,1.9,1.14,0.2,1.14,1.54,2.2,2.0,0.63,2.0,0.99,2.2,1.98,0.18,1.98,0.84,2.1,2.06,0.02,2.06,0.09,1.7,1.69,0.06,1.69,0.19,1.5,1.34,0.01,1.34,0.08,1.8,1.45,0.12,1.45,0.2,1.3,1.15,0.04,1.15,0.37
113.0,2.03,8.225,101.97,-0.88,-50.2,31.8,-5.656,-7.957,24.624,-24.985,20.06,-12.005,91.336,-66.968,113.277,1.9,1.7,0.13,1.7,0.14,1.0,0.39,0.13,0.39,0.93,2.0,1.79,0.25,1.79,0.7,1.1,0.65,0.05,0.65,0.78,1.9,1.14,0.2,1.14,1.54,2.2,2.0,0.63,2.0,0.99,2.2,1.98,0.18,1.98,0.84,2.1,2.06,0.02,2.06,0.09,1.7,1.69,0.06,1.69,0.19,1.5,1.34,0.01,1.34,0.08,1.8,1.45,0.12,1.45,0.2,1.3,1.15,0.04,1.15,0.37
114.0,2.03,8.257,102.78,-0.89,-50.79,31.8,-5.731,-8.483,24.54,-24.562,20.153,-12.094,91.333,-67.135,113.371,1.9,1.7,0.13,1.7,0.14,1.0,0.39,0.13,0.39,0.93,2.0,1.79,0.25,1.79,0.7,1.1,0.65,0.05,0.65,0.78,1.9,1.14,0.2,1.14,1.54,2.2,2.0,0.63,2.0,0.99,2.2,1.98,0.18,1.98,0.84,2.1,2.06,0.02,2.06,0.09,1.7,1.69,0.06,1.69,0.19,1.5,1.34,0.01,1.34,0.08,1.8,1.45,0.12,1.45,0.2,1.3,1.15,0.04,1.15,0.37
115.0,1.99,8.288,103.57,-0.93,-51.4,32.0,-5.804,-8.881,24.458,-24.531,20.244,-12.342,91.455,-67.164,113.491,1.9,1.7,0.13,1.7,0.14,1.0,0.39,0.13,0.39,0.93,2.0,1.79,0.25,1.79,0.7,1.1,0.65,0.05,0.65,0.78,1.9,1.14,0.2,1.14,1.54,2.2,2.0,0.63,2.0,0.99,2.2,1.98,0.18,1.98,0.84,2.1,2.06,0.02,2.06,0.09,1.7,1.69,0.06,1.69,0.19,1.5,1.34,0.01,1.34,0.08,1.8,1.45,0.12,1.45,0.2,1.3,1.15,0.04,1.15,0.37
116.0,1.97,8.32,104.38,-0.95,-51.99,32.3,-5.978,-9.286,24.997,-24.499,20.238,-12.595,91.559,-67.528,113.791,1.9,1.7,0.13,1.7,0.14,1.0,0.39,0.13,0.39,0.93,2.0,1.79,0.25,1.79,0.7,1.1,0.65,0.05,0.65,0.78,1.9,1.14,0.2,1.14,1.54,2.2,2.0,0.63,2.0,0.99,2.2,1.98,0.18,1.98,0.84,2.1,2.06,0.02,2.06,0.09,1.7,1.69,0.06,1.69,0.19,1.5,1.34,0.01,1.34,0.08,1.8,1.45,0.12,1.45,0.2,1.3,1.15,0.04,1.15,0.37
117.0,1.97,8.352,105.19,-0.96,-52.58,32.7,-6.195,-9.667,25.55,-24.448,20.194,-12.864,91.665,-68.008,114.161,1.9,1.7,0.13,1.7,0.14,1.0,0.39,0.13,0.39,0.93,2.0,1.79,0.25,1.79,0.7,1.1,0.65,0.05,0.65,0.78,1.9,1.14,0.2,1.14,1.54,2.2,2.0,0.63,2.0,0.99,2.2,1.98,0.18,1.98,0.84,2.1,2.06,0.02,2.06,0.09,1.7,1.69,0.06,1.69,0.19,1.5,1.34,0.01,1.34,0.08,1.8,1.45,0.12,1.45,0.2,1.3,1.15,0.04,1.15,0.37
118.0,1.95,8.384,105.99,-0.99,-53.18,33.1,-6.395,-9.857,24.357,-24.266,20.187,-13.222,91.834,-68.265,114.452,1.9,1.7,0.13,1.7,0.14,1.0,0.39,0.13,0.39,0.93,2.0,1.79,0.25,1.79,0.7,1.1,0.65,0.05,0.65,0.78,1.9,1.14,0.2,1.14,1.54,2.2,2.0,0.63,2.0,0.99,2.2,1.98,0.18,1.98,0.84,2.1,2.06,0.02,2.06,0.09,1.7,1.69,0.06,1.69,0.19,1.5,1.34,0.01,1.34,0.08,1.8,1.45,0.12,1.45,0.2,1.3,1.15,0.04,1.15,0.37
119.0,1.93,8.415,106.8,-1.01,-53.78,33.1,-6.517,-9.837,24.139,-24.44,20.092,-13.451,91.874,-68.462,114.602,1.9,1.69,0.11,1.69,0.01,1.0,0.39,0.13,0.39,0.93,2.0,1.78,0.22,1.78,0.72,1.1,0.65,0.05,0.65,0.78,1.9,1.14,0.2,1.14,1.54,2.2,2.0,0.63,2.0,0.99,2.2,1.98,0.18,1.98,0.84,2.1,2.06,0.02,2.06,0.09,1.7,1.69,0.06,1.69,0.19,1.5,1.38,0.05,1.38,0.13,1.7,1.39,0.06,1.39,0.11,1.3,1.15,0.04,1.15,0.37
120.0,1.92,8.447,107.6,-1.03,-54.37,33.0,-6.573,-9.64,24.738,-24.914,19.922,-13.573,91.807,-68.609,114.632,1.9,1.69,0.11,1.69,0.01,1.0,0.39,0.13,0.39,0.93,2.0,1.78,0.22,1.78,0.72,1.1,0.65,0.05,0.65,0.78,1.9,1.14,0.2,1.14,1.54,2.2,2.0,0.63,2.0,0.99,2.2,1.98,0.18,1.98,0.84,2.1,2.06,0.02,2.06,0.09,1.7,1.69,0.06,1.69,0.19,1.5,1.38,0.05,1.38,0.13,1.7,1.39,0.06,1.39,0.11,1.3,1.15,0.04,1.15,0.37
121.0,1.9,8.478,108.4,-1.05,-54.97,33.2,-6.207,-9.442,24.532,-25.389,19.731,-13.696,92.1,-68.592,114.859,1.9,1.69,0.11,1.69,0.01,1.0,0.39,0.13,0.39,0.93,2.0,1.78,0.22,1.78,0.72,1.1,0.65,0.05,0.65,0.78,1.9,1.14,0.2,1.14,1.54,2.2,2.0,0.63,2.0,0.99,2.2,1.98,0.18,1.98,0.84,2.1,2.06,0.02,2.06,0.09,1.7,1.69,0.06,1.69,0.19,1.5,1.38,0.05,1.38,0.13,1.7,1.39,0.06,1.39,0.11,1.3,1.15,0.04,1.15,0.37
122.0,1.88,8.509,109.2,-1.07,-55.57,33.3,-5.821,-9.059,24.286,-25.754,19.539,-13.735,92.316,-68.599,115.036,1.9,1.69,0.11,1.69,0.01,1.0,0.39,0.13,0.39,0.93,2.0,1.78,0.22,1.78,0.72,1.1,0.65,0.05,0.65,0.78,1.9,1.14,0.2,1.14,1.54,2.2,2.0,0.63,2.0,0.99,2.2,1.98,0.18,1.98,0.84,2.1,2.06,0.02,2.06,0.09,1.7,1.69,0.06,1.69,0.19,1.5,1.38,0.05,1.38,0.13,1.7,1.39,0.06,1.39,0.11,1.3,1.15,0.04,1.15,0.37
123.0,1.87,8.541,110.01,-1.09,-56.17,33.0,-5.438,-8.353,24.041,-25.929,19.348,-13.632,92.365,-68.661,115.113,1.9,1.69,0.11,1.69,0.01,1.0,0.39,0.13,0.39,0.93,2.0,1.78,0.22,1.78,0.72,1.1,0.65,0.05,0.65,0.78,1.9,1.14,0.2,1.14,1.54,2.2,2.0,0.63,2.0,0.99,2.2,1.98,0.18,1.98,0.84,2.1,2.06,0.02,2.06,0.09,1.7,1.69,0.06,1.69,0.19,1.5,1.38,0.05,1.38,0.13,1.7,1.39,0.06,1.39,0.11,1.3,1.15,0.04,1.15,0.37
124.0,1.87,8.572,110.81,-1.1,-56.76,32.7,-5.054,-7.647,23.796,-26.105,19.158,-13.528,92.414,-68.723,115.189,1.9,1.69,0.11,1.69,0.01,1.0,0.39,0.13,0.39,0.93,2.0,1.78,0.22,1.78,0.72,1.1,0.65,0.05,0.65,0.78,1.9,1.14,0.2,1.14,1.54,2.2,2.0,0.63,2.0,0.99,2.2,1.98,0.18,1.98,0.84,2.1,2.06,0.02,2.06,0.09,1.7,1.69,0.06,1.69,0.19,1.5,1.38,0.05,1.38,0.13,1.7,1.39,0.06,1.39,0.11,1.3,1.15,0.04,1.15,0.37
125.0,1.86,8.603,111.62,-1.12,-57.36,32.5,-4.609,-6.941,23.604,-26.28,18.988,-13.424,92.447,-68.765,115.241,1.9,1.69,0.11,1.69,0.01,1.0,0.39,0.13,0.39,0.93,2.0,1.78,0.22,1.78,0.72,1.1,0.65,0.05,0.65,0.78,1.9,1.14,0.2,1.14,1.54,2.2,2.0,0.63,2.0,0.99,2.2,1.98,0.18,1.98,0.84,2.1,2.06,0.02,2.06,0.09,1.7,1.69,0.06,1.69,0.19,1.5,1.38,0.05,1.38,0.13,1.7,1.39,0.06,1.39,0.11,1.3,1.15,0.04,1.15,0.37
126.0,1.84,8.634,112.42,-1.13,-57.96,32.5,-3.853,-6.234,23.676,-26.456,18.919,-13.32,92.403,-68.708,115.167,1.9,1.69,0.11,1.69,0.01,1.0,0.39,0.13,0.39,0.93,2.0,1.78,0.22,1.78,0.72,1.1,0.65,0.05,0.65,0.78,1.9,1.14,0.2,1.14,1.54,2.2,2.0,0.63,2.0,0.99,2.2,1.98,0.18,1.98,0.84,2.1,2.06,0.02,2.06,0.09,1.7,1.69,0.06,1.69,0.19,1.5,1.38,0.05,1.38,0.13,1.7,1.39,0.06,1.39,0.11,1.3,1.15,0.04,1.15,0.37
127.0,1.83,8.666,113.22,-1.15,-58.56,32.2,-3.051,-5.526,23.852,-26.632,18.864,-13.216,92.41,-68.768,115.207,1.9,1.76,0.11,1.76,0.09,1.0,0.37,0.1,0.37,0.95,1.8,1.68,0.07,1.68,0.62,1.1,0.69,0.02,0.69,0.81,2.0,1.21,0.18,1.21,1.56,2.4,2.18,0.74,2.18,1.04,2.1,1.94,0.11,1.94,0.76,2.1,2.01,0.07,2.01,0.11,1.7,1.63,0.08,1.63,0.27,1.5,1.36,0.03,1.36,0.14,1.6,1.29,0.05,1.29,0.12,1.3,1.13,0.02,1.13,0.41
128.0,1.82,8.697,114.02,-1.18,-59.16,31.9,-2.215,-4.818,24.108,-26.808,18.818,-13.112,92.457,-68.918,115.333,1.9,1.76,0.11,1.76,0.09,1.0,0.37,0.1,0.37,0.95,1.8,1.68,0.07,1.68,0.62,1.1,0.69,0.02,0.69,0.81,2.0,1.21,0.18,1.21,1.56,2.4,2.18,0.74,2.18,1.04,2.1,1.94,0.11,1.94,0.76,2.1,2.01,0.07,2.01,0.11,1.7,1.63,0.08,1.63,0.27,1.5,1.36,0.03,1.36,0.14,1.6,1.29,0.05,1.29,0.12,1.3,1.13,0.02,1.13,0.41
129.0,1.82,8.728,114.83,-1.2,-59.76,32.0,-1.303,-4.403,26.0,-25.651,18.729,-13.3,92.402,-68.897,115.275,1.9,1.76,0.11,1.76,0.09,1.0,0.37,0.1,0.37,0.95,1.8,1.68,0.07,1.68,0.62,1.1,0.69,0.02,0.69,0.81,2.0,1.21,0.18,1.21,1.56,2.4,2.18,0.74,2.18,1.04,2.1,1.94,0.11,1.94,0.76,2.1,2.01,0.07,2.01,0.11,1.7,1.63,0.08,1.63,0.27,1.5,1.36,0.03,1.36,0.14,1.6,1.29,0.05,1.29,0.12,1.3,1.13,0.02,1.13,0.41
130.0,1.81,8.76,115.63,-1.22,-60.35,32.1,-0.403,-4.114,27.244,-24.855,18.648,-13.524,92.353,-68.955,115.271,1.9,1.76,0.11,1.76,0.09,1.0,0.37,0.1,0.37,0.95,1.8,1.68,0.07,1.68,0.62,1.1,0.69,0.02,0.69,0.81,2.0,1.21,0.18,1.21,1.56,2.4,2.18,0.74,2.18,1.04,2.1,1.94,0.11,1.94,0.76,2.1,2.01,0.07,2.01,0.11,1.7,1.63,0.08,1.63,0.27,1.5,1.36,0.03,1.36,0.14,1.6,1.29,0.05,1.29,0.12,1.3,1.13,0.02,1.13,0.41
131.0,1.81,8.791,116.44,-1.23,-60.95,32.4,0.474,-4.019,27.337,-24.718,18.581,-13.791,92.318,-69.155,115.364,1.9,1.76,0.11,1.76,0.09,1.0,0.37,0.1,0.37,0.95,1.8,1.68,0.07,1.68,0.62,1.1,0.69,0.02,0.69,0.81,2.0,1.21,0.18,1.21,1.56,2.4,2.18,0.74,2.18,1.04,2.1,1.94,0.11,1.94,0.76,2.1,2.01,0.07,2.01,0.11,1.7,1.63,0.08,1.63,0.27,1.5,1.36,0.03,1.36,0.14,1.6,1.29,0.05,1.29,0.12,1.3,1.13,0.02,1.13,0.41
132.0,1.81,8.822,117.24,-1.25,-61.54,32.7,1.244,-4.256,27.847,-24.182,18.461,-14.23,92.274,-69.195,115.354,1.9,1.76,0.11,1.76,0.09,1.0,0.37,0.1,0.37,0.95,1.8,1.68,0.07,1.68,0.62,1.1,0.69,0.02,0.69,0.81,2.0,1.21,0.18,1.21,1.56,2.4,2.18,0.74,2.18,1.04,2.1,1.94,0.11,1.94,0.76,2.1,2.01,0.07,2.01,0.11,1.7,1.63,0.08,1.63,0.27,1.5,1.36,0.03,1.36,0.14,1.6,1.29,0.05,1.29,0.12,1.3,1.13,0.02,1.13,0.41
133.0,1.8,8.854,118.04,-1.27,-62.14,33.1,1.895,-4.608,28.39,-23.472,18.333,-14.726,92.222,-69.232,115.335,1.9,1.76,0.11,1.76,0.09,1.0,0.37,0.1,0.37,0.95,1.8,1.68,0.07,1.68,0.62,1.1,0.69,0.02,0.69,0.81,2.0,1.21,0.18,1.21,1.56,2.4,2.18,0.74,2.18,1.04,2.1,1.94,0.11,1.94,0.76,2.1,2.01,0.07,2.01,0.11,1.7,1.63,0.08,1.63,0.27,1.5,1.36,0.03,1.36,0.14,1.6,1.29,0.05,1.29,0.12,1.3,1.13,0.02,1.13,0.41
134.0,1.79,8.885,118.84,-1.28,-62.75,33.5,2.138,-5.068,28.567,-22.482,18.231,-15.262,92.142,-69.454,115.406,1.9,1.76,0.11,1.76,0.09,1.0,0.37,0.1,0.37,0.95,1.8,1.68,0.07,1.68,0.62,1.1,0.69,0.02,0.69,0.81,2.0,1.21,0.18,1.21,1.56,2.4,2.18,0.74,2.18,1.04,2.1,1.94,0.11,1.94,0.76,2.1,2.01,0.07,2.01,0.11,1.7,1.63,0.08,1.63,0.27,1.5,1.36,0.03,1.36,0.14,1.6,1.29,0.05,1.29,0.12,1.3,1.13,0.02,1.13,0.41
135.0,1.79,8.916,119.64,-1.3,-63.35,33.9,1.994,-5.631,29.36,-21.921,18.139,-15.746,92.128,-69.458,115.398,2.0,1.84,0.18,1.84,0.14,1.0,0.37,0.1,0.37,0.95,1.7,1.58,0.08,1.58,0.53,1.1,0.69,0.02,0.69,0.81,2.0,1.21,0.18,1.21,1.56,2.4,2.26,0.7,2.26,0.82,2.0,1.87,0.02,1.87,0.7,2.1,2.01,0.07,2.01,0.11,1.6,1.51,0.14,1.51,0.33,1.5,1.35,0.02,1.35,0.1,1.6,1.32,0.09,1.32,0.13,1.3,1.13,0.02,1.13,0.41
136.0,1.78,8.948,120.44,-1.32,-63.95,34.2,1.574,-6.269,30.596,-21.667,18.055,-16.193,92.16,-69.308,115.335,2.0,1.84,0.18,1.84,0.14,1.0,0.37,0.1,0.37,0.95,1.7,1.58,0.08,1.58,0.53,1.1,0.69,0.02,0.69,0.81,2.0,1.21,0.18,1.21,1.56,2.4,2.26,0.7,2.26,0.82,2.0,1.87,0.02,1.87,0.7,2.1,2.01,0.07,2.01,0.11,1.6,1.51,0.14,1.51,0.33,1.5,1.35,0.02,1.35,0.1,1.6,1.32,0.09,1.32,0.13,1.3,1.13,0.02,1.13,0.41
137.0,1.77,8.979,121.24,-1.34,-64.56,34.2,0.944,-6.671,31.31,-21.238,17.83,-16.429,92.16,-69.523,115.465,2.0,1.84,0.18,1.84,0.14,1.0,0.37,0.1,0.37,0.95,1.7,1.58,0.08,1.58,0.53,1.1,0.69,0.02,0.69,0.81,2.0,1.21,0.18,1.21,1.56,2.4,2.26,0.7,2.26,0.82,2.0,1.87,0.02,1.87,0.7,2.1,2.01,0.07,2.01,0.11,1.6,1.51,0.14,1.51,0.33,1.5,1.35,0.02,1.35,0.1,1.6,1.32,0.09,1.32,0.13,1.3,1.13,0.02,1.13,0.41
138.0,1.76,9.01,122.04,-1.36,-65.16,34.1,0.368,-6.994,31.696,-20.848,17.508,-16.613,92.193,-69.673,115.583,2.0,1.84,0.18,1.84,0.14,1.0,0.37,0.1,0.37,0.95,1.7,1.58,0.08,1.58,0.53,1.1,0.69,0.02,0.69,0.81,2.0,1.21,0.18,1.21,1.56,2.4,2.26,0.7,2.26,0.82,2.0,1.87,0.02,1.87,0.7,2.1,2.01,0.07,2.01,0.11,1.6,1.51,0.14,1.51,0.33,1.5,1.35,0.02,1.35,0.1,1.6,1.32,0.09,1.32,0.13,1.3,1.13,0.02,1.13,0.41
139.0,1.75,9.041,122.84,-1.39,-65.76,33.7,-0.115,-7.193,31.56,-20.529,17.03,-16.718,92.282,-69.709,115.677,2.0,1.84,0.18,1.84,0.14,1.0,0.37,0.1,0.37,0.95,1.7,1.58,0.08,1.58,0.53,1.1,0.69,0.02,0.69,0.81,2.0,1.21,0.18,1.21,1.56,2.4,2.26,0.7,2.26,0.82,2.0,1.87,0.02,1.87,0.7,2.1,2.01,0.07,2.01,0.11,1.6,1.51,0.14,1.51,0.33,1.5,1.35,0.02,1.35,0.1,1.6,1.32,0.09,1.32,0.13,1.3,1.13,0.02,1.13,0.41
140.0,1.75,9.072,123.64,-1.41,-66.37,33.3,-0.597,-7.392,31.424,-20.21,16.552,-16.822,92.37,-69.744,115.772,2.0,1.84,0.18,1.84,0.14,1.0,0.37,0.1,0.37,0.95,1.7,1.58,0.08,1.58,0.53,1.1,0.69,0.02,0.69,0.81,2.0,1.21,0.18,1.21,1.56,2.4,2.26,0.7,2.26,0.82,2.0,1.87,0.02,1.87,0.7,2.1,2.01,0.07,2.01,0.11,1.6,1.51,0.14,1.51,0.33,1.5,1.35,0.02,1.35,0.1,1.6,1.32,0.09,1.32,0.13,1.3,1.13,0.02,1.13,0.41
141.0,1.75,9.103,124.44,-1.43,-66.97,32.9,-0.987,-7.45,31.024,-19.94,16.096,-16.895,92.455,-69.787,115.868,2.0,1.84,0.18,1.84,0.14,1.0,0.37,0.1,0.37,0.95,1.7,1.58,0.08,1.58,0.53,1.1,0.69,0.02,0.69,0.81,2.0,1.21,0.18,1.21,1.56,2.4,2.26,0.7,2.26,0.82,2.0,1.87,0.02,1.87,0.7,2.1,2.01,0.07,2.01,0.11,1.6,1.51,0.14,1.51,0.33,1.5,1.35,0.02,1.35,0.1,1.6,1.32,0.09,1.32,0.13,1.3,1.13,0.02,1.13,0.41
142.0,1.75,9.134,125.23,-1.46,-67.57,32.6,-0.942,-6.849,29.386,-19.903,15.744,-16.821,92.523,-69.865,115.973,2.0,1.84,0.18,1.84,0.14,1.0,0.37,0.1,0.37,0.95,1.7,1.58,0.08,1.58,0.53,1.1,0.69,0.02,0.69,0.81,2.0,1.21,0.18,1.21,1.56,2.4,2.26,0.7,2.26,0.82,2.0,1.87,0.02,1.87,0.7,2.1,2.01,0.07,2.01,0.11,1.6,1.51,0.14,1.51,0.33,1.5,1.35,0.02,1.35,0.1,1.6,1.32,0.09,1.32,0.13,1.3,1.13,0.02,1.13,0.41
143.0,1.74,9.165,126.03,-1.48,-68.18,32.2,-0.897,-6.247,27.747,-19.867,15.391,-16.747,92.59,-69.942,116.077,2.0,1.89,0.22,1.89,0.09,1.0,0.4,0.07,0.4,0.95,1.7,1.56,0.1,1.56,0.57,1.2,0.73,0.01,0.73,0.82,1.8,1.28,0.05,1.28,1.25,2.5,2.35,0.72,2.35,0.74,2.0,1.85,0.0,1.85,0.68,2.0,1.97,0.04,1.97,0.07,1.5,1.36,0.21,1.36,0.33,1.4,1.27,0.05,1.27,0.07,1.7,1.39,0.0,1.39,0.2,1.3,1.13,0.01,1.13,0.45
144.0,1.74,9.196,126.83,-1.5,-68.78,31.9,-0.852,-5.645,26.109,-19.83,15.039,-16.673,92.658,-70.02,116.182,2.0,1.89,0.22,1.89,0.09,1.0,0.4,0.07,0.4,0.95,1.7,1.56,0.1,1.56,0.57,1.2,0.73,0.01,0.73,0.82,1.8,1.28,0.05,1.28,1.25,2.5,2.35,0.72,2.35,0.74,2.0,1.85,0.0,1.85,0.68,2.0,1.97,0.04,1.97,0.07,1.5,1.36,0.21,1.36,0.33,1.4,1.27,0.05,1.27,0.07,1.7,1.39,0.0,1.39,0.2,1.3,1.13,0.01,1.13,0.45
145.0,1.75,9.228,127.64,-1.52,-69.38,31.7,-0.225,-5.031,25.748,-19.792,15.146,-16.598,92.414,-69.431,115.632,2.0,1.89,0.22,1.89,0.09,1.0,0.4,0.07,0.4,0.95,1.7,1.56,0.1,1.56,0.57,1.2,0.73,0.01,0.73,0.82,1.8,1.28,0.05,1.28,1.25,2.5,2.35,0.72,2.35,0.74,2.0,1.85,0.0,1.85,0.68,2.0,1.97,0.04,1.97,0.07,1.5,1.36,0.21,1.36,0.33,1.4,1.27,0.05,1.27,0.07,1.7,1.39,0.0,1.39,0.2,1.3,1.13,0.01,1.13,0.45
146.0,1.76,9.259,128.44,-1.55,-69.98,31.6,0.426,-4.526,25.459,-19.862,15.275,-16.673,92.264,-69.107,115.316,2.0,1.89,0.22,1.89,0.09,1.0,0.4,0.07,0.4,0.95,1.7,1.56,0.1,1.56,0.57,1.2,0.73,0.01,0.73,0.82,1.8,1.28,0.05,1.28,1.25,2.5,2.35,0.72,2.35,0.74,2.0,1.85,0.0,1.85,0.68,2.0,1.97,0.04,1.97,0.07,1.5,1.36,0.21,1.36,0.33,1.4,1.27,0.05,1.27,0.07,1.7,1.39,0.0,1.39,0.2,1.3,1.13,0.01,1.13,0.45
147.0,1.76,9.29,129.24,-1.57,-70.58,31.8,1.067,-4.206,25.174,-20.112,15.402,-17.005,92.303,-69.294,115.454,2.0,1.89,0.22,1.89,0.09,1.0,0.4,0.07,0.4,0.95,1.7,1.56,0.1,1.56,0.57,1.2,0.73,0.01,0.73,0.82,1.8,1.28,0.05,1.28,1.25,2.5,2.35,0.72,2.35,0.74,2.0,1.85,0.0,1.85,0.68,2.0,1.97,0.04,1.97,0.07,1.5,1.36,0.21,1.36,0.33,1.4,1.27,0.05,1.27,0.07,1.7,1.39,0.0,1.39,0.2,1.3,1.13,0.01,1.13,0.45
148.0,1.76,9.321,130.03,-1.6,-71.19,32.0,1.707,-3.886,24.889,-20.362,15.53,-17.336,92.342,-69.48,115.592,2.0,1.89,0.22,1.89,0.09,1.0,0.4,0.07,0.4,0.95,1.7,1.56,0.1,1.56,0.57,1.2,0.73,0.01,0.73,0.82,1.8,1.28,0.05,1.28,1.25,2.5,2.35,0.72,2.35,0.74,2.0,1.85,0.0,1.85,0.68,2.0,1.97,0.04,1.97,0.07,1.5,1.36,0.21,1.36,0.33,1.4,1.27,0.05,1.27,0.07,1.7,1.39,0.0,1.39,0.2,1.3,1.13,0.01,1.13,0.45
149.0,1.76,9.352,130.83,-1.63,-71.79,32.4,2.352,-3.564,24.679,-20.614,15.675,-17.669,92.351,-69.599,115.668,2.0,1.89,0.22,1.89,0.09,1.0,0.4,0.07,0.4,0.95,1.7,1.56,0.1,1.56,0.57,1.2,0.73,0.01,0.73,0.82,1.8,1.28,0.05,1.28,1.25,2.5,2.35,0.72,2.35,0.74,2.0,1.85,0.0,1.85,0.68,2.0,1.97,0.04,1.97,0.07,1.5,1.36,0.21,1.36,0.33,1.4,1.27,0.05,1.27,0.07,1.7,1.39,0.0,1.39,0.2,1.3,1.13,0.01,1.13,0.45
150.0,1.77,9.384,131.63,-1.66,-72.39,33.7,3.028,-3.234,24.976,-20.872,15.946,-18.01,92.158,-69.258,115.322,2.0,1.89,0.22,1.89,0.09,1.0,0.4,0.07,0.4,0.95,1.7,1.56,0.1,1.56,0.57,1.2,0.73,0.01,0.73,0.82,1.8,1.28,0.05,1.28,1.25,2.5,2.35,0.72,2.35,0.74,2.0,1.85,0.0,1.85,0.68,2.0,1.97,0.04,1.97,0.07,1.5,1.36,0.21,1.36,0.33,1.4,1.27,0.05,1.27,0.07,1.7,1.39,0.0,1.39,0.2,1.3,1.13,0.01,1.13,0.45
151.0,1.78,9.415,132.43,-1.69,-72.99,34.4,3.38,-3.17,25.523,-21.316,16.205,-18.354,92.084,-69.047,115.143,2.0,1.84,0.14,1.84,0.03,1.0,0.39,0.08,0.39,0.93,1.6,1.48,0.2,1.48,0.52,1.2,0.74,0.02,0.74,0.83,2.3,1.65,0.36,1.65,1.55,2.4,2.33,0.6,2.33,0.55,2.0,1.86,0.01,1.86,0.66,2.1,2.02,0.06,2.02,0.13,1.4,1.34,0.19,1.34,0.16,1.4,1.22,0.07,1.22,0.28,1.8,1.53,0.13,1.53,0.26,1.3,1.14,0.02,1.14,0.46
152.0,1.79,9.447,133.23,-1.72,-73.59,34.8,3.475,-3.317,26.269,-21.91,16.455,-18.699,92.103,-68.938,115.096,2.0,1.84,0.14,1.84,0.03,1.0,0.39,0.08,0.39,0.93,1.6,1.48,0.2,1.48,0.52,1.2,0.74,0.02,0.74,0.83,2.3,1.65,0.36,1.65,1.55,2.4,2.33,0.6,2.33,0.55,2.0,1.86,0.01,1.86,0.66,2.1,2.02,0.06,2.02,0.13,1.4,1.34,0.19,1.34,0.16,1.4,1.22,0.07,1.22,0.28,1.8,1.53,0.13,1.53,0.26,1.3,1.14,0.02,1.14,0.46
153.0,1.81,9.478,134.03,-1.74,-74.19,35.3,3.569,-3.468,27.013,-22.102,16.704,-18.813,91.761,-69.146,114.948,2.0,1.84,0.14,1.84,0.03,1.0,0.39,0.08,0.39,0.93,1.6,1.48,0.2,1.48,0.52,1.2,0.74,0.02,0.74,0.83,2.3,1.65,0.36,1.65,1.55,2.4,2.33,0.6,2.33,0.55,2.0,1.86,0.01,1.86,0.66,2.1,2.02,0.06,2.02,0.13,1.4,1.34,0.19,1.34,0.16,1.4,1.22,0.07,1.22,0.28,1.8,1.53,0.13,1.53,0.26,1.3,1.14,0.02,1.14,0.46
154.0,1.82,9.509,134.83,-1.76,-74.79,35.7,3.321,-3.62,27.549,-22.279,16.954,-18.917,91.566,-69.29,114.88,2.0,1.84,0.14,1.84,0.03,1.0,0.39,0.08,0.39,0.93,1.6,1.48,0.2,1.48,0.52,1.2,0.74,0.02,0.74,0.83,2.3,1.65,0.36,1.65,1.55,2.4,2.33,0.6,2.33,0.55,2.0,1.86,0.01,1.86,0.66,2.1,2.02,0.06,2.02,0.13,1.4,1.34,0.19,1.34,0.16,1.4,1.22,0.07,1.22,0.28,1.8,1.53,0.13,1.53,0.26,1.3,1.14,0.02,1.14,0.46
155.0,1.82,9.541,135.63,-1.8,-75.39,36.2,2.479,-3.772,27.726,-22.456,17.204,-19.022,91.651,-69.302,114.958,2.0,1.84,0.14,1.84,0.03,1.0,0.39,0.08,0.39,0.93,1.6,1.48,0.2,1.48,0.52,1.2,0.74,0.02,0.74,0.83,2.3,1.65,0.36,1.65,1.55,2.4,2.33,0.6,2.33,0.55,2.0,1.86,0.01,1.86,0.66,2.1,2.02,0.06,2.02,0.13,1.4,1.34,0.19,1.34,0.16,1.4,1.22,0.07,1.22,0.28,1.8,1.53,0.13,1.53,0.26,1.3,1.14,0.02,1.14,0.46
156.0,1.82,9.572,136.43,-1.83,-75.99,36.2,1.522,-4.102,28.039,-22.604,17.235,-18.939,91.748,-69.181,114.964,2.0,1.84,0.14,1.84,0.03,1.0,0.39,0.08,0.39,0.93,1.6,1.48,0.2,1.48,0.52,1.2,0.74,0.02,0.74,0.83,2.3,1.65,0.36,1.65,1.55,2.4,2.33,0.6,2.33,0.55,2.0,1.86,0.01,1.86,0.66,2.1,2.02,0.06,2.02,0.13,1.4,1.34,0.19,1.34,0.16,1.4,1.22,0.07,1.22,0.28,1.8,1.53,0.13,1.53,0.26,1.3,1.14,0.02,1.14,0.46
157.0,1.82,9.603,137.23,-1.87,-76.59,36.0,0.601,-4.48,28.265,-22.633,17.182,-18.791,91.84,-69.058,114.964,2.0,1.84,0.14,1.84,0.03,1.0,0.39,0.08,0.39,0.93,1.6,1.48,0.2,1.48,0.52,1.2,0.74,0.02,0.74,0.83,2.3,1.65,0.36,1.65,1.55,2.4,2.33,0.6,2.33,0.55,2.0,1.86,0.01,1.86,0.66,2.1,2.02,0.06,2.02,0.13,1.4,1.34,0.19,1.34,0.16,1.4,1.22,0.07,1.22,0.28,1.8,1.53,0.13,1.53,0.26,1.3,1.14,0.02,1.14,0.46
158.0,1.82,9.634,138.02,-1.9,-77.2,35.9,0.035,-4.834,27.846,-22.11,17.055,-18.604,91.891,-69.125,115.045,2.0,1.84,0.14,1.84,0.03,1.0,0.39,0.08,0.39,0.93,1.6,1.48,0.2,1.48,0.52,1.2,0.74,0.02,0.74,0.83,2.3,1.65,0.36,1.65,1.55,2.4,2.33,0.6,2.33,0.55,2.0,1.86,0.01,1.86,0.66,2.1,2.02,0.06,2.02,0.13,1.4,1.34,0.19,1.34,0.16,1.4,1.22,0.07,1.22,0.28,1.8,1.53,0.13,1.53,0.26,1.3,1.14,0.02,1.14,0.46
159.0,1.82,9.666,138.82,-1.93,-77.8,35.7,-0.53,-5.187,27.427,-21.587,16.927,-18.417,91.942,-69.192,115.125,2.0,1.79,0.12,1.79,0.09,1.0,0.39,0.08,0.39,0.93,1.6,1.48,0.2,1.48,0.52,1.2,0.74,0.02,0.74,0.83,2.3,1.65,0.36,1.65,1.55,2.4,2.33,0.6,2.33,0.55,2.0,1.86,0.01,1.86,0.66,2.1,2.02,0.06,2.02,0.13,1.4,1.34,0.19,1.34,0.16,1.4,1.21,0.09,1.21,0.2,1.9,1.69,0.23,1.69,0.33,1.3,1.14,0.02,1.14,0.46
160.0,1.82,9.697,139.62,-1.96,-78.4,35.6,-1.096,-5.54,27.008,-21.063,16.8,-18.23,91.993,-69.258,115.206,2.0,1.79,0.12,1.79,0.09,1.0,0.39,0.08,0.39,0.93,1.6,1.48,0.2,1.48,0.52,1.2,0.74,0.02,0.74,0.83,2.3,1.65,0.36,1.65,1.55,2.4,2.33,0.6,2.33,0.55,2.0,1.86,0.01,1.86,0.66,2.1,2.02,0.06,2.02,0.13,1.4,1.34,0.19,1.34,0.16,1.4,1.21,0.09,1.21,0.2,1.9,1.69,0.23,1.69,0.33,1.3,1.14,0.02,1.14,0.46
161.0,1.82,9.728,140.42,-1.99,-79.0,35.4,-1.662,-5.893,26.589,-20.54,16.672,-18.043,92.045,-69.325,115.287,2.0,1.79,0.12,1.79,0.09,1.0,0.39,0.08,0.39,0.93,1.6,1.48,0.2,1.48,0.52,1.2,0.74,0.02,0.74,0.83,2.3,1.65,0.36,1.65,1.55,2.4,2.33,0.6,2.33,0.55,2.0,1.86,0.01,1.86,0.66,2.1,2.02,0.06,2.02,0.13,1.4,1.34,0.19,1.34,0.16,1.4,1.21,0.09,1.21,0.2,1.9,1.69,0.23,1.69,0.33,1.3,1.14,0.02,1.14,0.46
162.0,1.81,9.759,141.21,-2.02,-79.6,35.3,-2.227,-6.247,26.17,-20.017,16.544,-17.856,92.096,-69.392,115.367,2.0,1.79,0.12,1.79,0.09,1.0,0.39,0.08,0.39,0.93,1.6,1.48,0.2,1.48,0.52,1.2,0.74,0.02,0.74,0.83,2.3,1.65,0.36,1.65,1.55,2.4,2.33,0.6,2.33,0.55,2.0,1.86,0.01,1.86,0.66,2.1,2.02,0.06,2.02,0.13,1.4,1.34,0.19,1.34,0.16,1.4,1.21,0.09,1.21,0.2,1.9,1.69,0.23,1.69,0.33,1.3,1.14,0.02,1.14,0.46
163.0,1.81,9.79,142.01,-2.05,-80.2,35.2,-2.793,-6.6,25.751,-19.494,16.417,-17.669,92.147,-69.459,115.448,2.0,1.79,0.12,1.79,0.09,1.0,0.39,0.08,0.39,0.93,1.6,1.48,0.2,1.48,0.52,1.2,0.74,0.02,0.74,0.83,2.3,1.65,0.36,1.65,1.55,2.4,2.33,0.6,2.33,0.55,2.0,1.86,0.01,1.86,0.66,2.1,2.02,0.06,2.02,0.13,1.4,1.34,0.19,1.34,0.16,1.4,1.21,0.09,1.21,0.2,1.9,1.69,0.23,1.69,0.33,1.3,1.14,0.02,1.14,0.46
164.0,1.8,9.822,142.81,-2.08,-80.8,35.2,-3.178,-6.954,25.396,-18.97,16.495,-17.482,92.142,-69.517,115.482,2.0,1.79,0.12,1.79,0.09,1.0,0.39,0.08,0.39,0.93,1.6,1.48,0.2,1.48,0.52,1.2,0.74,0.02,0.74,0.83,2.3,1.65,0.36,1.65,1.55,2.4,2.33,0.6,2.33,0.55,2.0,1.86,0.01,1.86,0.66,2.1,2.02,0.06,2.02,0.13,1.4,1.34,0.19,1.34,0.16,1.4,1.21,0.09,1.21,0.2,1.9,1.69,0.23,1.69,0.33,1.3,1.14,0.02,1.14,0.46
165.0,1.79,9.853,143.6,-2.11,-81.4,35.4,-3.478,-7.307,25.158,-18.447,16.63,-17.295,92.149,-69.565,115.518,2.0,1.79,0.12,1.79,0.09,1.0,0.39,0.08,0.39,0.93,1.6,1.48,0.2,1.48,0.52,1.2,0.74,0.02,0.74,0.83,2.3,1.65,0.36,1.65,1.55,2.4,2.33,0.6,2.33,0.55,2.0,1.86,0.01,1.86,0.66,2.1,2.02,0.06,2.02,0.13,1.4,1.34,0.19,1.34,0.16,1.4,1.21,0.09,1.21,0.2,1.9,1.69,0.23,1.69,0.33,1.3,1.14,0.02,1.14,0.46
166.0,1.77,9.884,144.4,-2.14,-82.01,35.4,-3.636,-7.658,25.422,-17.927,16.712,-17.109,92.306,-69.576,115.65,2.0,1.79,0.12,1.79,0.09,1.0,0.39,0.08,0.39,0.93,1.6,1.48,0.2,1.48,0.52,1.2,0.74,0.02,0.74,0.83,2.3,1.65,0.36,1.65,1.55,2.4,2.33,0.6,2.33,0.55,2.0,1.86,0.01,1.86,0.66,2.1,2.02,0.06,2.02,0.13,1.4,1.34,0.19,1.34,0.16,1.4,1.21,0.09,1.21,0.2,1.9,1.69,0.23,1.69,0.33,1.3,1.14,0.02,1.14,0.46
167.0,1.76,9.915,145.19,-2.17,-82.61,34.8,-3.686,-8.011,25.246,-17.405,16.814,-16.922,92.315,-69.735,115.755,1.9,1.7,0.03,1.7,0.29,1.0,0.41,0.09,0.41,0.9,1.6,1.48,0.19,1.48,0.41,1.2,0.76,0.01,0.76,0.82,2.3,1.73,0.34,1.73,1.51,2.1,2.1,0.22,2.1,0.24,2.0,1.85,0.02,1.85,0.77,2.1,2.04,0.06,2.04,0.14,1.5,1.43,0.09,1.43,0.11,1.3,1.14,0.18,1.14,0.03,2.1,1.88,0.37,1.88,0.39,1.3,1.13,0.02,1.13,0.48
168.0,1.74,9.946,145.99,-2.21,-83.21,33.5,-3.647,-8.365,24.706,-16.88,16.934,-16.735,92.203,-70.016,115.839,1.9,1.7,0.03,1.7,0.29,1.0,0.41,0.09,0.41,0.9,1.6,1.48,0.19,1.48,0.41,1.2,0.76,0.01,0.76,0.82,2.3,1.73,0.34,1.73,1.51,2.1,2.1,0.22,2.1,0.24,2.0,1.85,0.02,1.85,0.77,2.1,2.04,0.06,2.04,0.14,1.5,1.43,0.09,1.43,0.11,1.3,1.14,0.18,1.14,0.03,2.1,1.88,0.37,1.88,0.39,1.3,1.13,0.02,1.13,0.48
169.0,1.72,9.977,146.79,-2.25,-83.81,33.8,-3.343,-7.95,24.155,-16.897,17.009,-16.979,92.259,-69.963,115.855,1.9,1.7,0.03,1.7,0.29,1.0,0.41,0.09,0.41,0.9,1.6,1.48,0.19,1.48,0.41,1.2,0.76,0.01,0.76,0.82,2.3,1.73,0.34,1.73,1.51,2.1,2.1,0.22,2.1,0.24,2.0,1.85,0.02,1.85,0.77,2.1,2.04,0.06,2.04,0.14,1.5,1.43,0.09,1.43,0.11,1.3,1.14,0.18,1.14,0.03,2.1,1.88,0.37,1.88,0.39,1.3,1.13,0.02,1.13,0.48
170.0,1.7,10.009,147.58,-2.28,-84.42,34.2,-3.025,-7.494,23.602,-16.942,17.081,-17.246,92.325,-69.892,115.867,1.9,1.7,0.03,1.7,0.29,1.0,0.41,0.09,0.41,0.9,1.6,1.48,0.19,1.48,0.41,1.2,0.76,0.01,0.76,0.82,2.3,1.73,0.34,1.73,1.51,2.1,2.1,0.22,2.1,0.24,2.0,1.85,0.02,1.85,0.77,2.1,2.04,0.06,2.04,0.14,1.5,1.43,0.09,1.43,0.11,1.3,1.14,0.18,1.14,0.03,2.1,1.88,0.37,1.88,0.39,1.3,1.13,0.02,1.13,0.48
171.0,1.68,10.04,148.38,-2.32,-85.02,34.5,-2.707,-7.038,23.05,-16.988,17.153,-17.513,92.391,-69.821,115.879,1.9,1.7,0.03,1.7,0.29,1.0,0.41,0.09,0.41,0.9,1.6,1.48,0.19,1.48,0.41,1.2,0.76,0.01,0.76,0.82,2.3,1.73,0.34,1.73,1.51,2.1,2.1,0.22,2.1,0.24,2.0,1.85,0.02,1.85,0.77,2.1,2.04,0.06,2.04,0.14,1.5,1.43,0.09,1.43,0.11,1.3,1.14,0.18,1.14,0.03,2.1,1.88,0.37,1.88,0.39,1.3,1.13,0.02,1.13,0.48
172.0,1.66,10.071,149.17,-2.35,-85.62,34.8,-2.149,-6.327,22.868,-17.018,17.143,-17.759,92.4,-69.718,115.823,1.9,1.7,0.03,1.7,0.29,1.0,0.41,0.09,0.41,0.9,1.6,1.48,0.19,1.48,0.41,1.2,0.76,0.01,0.76,0.82,2.3,1.73,0.34,1.73,1.51,2.1,2.1,0.22,2.1,0.24,2.0,1.85,0.02,1.85,0.77,2.1,2.04,0.06,2.04,0.14,1.5,1.43,0.09,1.43,0.11,1.3,1.14,0.18,1.14,0.03,2.1,1.88,0.37,1.88,0.39,1.3,1.13,0.02,1.13,0.48
173.0,1.64,10.102,149.97,-2.39,-86.22,35.0,-1.471,-5.509,22.937,-16.97,17.091,-17.992,92.396,-69.629,115.764,1.9,1.7,0.03,1.7,0.29,1.0,0.41,0.09,0.41,0.9,1.6,1.48,0.19,1.48,0.41,1.2,0.76,0.01,0.76,0.82,2.3,1.73,0.34,1.73,1.51,2.1,2.1,0.22,2.1,0.24,2.0,1.85,0.02,1.85,0.77,2.1,2.04,0.06,2.04,0.14,1.5,1.43,0.09,1.43,0.11,1.3,1.14,0.18,1.14,0.03,2.1,1.88,0.37,1.88,0.39,1.3,1.13,0.02,1.13,0.48
174.0,1.63,10.133,150.78,-2.42,-86.81,35.1,-0.568,-4.588,23.831,-16.383,16.951,-18.18,92.451,-69.738,115.878,1.9,1.7,0.03,1.7,0.29,1.0,0.41,0.09,0.41,0.9,1.6,1.48,0.19,1.48,0.41,1.2,0.76,0.01,0.76,0.82,2.3,1.73,0.34,1.73,1.51,2.1,2.1,0.22,2.1,0.24,2.0,1.85,0.02,1.85,0.77,2.1,2.04,0.06,2.04,0.14,1.5,1.43,0.09,1.43,0.11,1.3,1.14,0.18,1.14,0.03,2.1,1.88,0.37,1.88,0.39,1.3,1.13,0.02,1.13,0.48
175.0,1.61,10.164,151.58,-2.46,-87.4,35.2,0.213,-3.709,24.142,-15.887,16.905,-18.326,92.371,-69.781,115.846,1.9,1.66,0.02,1.66,0.42,1.0,0.42,0.08,0.42,0.89,1.6,1.5,0.17,1.5,0.39,1.2,0.77,0.01,0.77,0.83,2.4,1.72,0.4,1.72,1.7,1.9,1.83,0.04,1.83,0.04,1.9,1.78,0.06,1.78,0.73,2.1,2.06,0.04,2.06,0.1,1.6,1.51,0.02,1.51,0.1,1.3,1.21,0.11,1.21,0.1,2.2,2.04,0.47,2.04,0.43,1.2,1.08,0.09,1.08,0.42
176.0,1.57,10.195,152.37,-2.5,-88.01,35.3,0.881,-2.866,23.915,-15.475,16.944,-18.432,92.166,-69.762,115.681,1.9,1.66,0.02,1.66,0.42,1.0,0.42,0.08,0.42,0.89,1.6,1.5,0.17,1.5,0.39,1.2,0.77,0.01,0.77,0.83,2.4,1.72,0.4,1.72,1.7,1.9,1.83,0.04,1.83,0.04,1.9,1.78,0.06,1.78,0.73,2.1,2.06,0.04,2.06,0.1,1.6,1.51,0.02,1.51,0.1,1.3,1.21,0.11,1.21,0.1,2.2,2.04,0.47,2.04,0.43,1.2,1.08,0.09,1.08,0.42
177.0,1.54,10.226,153.17,-2.53,-88.61,35.4,1.543,-2.329,23.691,-15.184,16.982,-18.424,92.071,-69.878,115.669,1.9,1.66,0.02,1.66,0.42,1.0,0.42,0.08,0.42,0.89,1.6,1.5,0.17,1.5,0.39,1.2,0.77,0.01,0.77,0.83,2.4,1.72,0.4,1.72,1.7,1.9,1.83,0.04,1.83,0.04,1.9,1.78,0.06,1.78,0.73,2.1,2.06,0.04,2.06,0.1,1.6,1.51,0.02,1.51,0.1,1.3,1.21,0.11,1.21,0.1,2.2,2.04,0.47,2.04,0.43,1.2,1.08,0.09,1.08,0.42
178.0,1.51,10.257,153.97,-2.56,-89.21,35.5,1.917,-1.817,23.205,-14.904,17.113,-18.406,91.987,-69.999,115.67,1.9,1.66,0.02,1.66,0.42,1.0,0.42,0.08,0.42,0.89,1.6,1.5,0.17,1.5,0.39,1.2,0.77,0.01,0.77,0.83,2.4,1.72,0.4,1.72,1.7,1.9,1.83,0.04,1.83,0.04,1.9,1.78,0.06,1.78,0.73,2.1,2.06,0.04,2.06,0.1,1.6,1.51,0.02,1.51,0.1,1.3,1.21,0.11,1.21,0.1,2.2,2.04,0.47,2.04,0.43,1.2,1.08,0.09,1.08,0.42
179.0,1.47,10.288,154.76,-2.61,-89.81,35.9,1.618,-1.303,22.104,-14.622,17.458,-18.388,91.904,-70.101,115.667,1.9,1.66,0.02,1.66,0.42,1.0,0.42,0.08,0.42,0.89,1.6,1.5,0.17,1.5,0.39,1.2,0.77,0.01,0.77,0.83,2.4,1.72,0.4,1.72,1.7,1.9,1.83,0.04,1.83,0.04,1.9,1.78,0.06,1.78,0.73,2.1,2.06,0.04,2.06,0.1,1.6,1.51,0.02,1.51,0.1,1.3,1.21,0.11,1.21,0.1,2.2,2.04,0.47,2.04,0.43,1.2,1.08,0.09,1.08,0.42
180.0,1.42,10.32,155.55,-2.65,-90.42,36.2,0.955,-1.211,21.869,-14.313,17.829,-18.349,91.815,-70.277,115.705,1.9,1.66,0.02,1.66,0.42,1.0,0.42,0.08,0.42,0.89,1.6,1.5,0.17,1.5,0.39,1.2,0.77,0.01,0.77,0.83,2.4,1.72,0.4,1.72,1.7,1.9,1.83,0.04,1.83,0.04,1.9,1.78,0.06,1.78,0.73,2.1,2.06,0.04,2.06,0.1,1.6,1.51,0.02,1.51,0.1,1.3,1.21,0.11,1.21,0.1,2.2,2.04,0.47,2.04,0.43,1.2,1.08,0.09,1.08,0.42
181.0,1.37,10.351,156.35,-2.69,-91.03,36.5,0.095,-1.336,21.824,-13.844,18.214,-18.297,91.721,-70.48,115.756,1.9,1.66,0.02,1.66,0.42,1.0,0.42,0.08,0.42,0.89,1.6,1.5,0.17,1.5,0.39,1.2,0.77,0.01,0.77,0.83,2.4,1.72,0.4,1.72,1.7,1.9,1.83,0.04,1.83,0.04,1.9,1.78,0.06,1.78,0.73,2.1,2.06,0.04,2.06,0.1,1.6,1.51,0.02,1.51,0.1,1.3,1.21,0.11,1.21,0.1,2.2,2.04,0.47,2.04,0.43,1.2,1.08,0.09,1.08,0.42
182.0,1.32,10.382,157.14,-2.72,-91.64,36.8,-1.167,-1.786,19.821,-11.843,18.633,-18.218,91.597,-70.622,115.749,1.9,1.66,0.02,1.66,0.42,1.0,0.42,0.08,0.42,0.89,1.6,1.5,0.17,1.5,0.39,1.2,0.77,0.01,0.77,0.83,2.4,1.72,0.4,1.72,1.7,1.9,1.83,0.04,1.83,0.04,1.9,1.78,0.06,1.78,0.73,2.1,2.06,0.04,2.06,0.1,1.6,1.51,0.02,1.51,0.1,1.3,1.21,0.11,1.21,0.1,2.2,2.04,0.47,2.04,0.43,1.2,1.08,0.09,1.08,0.42
183.0,1.26,10.413,157.93,-2.76,-92.25,36.9,-2.621,-2.401,17.72,-10.495,18.95,-18.089,91.477,-70.579,115.63,1.9,1.66,0.02,1.66,0.42,1.0,0.42,0.08,0.42,0.89,1.6,1.5,0.17,1.5,0.39,1.2,0.77,0.01,0.77,0.83,2.4,1.72,0.4,1.72,1.7,1.9,1.83,0.04,1.83,0.04,1.9,1.78,0.06,1.78,0.73,2.1,2.06,0.04,2.06,0.1,1.6,1.51,0.02,1.51,0.1,1.3,1.21,0.11,1.21,0.1,2.2,2.04,0.47,2.04,0.43,1.2,1.08,0.09,1.08,0.42
184.0,1.2,10.444,158.72,-2.79,-92.85,36.7,-4.279,-3.192,15.512,-9.847,19.156,-17.907,91.363,-70.337,115.391,1.9,1.66,0.02,1.66,0.42,1.0,0.42,0.08,0.42,0.89,1.6,1.5,0.17,1.5,0.39,1.2,0.77,0.01,0.77,0.83,2.4,1.72,0.4,1.72,1.7,1.9,1.83,0.04,1.83,0.04,1.9,1.78,0.06,1.78,0.73,2.1,2.06,0.04,2.06,0.1,1.6,1.51,0.02,1.51,0.1,1.3,1.21,0.11,1.21,0.1,2.2,2.04,0.47,2.04,0.43,1.2,1.08,0.09,1.08,0.42
185.0,1.13,10.475,159.51,-2.86,-93.47,37.0,-5.927,-4.311,13.318,-8.823,19.36,-17.477,91.604,-70.496,115.708,1.9,1.66,0.02,1.66,0.42,1.0,0.42,0.08,0.42,0.89,1.6,1.5,0.17,1.5,0.39,1.2,0.77,0.01,0.77,0.83,2.4,1.72,0.4,1.72,1.7,1.9,1.83,0.04,1.83,0.04,1.9,1.78,0.06,1.78,0.73,2.1,2.06,0.04,2.06,0.1,1.6,1.51,0.02,1.51,0.1,1.3,1.21,0.11,1.21,0.1,2.2,2.04,0.47,2.04,0.43,1.2,1.08,0.09,1.08,0.42
186.0,1.06,10.506,160.3,-2.91,-94.08,37.0,-7.82,-5.481,11.81,-7.742,19.432,-17.01,91.935,-70.656,116.075,1.9,1.66,0.02,1.66,0.42,1.0,0.42,0.08,0.42,0.89,1.6,1.5,0.17,1.5,0.39,1.2,0.77,0.01,0.77,0.83,2.4,1.72,0.4,1.72,1.7,1.9,1.83,0.04,1.83,0.04,1.9,1.78,0.06,1.78,0.73,2.1,2.06,0.04,2.06,0.1,1.6,1.51,0.02,1.51,0.1,1.3,1.21,0.11,1.21,0.1,2.2,2.04,0.47,2.04,0.43,1.2,1.08,0.09,1.08,0.42
187.0,1.02,10.537,161.1,-2.89,-94.68,36.0,-10.435,-6.663,12.308,-6.649,19.114,-16.538,92.376,-70.647,116.355,1.9,1.66,0.02,1.66,0.42,1.0,0.42,0.08,0.42,0.89,1.6,1.5,0.17,1.5,0.39,1.2,0.77,0.01,0.77,0.83,2.4,1.72,0.4,1.72,1.7,1.9,1.83,0.04,1.83,0.04,1.9,1.78,0.06,1.78,0.73,2.1,2.06,0.04,2.06,0.1,1.6,1.51,0.02,1.51,0.1,1.3,1.21,0.11,1.21,0.1,2.2,2.04,0.47,2.04,0.43,1.2,1.08,0.09,1.08,0.42
188.0,0.96,10.568,161.9,-2.93,-95.28,34.4,-13.021,-8.285,12.801,-6.281,18.799,-15.84,93.039,-70.663,116.895,1.9,1.66,0.02,1.66,0.42,1.0,0.42,0.08,0.42,0.89,1.6,1.5,0.17,1.5,0.39,1.2,0.77,0.01,0.77,0.83,2.4,1.72,0.4,1.72,1.7,1.9,1.83,0.04,1.83,0.04,1.9,1.78,0.06,1.78,0.73,2.1,2.06,0.04,2.06,0.1,1.6,1.51,0.02,1.51,0.1,1.3,1.21,0.11,1.21,0.1,2.2,2.04,0.47,2.04,0.43,1.2,1.08,0.09,1.08,0.42
189.0,0.88,10.599,162.69,-3.01,-95.9,32.6,-15.631,-10.147,13.241,-6.325,18.473,-15.013,93.829,-70.687,117.573,1.9,1.66,0.02,1.66,0.42,1.0,0.42,0.08,0.42,0.89,1.6,1.5,0.17,1.5,0.39,1.2,0.77,0.01,0.77,0.83,2.4,1.72,0.4,1.72,1.7,1.9,1.83,0.04,1.83,0.04,1.9,1.78,0.06,1.78,0.73,2.1,2.06,0.04,2.06,0.1,1.6,1.51,0.02,1.51,0.1,1.3,1.21,0.11,1.21,0.1,2.2,2.04,0.47,2.04,0.43,1.2,1.08,0.09,1.08,0.42
190.0,0.83,10.629,163.49,-3.05,-96.49,30.4,-19.351,-12.282,12.227,-7.378,17.751,-13.857,94.9,-70.607,118.383,1.9,1.66,0.02,1.66,0.42,1.0,0.42,0.08,0.42,0.89,1.6,1.5,0.17,1.5,0.39,1.2,0.77,0.01,0.77,0.83,2.4,1.72,0.4,1.72,1.7,1.9,1.83,0.04,1.83,0.04,1.9,1.78,0.06,1.78,0.73,2.1,2.06,0.04,2.06,0.1,1.6,1.51,0.02,1.51,0.1,1.3,1.21,0.11,1.21,0.1,2.2,2.04,0.47,2.04,0.43,1.2,1.08,0.09,1.08,0.42
191.0,0.78,10.66,164.29,-3.08,-97.09,28.4,-22.82,-14.374,10.037,-8.172,16.652,-12.551,95.832,-70.786,119.232,1.9,1.66,0.02,1.66,0.42,1.0,0.42,0.08,0.42,0.89,1.6,1.5,0.17,1.5,0.39,1.2,0.77,0.01,0.77,0.83,2.4,1.72,0.4,1.72,1.7,1.9,1.83,0.04,1.83,0.04,1.9,1.78,0.06,1.78,0.73,2.1,2.06,0.04,2.06,0.1,1.6,1.51,0.02,1.51,0.1,1.3,1.21,0.11,1.21,0.1,2.2,2.04,0.47,2.04,0.43,1.2,1.08,0.09,1.08,0.42
192.0,0.73,10.69,165.1,-3.1,-97.68,26.7,-25.895,-16.401,5.994,-8.555,14.959,-11.01,96.543,-71.374,120.139,1.9,1.74,0.01,1.74,0.51,1.0,0.42,0.07,0.42,0.9,1.6,1.6,0.07,1.6,0.31,1.2,0.79,0.03,0.79,0.83,1.8,1.36,0.19,1.36,1.24,1.9,1.69,0.09,1.69,0.34,1.8,1.68,0.18,1.68,0.65,2.1,2.02,0.0,2.02,0.19,1.7,1.63,0.11,1.63,0.17,1.4,1.27,0.08,1.27,0.2,2.2,2.08,0.43,2.08,0.42,1.2,1.05,0.11,1.05,0.39
193.0,0.66,10.72,165.9,-3.15,-98.28,22.6,-28.983,-17.685,1.933,-5.927,13.258,-9.472,95.824,-73.178,120.645,1.9,1.74,0.01,1.74,0.51,1.0,0.42,0.07,0.42,0.9,1.6,1.6,0.07,1.6,0.31,1.2,0.79,0.03,0.79,0.83,1.8,1.36,0.19,1.36,1.24,1.9,1.69,0.09,1.69,0.34,1.8,1.68,0.18,1.68,0.65,2.1,2.02,0.0,2.02,0.19,1.7,1.63,0.11,1.63,0.17,1.4,1.27,0.08,1.27,0.2,2.2,2.08,0.43,2.08,0.42,1.2,1.05,0.11,1.05,0.39
194.0,0.57,10.75,166.69,-3.21,-98.89,17.5,-31.902,-18.858,-1.738,-2.29,11.585,-7.864,94.603,-75.237,120.949,1.9,1.74,0.01,1.74,0.51,1.0,0.42,0.07,0.42,0.9,1.6,1.6,0.07,1.6,0.31,1.2,0.79,0.03,0.79,0.83,1.8,1.36,0.19,1.36,1.24,1.9,1.69,0.09,1.69,0.34,1.8,1.68,0.18,1.68,0.65,2.1,2.02,0.0,2.02,0.19,1.7,1.63,0.11,1.63,0.17,1.4,1.27,0.08,1.27,0.2,2.2,2.08,0.43,2.08,0.42,1.2,1.05,0.11,1.05,0.39
195.0,0.45,10.78,167.47,-3.24,-99.53,14.0,-32.559,-22.219,-0.279,-0.389,10.305,-5.346,93.927,-74.645,120.031,1.9,1.74,0.01,1.74,0.51,1.0,0.42,0.07,0.42,0.9,1.6,1.6,0.07,1.6,0.31,1.2,0.79,0.03,0.79,0.83,1.8,1.36,0.19,1.36,1.24,1.9,1.69,0.09,1.69,0.34,1.8,1.68,0.18,1.68,0.65,2.1,2.02,0.0,2.02,0.19,1.7,1.63,0.11,1.63,0.17,1.4,1.27,0.08,1.27,0.2,2.2,2.08,0.43,2.08,0.42,1.2,1.05,0.11,1.05,0.39
196.0,0.33,10.811,168.25,-3.26,-100.16,10.4,-33.215,-25.581,1.181,1.513,9.024,-2.826,93.25,-74.052,119.115,1.9,1.74,0.01,1.74,0.51,1.0,0.42,0.07,0.42,0.9,1.6,1.6,0.07,1.6,0.31,1.2,0.79,0.03,0.79,0.83,1.8,1.36,0.19,1.36,1.24,1.9,1.69,0.09,1.69,0.34,1.8,1.68,0.18,1.68,0.65,2.1,2.02,0.0,2.02,0.19,1.7,1.63,0.11,1.63,0.17,1.4,1.27,0.08,1.27,0.2,2.2,2.08,0.43,2.08,0.42,1.2,1.05,0.11,1.05,0.39
197.0,0.21,10.841,169.03,-3.29,-100.8,6.9,-33.872,-28.944,2.641,3.416,7.743,-0.306,92.573,-73.46,118.202,1.9,1.74,0.01,1.74,0.51,1.0,0.42,0.07,0.42,0.9,1.6,1.6,0.07,1.6,0.31,1.2,0.79,0.03,0.79,0.83,1.8,1.36,0.19,1.36,1.24,1.9,1.69,0.09,1.69,0.34,1.8,1.68,0.18,1.68,0.65,2.1,2.02,0.0,2.02,0.19,1.7,1.63,0.11,1.63,0.17,1.4,1.27,0.08,1.27,0.2,2.2,2.08,0.43,2.08,0.42,1.2,1.05,0.11,1.05,0.39
198.0,0.11,10.872,169.82,-3.31,-101.41,5.1,-34.374,-27.574,2.92,3.065,6.326,0.361,92.527,-71.311,116.838,1.9,1.74,0.01,1.74,0.51,1.0,0.42,0.07,0.42,0.9,1.6,1.6,0.07,1.6,0.31,1.2,0.79,0.03,0.79,0.83,1.8,1.36,0.19,1.36,1.24,1.9,1.69,0.09,1.69,0.34,1.8,1.68,0.18,1.68,0.65,2.1,2.02,0.0,2.02,0.19,1.7,1.63,0.11,1.63,0.17,1.4,1.27,0.08,1.27,0.2,2.2,2.08,0.43,2.08,0.42,1.2,1.05,0.11,1.05,0.39
199.0,0.0,10.903,170.61,-3.33,-102.02,3.8,-34.852,-25.064,4.603,2.051,4.925,0.489,92.55,-69.521,115.773,1.9,1.74,0.01,1.74,0.51,1.0,0.42,0.07,0.42,0.9,1.6,1.6,0.07,1.6,0.31,1.2,0.79,0.03,0.79,0.83,1.8,1.36,0.19,1.36,1.24,1.9,1.69,0.09,1.69,0.34,1.8,1.68,0.18,1.68,0.65,2.1,2.02,0.0,2.02,0.19,1.7,1.63,0.11,1.63,0.17,1.4,1.27,0.08,1.27,0.2,2.2,2.08,0.43,2.08,0.42,1.2,1.05,0.11,1.05,0.39
