Position;Height above ground [m];Time;X [m];Y [m];Z [m];Opening Angle [°];Stalling Angle Left [°];Stalling Angle Right [°];Roll Angle Left [°];Roll Angle Right [°];Yaw Angle Left [°];Yaw Angle Right [°];Speed hor. [km/h];Speed vert. [km/h];Speed resulting [km/h];WindTime|WindName|WindSpeed|WindSpeedTangent|WindTurbulence|WindSpeedCleanTan|WindSpeedCross
-5.76;NaN;0001-01-01T00:00:00.0000000+01:00;-4.92;0.00;0.97;NaN;NaN;NaN;NaN;NaN;NaN;NaN;0.000;0.000;0.000;"0001-01-01T00:00:00.038+01:00|W1|2.4|2.36|0.19|2.36|0.31;0001-01-01T00:00:00.038+01:00|W2|1.7|1.65|0.12|1.65|0.39;0001-01-01T00:00:00.038+01:00|W3|2.2|2.11|0.18|2.11|0.39;0001-01-01T00:00:00.038+01:00|W4|2.0|1.92|0.02|1.92|0.57;0001-01-01T00:00:00.038+01:00|W5|1.7|1.66|0.03|1.66|0.22;0001-01-01T00:00:00.038+01:00|W6|1.4|1.10|0.09|1.10|0.69;0001-01-01T00:00:00.038+01:00|W7|2.7|2.62|0.43|2.62|0.59;0001-01-01T00:00:00.038+01:00|W8|0.9|0.55|0.32|0.55|0.60;0001-01-01T00:00:00.038+01:00|W9|2.8|2.65|0.24|2.65|0.58;0001-01-01T00:00:00.038+01:00|W10|2.5|2.28|0.38|2.28|1.01;0001-01-01T00:00:00.038+01:00|W11|2.0|1.62|0.33|1.62|1.24;0001-01-01T00:00:00.038+01:00|W12|1.6|1.51|0.14|1.51|0.30"
0.00;2.93;0001-01-01T00:00:00.8350000+01:00;-46.61;0.00;9.48;0.0;-11.500;-11.500;0.000;0.000;0.000;0.000;86.963;-17.693;88.744;"0001-01-01T00:00:00.787+01:00|W1|2.3|2.30|0.09|2.30|0.10;0001-01-01T00:00:00.787+01:00|W2|1.9|1.87|0.33|1.87|0.43;0001-01-01T00:00:00.787+01:00|W3|2.0|1.95|0.37|1.95|0.34;0001-01-01T00:00:00.787+01:00|W4|2.0|1.93|0.00|1.93|0.47;0001-01-01T00:00:00.787+01:00|W5|1.8|1.79|0.14|1.79|0.19;0001-01-01T00:00:00.787+01:00|W6|1.3|0.93|0.04|0.93|0.73;0001-01-01T00:00:00.787+01:00|W7|2.9|2.87|0.49|2.87|0.33;0001-01-01T00:00:00.787+01:00|W8|1.0|0.72|0.38|0.72|0.62;0001-01-01T00:00:00.787+01:00|W9|2.6|2.55|0.04|2.55|0.41;0001-01-01T00:00:00.787+01:00|W10|2.4|2.27|0.27|2.27|0.84;0001-01-01T00:00:00.787+01:00|W11|2.1|1.43|0.26|1.43|1.44;0001-01-01T00:00:00.787+01:00|W12|1.8|1.67|0.37|1.67|0.54"
1.00;8.83;0001-01-01T00:00:02.6920000+01:00;2.05;-0.29;5.65;1.0;11.694;10.604;-4.168;-0.754;-0.221;-0.617;88.480;4.993;88.644;"0001-01-01T00:00:02.788+01:00|W1|2.5|2.43|0.20|2.43|0.07;0001-01-01T00:00:02.788+01:00|W2|1.9|1.87|0.18|1.87|0.24;0001-01-01T00:00:02.788+01:00|W3|2.2|2.19|0.08|2.19|0.46;0001-01-01T00:00:02.788+01:00|W4|1.6|1.55|0.25|1.55|0.04;0001-01-01T00:00:02.788+01:00|W5|2.0|2.04|0.24|2.04|0.04;0001-01-01T00:00:02.788+01:00|W6|0.8|0.69|0.43|0.69|0.18;0001-01-01T00:00:02.788+01:00|W7|3.5|3.51|0.64|3.51|0.38;0001-01-01T00:00:02.788+01:00|W8|1.2|0.71|0.32|0.71|0.93;0001-01-01T00:00:02.788+01:00|W9|2.2|2.05|0.32|2.05|0.12;0001-01-01T00:00:02.788+01:00|W10|2.5|2.39|0.16|2.39|0.73;0001-01-01T00:00:02.788+01:00|W11|2.0|1.34|0.20|1.34|1.47;0001-01-01T00:00:02.788+01:00|W12|1.5|1.37|0.13|1.37|0.56"
2.00;9.09;0001-01-01T00:00:02.7390000+01:00;3.22;-0.32;5.73;2.0;14.267;13.682;-3.046;-2.576;1.321;-2.177;88.366;8.816;88.832;"0001-01-01T00:00:02.788+01:00|W1|2.5|2.43|0.20|2.43|0.07;0001-01-01T00:00:02.788+01:00|W2|1.9|1.87|0.18|1.87|0.24;0001-01-01T00:00:02.788+01:00|W3|2.2|2.19|0.08|2.19|0.46;0001-01-01T00:00:02.788+01:00|W4|1.6|1.55|0.25|1.55|0.04;0001-01-01T00:00:02.788+01:00|W5|2.0|2.04|0.24|2.04|0.04;0001-01-01T00:00:02.788+01:00|W6|0.8|0.69|0.43|0.69|0.18;0001-01-01T00:00:02.788+01:00|W7|3.5|3.51|0.64|3.51|0.38;0001-01-01T00:00:02.788+01:00|W8|1.2|0.71|0.32|0.71|0.93;0001-01-01T00:00:02.788+01:00|W9|2.2|2.05|0.32|2.05|0.12;0001-01-01T00:00:02.788+01:00|W10|2.5|2.39|0.16|2.39|0.73;0001-01-01T00:00:02.788+01:00|W11|2.0|1.34|0.20|1.34|1.47;0001-01-01T00:00:02.788+01:00|W12|1.5|1.37|0.13|1.37|0.56"
3.00;9.38;0001-01-01T00:00:02.7860000+01:00;4.39;-0.35;5.82;3.9;16.983;18.682;-2.114;-0.466;3.093;-4.191;88.283;8.186;88.718;"0001-01-01T00:00:02.788+01:00|W1|2.5|2.43|0.20|2.43|0.07;0001-01-01T00:00:02.788+01:00|W2|1.9|1.87|0.18|1.87|0.24;0001-01-01T00:00:02.788+01:00|W3|2.2|2.19|0.08|2.19|0.46;0001-01-01T00:00:02.788+01:00|W4|1.6|1.55|0.25|1.55|0.04;0001-01-01T00:00:02.788+01:00|W5|2.0|2.04|0.24|2.04|0.04;0001-01-01T00:00:02.788+01:00|W6|0.8|0.69|0.43|0.69|0.18;0001-01-01T00:00:02.788+01:00|W7|3.5|3.51|0.64|3.51|0.38;0001-01-01T00:00:02.788+01:00|W8|1.2|0.71|0.32|0.71|0.93;0001-01-01T00:00:02.788+01:00|W9|2.2|2.05|0.32|2.05|0.12;0001-01-01T00:00:02.788+01:00|W10|2.5|2.39|0.16|2.39|0.73;0001-01-01T00:00:02.788+01:00|W11|2.0|1.34|0.20|1.34|1.47;0001-01-01T00:00:02.788+01:00|W12|1.5|1.37|0.13|1.37|0.56"
4.00;9.64;0001-01-01T00:00:02.8330000+01:00;5.56;-0.38;5.87;7.4;19.630;22.019;-1.205;0.218;4.821;-6.371;88.651;6.185;88.931;"0001-01-01T00:00:02.788+01:00|W1|2.5|2.43|0.20|2.43|0.07;0001-01-01T00:00:02.788+01:00|W2|1.9|1.87|0.18|1.87|0.24;0001-01-01T00:00:02.788+01:00|W3|2.2|2.19|0.08|2.19|0.46;0001-01-01T00:00:02.788+01:00|W4|1.6|1.55|0.25|1.55|0.04;0001-01-01T00:00:02.788+01:00|W5|2.0|2.04|0.24|2.04|0.04;0001-01-01T00:00:02.788+01:00|W6|0.8|0.69|0.43|0.69|0.18;0001-01-01T00:00:02.788+01:00|W7|3.5|3.51|0.64|3.51|0.38;0001-01-01T00:00:02.788+01:00|W8|1.2|0.71|0.32|0.71|0.93;0001-01-01T00:00:02.788+01:00|W9|2.2|2.05|0.32|2.05|0.12;0001-01-01T00:00:02.788+01:00|W10|2.5|2.39|0.16|2.39|0.73;0001-01-01T00:00:02.788+01:00|W11|2.0|1.34|0.20|1.34|1.47;0001-01-01T00:00:02.788+01:00|W12|1.5|1.37|0.13|1.37|0.56"
5.00;9.89;0001-01-01T00:00:02.8790000+01:00;6.72;-0.40;5.88;11.4;22.242;24.458;-0.308;-0.157;6.526;-8.558;89.282;4.268;89.441;"0001-01-01T00:00:02.788+01:00|W1|2.5|2.43|0.20|2.43|0.07;0001-01-01T00:00:02.788+01:00|W2|1.9|1.87|0.18|1.87|0.24;0001-01-01T00:00:02.788+01:00|W3|2.2|2.19|0.08|2.19|0.46;0001-01-01T00:00:02.788+01:00|W4|1.6|1.55|0.25|1.55|0.04;0001-01-01T00:00:02.788+01:00|W5|2.0|2.04|0.24|2.04|0.04;0001-01-01T00:00:02.788+01:00|W6|0.8|0.69|0.43|0.69|0.18;0001-01-01T00:00:02.788+01:00|W7|3.5|3.51|0.64|3.51|0.38;0001-01-01T00:00:02.788+01:00|W8|1.2|0.71|0.32|0.71|0.93;0001-01-01T00:00:02.788+01:00|W9|2.2|2.05|0.32|2.05|0.12;0001-01-01T00:00:02.788+01:00|W10|2.5|2.39|0.16|2.39|0.73;0001-01-01T00:00:02.788+01:00|W11|2.0|1.34|0.20|1.34|1.47;0001-01-01T00:00:02.788+01:00|W12|1.5|1.37|0.13|1.37|0.56"
6.00;10.17;0001-01-01T00:00:02.9250000+01:00;7.88;-0.43;5.90;15.3;24.845;26.888;0.586;-0.530;8.225;-10.738;89.912;2.358;89.992;"0001-01-01T00:00:03.038+01:00|W1|2.5|2.43|0.20|2.43|0.07;0001-01-01T00:00:03.038+01:00|W2|1.9|1.89|0.19|1.89|0.27;0001-01-01T00:00:03.038+01:00|W3|2.4|2.36|0.27|2.36|0.49;0001-01-01T00:00:03.038+01:00|W4|1.6|1.57|0.24|1.57|0.02;0001-01-01T00:00:03.038+01:00|W5|1.9|1.90|0.10|1.90|0.10;0001-01-01T00:00:03.038+01:00|W6|0.8|0.69|0.41|0.69|0.22;0001-01-01T00:00:03.038+01:00|W7|3.7|3.63|0.70|3.63|0.40;0001-01-01T00:00:03.038+01:00|W8|1.2|0.73|0.26|0.73|0.88;0001-01-01T00:00:03.038+01:00|W9|2.2|2.04|0.30|2.04|0.20;0001-01-01T00:00:03.038+01:00|W10|2.5|2.39|0.16|2.39|0.73;0001-01-01T00:00:03.038+01:00|W11|2.0|1.34|0.20|1.34|1.47;0001-01-01T00:00:03.038+01:00|W12|1.5|1.32|0.12|1.32|0.68"
7.00;10.46;0001-01-01T00:00:02.9700000+01:00;9.04;-0.45;5.92;19.3;27.455;29.326;1.482;-0.904;9.929;-12.924;90.543;0.442;90.587;"0001-01-01T00:00:03.038+01:00|W1|2.5|2.43|0.20|2.43|0.07;0001-01-01T00:00:03.038+01:00|W2|1.9|1.89|0.19|1.89|0.27;0001-01-01T00:00:03.038+01:00|W3|2.4|2.36|0.27|2.36|0.49;0001-01-01T00:00:03.038+01:00|W4|1.6|1.57|0.24|1.57|0.02;0001-01-01T00:00:03.038+01:00|W5|1.9|1.90|0.10|1.90|0.10;0001-01-01T00:00:03.038+01:00|W6|0.8|0.69|0.41|0.69|0.22;0001-01-01T00:00:03.038+01:00|W7|3.7|3.63|0.70|3.63|0.40;0001-01-01T00:00:03.038+01:00|W8|1.2|0.73|0.26|0.73|0.88;0001-01-01T00:00:03.038+01:00|W9|2.2|2.04|0.30|2.04|0.20;0001-01-01T00:00:03.038+01:00|W10|2.5|2.39|0.16|2.39|0.73;0001-01-01T00:00:03.038+01:00|W11|2.0|1.34|0.20|1.34|1.47;0001-01-01T00:00:03.038+01:00|W12|1.5|1.32|0.12|1.32|0.68"
8.00;10.75;0001-01-01T00:00:03.0160000+01:00;10.21;-0.48;5.92;23.0;29.368;31.357;2.964;-2.268;11.772;-14.981;91.069;-1.526;91.125;"0001-01-01T00:00:03.038+01:00|W1|2.5|2.43|0.20|2.43|0.07;0001-01-01T00:00:03.038+01:00|W2|1.9|1.89|0.19|1.89|0.27;0001-01-01T00:00:03.038+01:00|W3|2.4|2.36|0.27|2.36|0.49;0001-01-01T00:00:03.038+01:00|W4|1.6|1.57|0.24|1.57|0.02;0001-01-01T00:00:03.038+01:00|W5|1.9|1.90|0.10|1.90|0.10;0001-01-01T00:00:03.038+01:00|W6|0.8|0.69|0.41|0.69|0.22;0001-01-01T00:00:03.038+01:00|W7|3.7|3.63|0.70|3.63|0.40;0001-01-01T00:00:03.038+01:00|W8|1.2|0.73|0.26|0.73|0.88;0001-01-01T00:00:03.038+01:00|W9|2.2|2.04|0.30|2.04|0.20;0001-01-01T00:00:03.038+01:00|W10|2.5|2.39|0.16|2.39|0.73;0001-01-01T00:00:03.038+01:00|W11|2.0|1.34|0.20|1.34|1.47;0001-01-01T00:00:03.038+01:00|W12|1.5|1.32|0.12|1.32|0.68"
9.00;11.03;0001-01-01T00:00:03.0620000+01:00;11.37;-0.52;5.89;25.9;29.915;32.559;5.005;-5.835;13.725;-16.634;91.103;-3.162;91.207;"0001-01-01T00:00:03.038+01:00|W1|2.5|2.43|0.20|2.43|0.07;0001-01-01T00:00:03.038+01:00|W2|1.9|1.89|0.19|1.89|0.27;0001-01-01T00:00:03.038+01:00|W3|2.4|2.36|0.27|2.36|0.49;0001-01-01T00:00:03.038+01:00|W4|1.6|1.57|0.24|1.57|0.02;0001-01-01T00:00:03.038+01:00|W5|1.9|1.90|0.10|1.90|0.10;0001-01-01T00:00:03.038+01:00|W6|0.8|0.69|0.41|0.69|0.22;0001-01-01T00:00:03.038+01:00|W7|3.7|3.63|0.70|3.63|0.40;0001-01-01T00:00:03.038+01:00|W8|1.2|0.73|0.26|0.73|0.88;0001-01-01T00:00:03.038+01:00|W9|2.2|2.04|0.30|2.04|0.20;0001-01-01T00:00:03.038+01:00|W10|2.5|2.39|0.16|2.39|0.73;0001-01-01T00:00:03.038+01:00|W11|2.0|1.34|0.20|1.34|1.47;0001-01-01T00:00:03.038+01:00|W12|1.5|1.32|0.12|1.32|0.68"
10.00;11.31;0001-01-01T00:00:03.1080000+01:00;12.52;-0.56;5.84;27.9;30.233;33.541;6.241;-10.964;15.254;-17.753;90.460;-3.828;90.593;"0001-01-01T00:00:03.038+01:00|W1|2.5|2.43|0.20|2.43|0.07;0001-01-01T00:00:03.038+01:00|W2|1.9|1.89|0.19|1.89|0.27;0001-01-01T00:00:03.038+01:00|W3|2.4|2.36|0.27|2.36|0.49;0001-01-01T00:00:03.038+01:00|W4|1.6|1.57|0.24|1.57|0.02;0001-01-01T00:00:03.038+01:00|W5|1.9|1.90|0.10|1.90|0.10;0001-01-01T00:00:03.038+01:00|W6|0.8|0.69|0.41|0.69|0.22;0001-01-01T00:00:03.038+01:00|W7|3.7|3.63|0.70|3.63|0.40;0001-01-01T00:00:03.038+01:00|W8|1.2|0.73|0.26|0.73|0.88;0001-01-01T00:00:03.038+01:00|W9|2.2|2.04|0.30|2.04|0.20;0001-01-01T00:00:03.038+01:00|W10|2.5|2.39|0.16|2.39|0.73;0001-01-01T00:00:03.038+01:00|W11|2.0|1.34|0.20|1.34|1.47;0001-01-01T00:00:03.038+01:00|W12|1.5|1.32|0.12|1.32|0.68"
11.00;11.60;0001-01-01T00:00:03.1540000+01:00;13.68;-0.60;5.79;28.9;30.577;34.388;10.001;-17.528;16.169;-18.210;90.598;-5.177;90.800;"0001-01-01T00:00:03.038+01:00|W1|2.5|2.43|0.20|2.43|0.07;0001-01-01T00:00:03.038+01:00|W2|1.9|1.89|0.19|1.89|0.27;0001-01-01T00:00:03.038+01:00|W3|2.4|2.36|0.27|2.36|0.49;0001-01-01T00:00:03.038+01:00|W4|1.6|1.57|0.24|1.57|0.02;0001-01-01T00:00:03.038+01:00|W5|1.9|1.90|0.10|1.90|0.10;0001-01-01T00:00:03.038+01:00|W6|0.8|0.69|0.41|0.69|0.22;0001-01-01T00:00:03.038+01:00|W7|3.7|3.63|0.70|3.63|0.40;0001-01-01T00:00:03.038+01:00|W8|1.2|0.73|0.26|0.73|0.88;0001-01-01T00:00:03.038+01:00|W9|2.2|2.04|0.30|2.04|0.20;0001-01-01T00:00:03.038+01:00|W10|2.5|2.39|0.16|2.39|0.73;0001-01-01T00:00:03.038+01:00|W11|2.0|1.34|0.20|1.34|1.47;0001-01-01T00:00:03.038+01:00|W12|1.5|1.32|0.12|1.32|0.68"
12.00;11.86;0001-01-01T00:00:03.1990000+01:00;14.81;-0.64;5.71;28.7;30.497;34.355;13.382;-22.581;16.128;-18.066;90.741;-6.395;91.022;"0001-01-01T00:00:03.288+01:00|W1|2.6|2.53|0.28|2.53|0.06;0001-01-01T00:00:03.288+01:00|W2|1.9|1.88|0.17|1.88|0.27;0001-01-01T00:00:03.288+01:00|W3|2.5|2.49|0.39|2.49|0.48;0001-01-01T00:00:03.288+01:00|W4|1.6|1.57|0.24|1.57|0.02;0001-01-01T00:00:03.288+01:00|W5|1.5|1.51|0.27|1.51|0.04;0001-01-01T00:00:03.288+01:00|W6|0.8|0.73|0.35|0.73|0.16;0001-01-01T00:00:03.288+01:00|W7|3.6|3.62|0.63|3.62|0.31;0001-01-01T00:00:03.288+01:00|W8|1.1|0.75|0.16|0.75|0.79;0001-01-01T00:00:03.288+01:00|W9|2.2|2.02|0.29|2.02|0.31;0001-01-01T00:00:03.288+01:00|W10|2.5|2.33|0.08|2.33|0.76;0001-01-01T00:00:03.288+01:00|W11|2.0|1.38|0.14|1.38|1.48;0001-01-01T00:00:03.288+01:00|W12|1.6|1.39|0.04|1.39|0.69"
13.00;12.15;0001-01-01T00:00:03.2450000+01:00;15.96;-0.68;5.63;28.6;30.417;34.321;16.800;-27.692;16.087;-17.920;90.885;-7.628;91.263;"0001-01-01T00:00:03.288+01:00|W1|2.6|2.53|0.28|2.53|0.06;0001-01-01T00:00:03.288+01:00|W2|1.9|1.88|0.17|1.88|0.27;0001-01-01T00:00:03.288+01:00|W3|2.5|2.49|0.39|2.49|0.48;0001-01-01T00:00:03.288+01:00|W4|1.6|1.57|0.24|1.57|0.02;0001-01-01T00:00:03.288+01:00|W5|1.5|1.51|0.27|1.51|0.04;0001-01-01T00:00:03.288+01:00|W6|0.8|0.73|0.35|0.73|0.16;0001-01-01T00:00:03.288+01:00|W7|3.6|3.62|0.63|3.62|0.31;0001-01-01T00:00:03.288+01:00|W8|1.1|0.75|0.16|0.75|0.79;0001-01-01T00:00:03.288+01:00|W9|2.2|2.02|0.29|2.02|0.31;0001-01-01T00:00:03.288+01:00|W10|2.5|2.33|0.08|2.33|0.76;0001-01-01T00:00:03.288+01:00|W11|2.0|1.38|0.14|1.38|1.48;0001-01-01T00:00:03.288+01:00|W12|1.6|1.39|0.04|1.39|0.69"
14.00;12.42;0001-01-01T00:00:03.2900000+01:00;17.09;-0.72;5.53;27.9;30.056;33.181;20.348;-29.387;15.268;-17.582;91.062;-9.068;91.580;"0001-01-01T00:00:03.288+01:00|W1|2.6|2.53|0.28|2.53|0.06;0001-01-01T00:00:03.288+01:00|W2|1.9|1.88|0.17|1.88|0.27;0001-01-01T00:00:03.288+01:00|W3|2.5|2.49|0.39|2.49|0.48;0001-01-01T00:00:03.288+01:00|W4|1.6|1.57|0.24|1.57|0.02;0001-01-01T00:00:03.288+01:00|W5|1.5|1.51|0.27|1.51|0.04;0001-01-01T00:00:03.288+01:00|W6|0.8|0.73|0.35|0.73|0.16;0001-01-01T00:00:03.288+01:00|W7|3.6|3.62|0.63|3.62|0.31;0001-01-01T00:00:03.288+01:00|W8|1.1|0.75|0.16|0.75|0.79;0001-01-01T00:00:03.288+01:00|W9|2.2|2.02|0.29|2.02|0.31;0001-01-01T00:00:03.288+01:00|W10|2.5|2.33|0.08|2.33|0.76;0001-01-01T00:00:03.288+01:00|W11|2.0|1.38|0.14|1.38|1.48;0001-01-01T00:00:03.288+01:00|W12|1.6|1.39|0.04|1.39|0.69"
15.00;12.69;0001-01-01T00:00:03.3340000+01:00;18.22;-0.76;5.40;26.9;29.400;31.429;22.736;-31.986;14.133;-17.133;91.083;-10.306;91.732;"0001-01-01T00:00:03.288+01:00|W1|2.6|2.53|0.28|2.53|0.06;0001-01-01T00:00:03.288+01:00|W2|1.9|1.88|0.17|1.88|0.27;0001-01-01T00:00:03.288+01:00|W3|2.5|2.49|0.39|2.49|0.48;0001-01-01T00:00:03.288+01:00|W4|1.6|1.57|0.24|1.57|0.02;0001-01-01T00:00:03.288+01:00|W5|1.5|1.51|0.27|1.51|0.04;0001-01-01T00:00:03.288+01:00|W6|0.8|0.73|0.35|0.73|0.16;0001-01-01T00:00:03.288+01:00|W7|3.6|3.62|0.63|3.62|0.31;0001-01-01T00:00:03.288+01:00|W8|1.1|0.75|0.16|0.75|0.79;0001-01-01T00:00:03.288+01:00|W9|2.2|2.02|0.29|2.02|0.31;0001-01-01T00:00:03.288+01:00|W10|2.5|2.33|0.08|2.33|0.76;0001-01-01T00:00:03.288+01:00|W11|2.0|1.38|0.14|1.38|1.48;0001-01-01T00:00:03.288+01:00|W12|1.6|1.39|0.04|1.39|0.69"
16.00;12.95;0001-01-01T00:00:03.3790000+01:00;19.35;-0.81;5.27;25.6;28.668;29.509;24.509;-34.633;12.920;-16.460;91.293;-11.782;92.124;"0001-01-01T00:00:03.288+01:00|W1|2.6|2.53|0.28|2.53|0.06;0001-01-01T00:00:03.288+01:00|W2|1.9|1.88|0.17|1.88|0.27;0001-01-01T00:00:03.288+01:00|W3|2.5|2.49|0.39|2.49|0.48;0001-01-01T00:00:03.288+01:00|W4|1.6|1.57|0.24|1.57|0.02;0001-01-01T00:00:03.288+01:00|W5|1.5|1.51|0.27|1.51|0.04;0001-01-01T00:00:03.288+01:00|W6|0.8|0.73|0.35|0.73|0.16;0001-01-01T00:00:03.288+01:00|W7|3.6|3.62|0.63|3.62|0.31;0001-01-01T00:00:03.288+01:00|W8|1.1|0.75|0.16|0.75|0.79;0001-01-01T00:00:03.288+01:00|W9|2.2|2.02|0.29|2.02|0.31;0001-01-01T00:00:03.288+01:00|W10|2.5|2.33|0.08|2.33|0.76;0001-01-01T00:00:03.288+01:00|W11|2.0|1.38|0.14|1.38|1.48;0001-01-01T00:00:03.288+01:00|W12|1.6|1.39|0.04|1.39|0.69"
17.00;13.21;0001-01-01T00:00:03.4230000+01:00;20.47;-0.85;5.12;24.6;27.856;27.669;25.326;-36.923;12.053;-15.636;91.494;-13.332;92.526;"0001-01-01T00:00:03.537+01:00|W1|2.7|2.60|0.30|2.60|0.03;0001-01-01T00:00:03.537+01:00|W2|1.9|1.88|0.17|1.88|0.27;0001-01-01T00:00:03.537+01:00|W3|2.5|2.49|0.39|2.49|0.48;0001-01-01T00:00:03.537+01:00|W4|1.6|1.57|0.24|1.57|0.02;0001-01-01T00:00:03.537+01:00|W5|1.5|1.51|0.27|1.51|0.04;0001-01-01T00:00:03.537+01:00|W6|0.8|0.73|0.35|0.73|0.16;0001-01-01T00:00:03.537+01:00|W7|3.6|3.62|0.63|3.62|0.31;0001-01-01T00:00:03.537+01:00|W8|1.1|0.75|0.16|0.75|0.79;0001-01-01T00:00:03.537+01:00|W9|2.2|2.02|0.29|2.02|0.31;0001-01-01T00:00:03.537+01:00|W10|2.5|2.33|0.08|2.33|0.76;0001-01-01T00:00:03.537+01:00|W11|2.0|1.38|0.14|1.38|1.48;0001-01-01T00:00:03.537+01:00|W12|1.6|1.39|0.04|1.39|0.69"
18.00;13.46;0001-01-01T00:00:03.4670000+01:00;21.58;-0.88;4.96;24.1;26.977;26.017;25.391;-38.672;11.516;-14.776;91.775;-14.810;93.015;"0001-01-01T00:00:03.537+01:00|W1|2.7|2.60|0.30|2.60|0.03;0001-01-01T00:00:03.537+01:00|W2|1.9|1.88|0.17|1.88|0.27;0001-01-01T00:00:03.537+01:00|W3|2.5|2.49|0.39|2.49|0.48;0001-01-01T00:00:03.537+01:00|W4|1.6|1.57|0.24|1.57|0.02;0001-01-01T00:00:03.537+01:00|W5|1.5|1.51|0.27|1.51|0.04;0001-01-01T00:00:03.537+01:00|W6|0.8|0.73|0.35|0.73|0.16;0001-01-01T00:00:03.537+01:00|W7|3.6|3.62|0.63|3.62|0.31;0001-01-01T00:00:03.537+01:00|W8|1.1|0.75|0.16|0.75|0.79;0001-01-01T00:00:03.537+01:00|W9|2.2|2.02|0.29|2.02|0.31;0001-01-01T00:00:03.537+01:00|W10|2.5|2.33|0.08|2.33|0.76;0001-01-01T00:00:03.537+01:00|W11|2.0|1.38|0.14|1.38|1.48;0001-01-01T00:00:03.537+01:00|W12|1.6|1.39|0.04|1.39|0.69"
19.00;13.71;0001-01-01T00:00:03.5100000+01:00;22.69;-0.92;4.79;23.5;26.111;24.640;25.456;-39.596;10.987;-13.938;92.281;-16.318;93.769;"0001-01-01T00:00:03.537+01:00|W1|2.7|2.60|0.30|2.60|0.03;0001-01-01T00:00:03.537+01:00|W2|1.9|1.88|0.17|1.88|0.27;0001-01-01T00:00:03.537+01:00|W3|2.5|2.49|0.39|2.49|0.48;0001-01-01T00:00:03.537+01:00|W4|1.6|1.57|0.24|1.57|0.02;0001-01-01T00:00:03.537+01:00|W5|1.5|1.51|0.27|1.51|0.04;0001-01-01T00:00:03.537+01:00|W6|0.8|0.73|0.35|0.73|0.16;0001-01-01T00:00:03.537+01:00|W7|3.6|3.62|0.63|3.62|0.31;0001-01-01T00:00:03.537+01:00|W8|1.1|0.75|0.16|0.75|0.79;0001-01-01T00:00:03.537+01:00|W9|2.2|2.02|0.29|2.02|0.31;0001-01-01T00:00:03.537+01:00|W10|2.5|2.33|0.08|2.33|0.76;0001-01-01T00:00:03.537+01:00|W11|2.0|1.38|0.14|1.38|1.48;0001-01-01T00:00:03.537+01:00|W12|1.6|1.39|0.04|1.39|0.69"
20.00;13.94;0001-01-01T00:00:03.5530000+01:00;23.78;-0.95;4.59;22.8;25.251;23.687;25.520;-39.795;10.461;-13.157;92.458;-17.809;94.209;"0001-01-01T00:00:03.537+01:00|W1|2.7|2.60|0.30|2.60|0.03;0001-01-01T00:00:03.537+01:00|W2|1.9|1.88|0.17|1.88|0.27;0001-01-01T00:00:03.537+01:00|W3|2.5|2.49|0.39|2.49|0.48;0001-01-01T00:00:03.537+01:00|W4|1.6|1.57|0.24|1.57|0.02;0001-01-01T00:00:03.537+01:00|W5|1.5|1.51|0.27|1.51|0.04;0001-01-01T00:00:03.537+01:00|W6|0.8|0.73|0.35|0.73|0.16;0001-01-01T00:00:03.537+01:00|W7|3.6|3.62|0.63|3.62|0.31;0001-01-01T00:00:03.537+01:00|W8|1.1|0.75|0.16|0.75|0.79;0001-01-01T00:00:03.537+01:00|W9|2.2|2.02|0.29|2.02|0.31;0001-01-01T00:00:03.537+01:00|W10|2.5|2.33|0.08|2.33|0.76;0001-01-01T00:00:03.537+01:00|W11|2.0|1.38|0.14|1.38|1.48;0001-01-01T00:00:03.537+01:00|W12|1.6|1.39|0.04|1.39|0.69"
21.00;14.14;0001-01-01T00:00:03.5950000+01:00;24.86;-1.03;4.37;20.7;24.407;23.190;25.583;-39.807;9.946;-12.507;92.383;-18.557;94.301;"0001-01-01T00:00:03.537+01:00|W1|2.7|2.60|0.30|2.60|0.03;0001-01-01T00:00:03.537+01:00|W2|1.9|1.88|0.17|1.88|0.27;0001-01-01T00:00:03.537+01:00|W3|2.5|2.49|0.39|2.49|0.48;0001-01-01T00:00:03.537+01:00|W4|1.6|1.57|0.24|1.57|0.02;0001-01-01T00:00:03.537+01:00|W5|1.5|1.51|0.27|1.51|0.04;0001-01-01T00:00:03.537+01:00|W6|0.8|0.73|0.35|0.73|0.16;0001-01-01T00:00:03.537+01:00|W7|3.6|3.62|0.63|3.62|0.31;0001-01-01T00:00:03.537+01:00|W8|1.1|0.75|0.16|0.75|0.79;0001-01-01T00:00:03.537+01:00|W9|2.2|2.02|0.29|2.02|0.31;0001-01-01T00:00:03.537+01:00|W10|2.5|2.33|0.08|2.33|0.76;0001-01-01T00:00:03.537+01:00|W11|2.0|1.38|0.14|1.38|1.48;0001-01-01T00:00:03.537+01:00|W12|1.6|1.39|0.04|1.39|0.69"
22.00;14.35;0001-01-01T00:00:03.6370000+01:00;25.94;-1.06;4.14;19.9;24.137;23.152;26.013;-38.713;9.735;-11.906;92.595;-19.732;94.744;"0001-01-01T00:00:03.537+01:00|W1|2.7|2.60|0.30|2.60|0.03;0001-01-01T00:00:03.537+01:00|W2|1.9|1.88|0.17|1.88|0.27;0001-01-01T00:00:03.537+01:00|W3|2.5|2.49|0.39|2.49|0.48;0001-01-01T00:00:03.537+01:00|W4|1.6|1.57|0.24|1.57|0.02;0001-01-01T00:00:03.537+01:00|W5|1.5|1.51|0.27|1.51|0.04;0001-01-01T00:00:03.537+01:00|W6|0.8|0.73|0.35|0.73|0.16;0001-01-01T00:00:03.537+01:00|W7|3.6|3.62|0.63|3.62|0.31;0001-01-01T00:00:03.537+01:00|W8|1.1|0.75|0.16|0.75|0.79;0001-01-01T00:00:03.537+01:00|W9|2.2|2.02|0.29|2.02|0.31;0001-01-01T00:00:03.537+01:00|W10|2.5|2.33|0.08|2.33|0.76;0001-01-01T00:00:03.537+01:00|W11|2.0|1.38|0.14|1.38|1.48;0001-01-01T00:00:03.537+01:00|W12|1.6|1.39|0.04|1.39|0.69"
23.00;14.55;0001-01-01T00:00:03.6780000+01:00;27.00;-1.09;3.91;19.4;23.945;23.440;26.487;-38.073;9.567;-11.310;92.601;-20.869;94.990;"0001-01-01T00:00:03.788+01:00|W1|2.6|2.59|0.25|2.59|0.09;0001-01-01T00:00:03.788+01:00|W2|1.8|1.80|0.08|1.80|0.20;0001-01-01T00:00:03.788+01:00|W3|2.5|2.52|0.39|2.52|0.41;0001-01-01T00:00:03.788+01:00|W4|1.6|1.57|0.22|1.57|0.07;0001-01-01T00:00:03.788+01:00|W5|1.9|1.84|0.07|1.84|0.23;0001-01-01T00:00:03.788+01:00|W6|1.0|0.96|0.08|0.96|0.12;0001-01-01T00:00:03.788+01:00|W7|3.6|3.57|0.53|3.57|0.15;0001-01-01T00:00:03.788+01:00|W8|1.0|0.78|0.08|0.78|0.67;0001-01-01T00:00:03.788+01:00|W9|2.1|1.93|0.30|1.93|0.59;0001-01-01T00:00:03.788+01:00|W10|2.5|2.32|0.07|2.32|0.83;0001-01-01T00:00:03.788+01:00|W11|2.0|1.38|0.14|1.38|1.48;0001-01-01T00:00:03.788+01:00|W12|1.5|1.46|0.04|1.46|0.49"
24.00;14.75;0001-01-01T00:00:03.7190000+01:00;28.07;-1.12;3.66;18.8;23.754;23.883;26.959;-37.270;9.400;-10.773;92.671;-22.060;95.324;"0001-01-01T00:00:03.788+01:00|W1|2.6|2.59|0.25|2.59|0.09;0001-01-01T00:00:03.788+01:00|W2|1.8|1.80|0.08|1.80|0.20;0001-01-01T00:00:03.788+01:00|W3|2.5|2.52|0.39|2.52|0.41;0001-01-01T00:00:03.788+01:00|W4|1.6|1.57|0.22|1.57|0.07;0001-01-01T00:00:03.788+01:00|W5|1.9|1.84|0.07|1.84|0.23;0001-01-01T00:00:03.788+01:00|W6|1.0|0.96|0.08|0.96|0.12;0001-01-01T00:00:03.788+01:00|W7|3.6|3.57|0.53|3.57|0.15;0001-01-01T00:00:03.788+01:00|W8|1.0|0.78|0.08|0.78|0.67;0001-01-01T00:00:03.788+01:00|W9|2.1|1.93|0.30|1.93|0.59;0001-01-01T00:00:03.788+01:00|W10|2.5|2.32|0.07|2.32|0.83;0001-01-01T00:00:03.788+01:00|W11|2.0|1.38|0.14|1.38|1.48;0001-01-01T00:00:03.788+01:00|W12|1.5|1.46|0.04|1.46|0.49"
25.00;14.94;0001-01-01T00:00:03.7600000+01:00;29.13;-1.14;3.40;18.4;23.564;24.358;27.430;-36.044;9.233;-10.293;92.795;-23.243;95.722;"0001-01-01T00:00:03.788+01:00|W1|2.6|2.59|0.25|2.59|0.09;0001-01-01T00:00:03.788+01:00|W2|1.8|1.80|0.08|1.80|0.20;0001-01-01T00:00:03.788+01:00|W3|2.5|2.52|0.39|2.52|0.41;0001-01-01T00:00:03.788+01:00|W4|1.6|1.57|0.22|1.57|0.07;0001-01-01T00:00:03.788+01:00|W5|1.9|1.84|0.07|1.84|0.23;0001-01-01T00:00:03.788+01:00|W6|1.0|0.96|0.08|0.96|0.12;0001-01-01T00:00:03.788+01:00|W7|3.6|3.57|0.53|3.57|0.15;0001-01-01T00:00:03.788+01:00|W8|1.0|0.78|0.08|0.78|0.67;0001-01-01T00:00:03.788+01:00|W9|2.1|1.93|0.30|1.93|0.59;0001-01-01T00:00:03.788+01:00|W10|2.5|2.32|0.07|2.32|0.83;0001-01-01T00:00:03.788+01:00|W11|2.0|1.38|0.14|1.38|1.48;0001-01-01T00:00:03.788+01:00|W12|1.5|1.46|0.04|1.46|0.49"
26.00;15.12;0001-01-01T00:00:03.8010000+01:00;30.17;-1.17;3.14;17.9;23.375;24.817;27.896;-35.115;9.068;-9.781;92.459;-24.065;95.595;"0001-01-01T00:00:03.788+01:00|W1|2.6|2.59|0.25|2.59|0.09;0001-01-01T00:00:03.788+01:00|W2|1.8|1.80|0.08|1.80|0.20;0001-01-01T00:00:03.788+01:00|W3|2.5|2.52|0.39|2.52|0.41;0001-01-01T00:00:03.788+01:00|W4|1.6|1.57|0.22|1.57|0.07;0001-01-01T00:00:03.788+01:00|W5|1.9|1.84|0.07|1.84|0.23;0001-01-01T00:00:03.788+01:00|W6|1.0|0.96|0.08|0.96|0.12;0001-01-01T00:00:03.788+01:00|W7|3.6|3.57|0.53|3.57|0.15;0001-01-01T00:00:03.788+01:00|W8|1.0|0.78|0.08|0.78|0.67;0001-01-01T00:00:03.788+01:00|W9|2.1|1.93|0.30|1.93|0.59;0001-01-01T00:00:03.788+01:00|W10|2.5|2.32|0.07|2.32|0.83;0001-01-01T00:00:03.788+01:00|W11|2.0|1.38|0.14|1.38|1.48;0001-01-01T00:00:03.788+01:00|W12|1.5|1.46|0.04|1.46|0.49"
27.00;15.29;0001-01-01T00:00:03.8410000+01:00;31.21;-1.20;2.87;17.4;23.189;24.986;28.357;-36.333;8.904;-9.321;92.468;-25.164;95.894;"0001-01-01T00:00:03.788+01:00|W1|2.6|2.59|0.25|2.59|0.09;0001-01-01T00:00:03.788+01:00|W2|1.8|1.80|0.08|1.80|0.20;0001-01-01T00:00:03.788+01:00|W3|2.5|2.52|0.39|2.52|0.41;0001-01-01T00:00:03.788+01:00|W4|1.6|1.57|0.22|1.57|0.07;0001-01-01T00:00:03.788+01:00|W5|1.9|1.84|0.07|1.84|0.23;0001-01-01T00:00:03.788+01:00|W6|1.0|0.96|0.08|0.96|0.12;0001-01-01T00:00:03.788+01:00|W7|3.6|3.57|0.53|3.57|0.15;0001-01-01T00:00:03.788+01:00|W8|1.0|0.78|0.08|0.78|0.67;0001-01-01T00:00:03.788+01:00|W9|2.1|1.93|0.30|1.93|0.59;0001-01-01T00:00:03.788+01:00|W10|2.5|2.32|0.07|2.32|0.83;0001-01-01T00:00:03.788+01:00|W11|2.0|1.38|0.14|1.38|1.48;0001-01-01T00:00:03.788+01:00|W12|1.5|1.46|0.04|1.46|0.49"
28.00;15.45;0001-01-01T00:00:03.8810000+01:00;32.24;-1.22;2.58;17.2;23.003;24.911;28.817;-36.424;8.741;-9.011;92.412;-26.083;96.088;"0001-01-01T00:00:03.788+01:00|W1|2.6|2.59|0.25|2.59|0.09;0001-01-01T00:00:03.788+01:00|W2|1.8|1.80|0.08|1.80|0.20;0001-01-01T00:00:03.788+01:00|W3|2.5|2.52|0.39|2.52|0.41;0001-01-01T00:00:03.788+01:00|W4|1.6|1.57|0.22|1.57|0.07;0001-01-01T00:00:03.788+01:00|W5|1.9|1.84|0.07|1.84|0.23;0001-01-01T00:00:03.788+01:00|W6|1.0|0.96|0.08|0.96|0.12;0001-01-01T00:00:03.788+01:00|W7|3.6|3.57|0.53|3.57|0.15;0001-01-01T00:00:03.788+01:00|W8|1.0|0.78|0.08|0.78|0.67;0001-01-01T00:00:03.788+01:00|W9|2.1|1.93|0.30|1.93|0.59;0001-01-01T00:00:03.788+01:00|W10|2.5|2.32|0.07|2.32|0.83;0001-01-01T00:00:03.788+01:00|W11|2.0|1.38|0.14|1.38|1.48;0001-01-01T00:00:03.788+01:00|W12|1.5|1.46|0.04|1.46|0.49"
29.00;15.60;0001-01-01T00:00:03.9200000+01:00;33.27;-1.25;2.29;17.0;22.818;24.649;29.274;-37.048;8.579;-8.802;92.335;-27.002;96.265;"0001-01-01T00:00:04.035+01:00|W1|2.6|2.57|0.21|2.57|0.19;0001-01-01T00:00:04.035+01:00|W2|1.9|1.83|0.06|1.83|0.21;0001-01-01T00:00:04.035+01:00|W3|2.5|2.49|0.34|2.49|0.34;0001-01-01T00:00:04.035+01:00|W4|1.5|1.47|0.25|1.47|0.01;0001-01-01T00:00:04.035+01:00|W5|1.8|1.79|0.01|1.79|0.19;0001-01-01T00:00:04.035+01:00|W6|1.4|1.34|0.30|1.34|0.07;0001-01-01T00:00:04.035+01:00|W7|3.6|3.55|0.47|3.55|0.03;0001-01-01T00:00:04.035+01:00|W8|1.0|0.81|0.02|0.81|0.59;0001-01-01T00:00:04.035+01:00|W9|2.1|1.87|0.31|1.87|0.66;0001-01-01T00:00:04.035+01:00|W10|2.5|2.30|0.03|2.30|0.85;0001-01-01T00:00:04.035+01:00|W11|2.1|1.42|0.04|1.42|1.56;0001-01-01T00:00:04.035+01:00|W12|1.6|1.56|0.05|1.56|0.39"
30.00;15.74;0001-01-01T00:00:03.9600000+01:00;34.28;-1.27;1.99;16.9;22.634;24.226;29.728;-38.141;8.418;-8.647;92.288;-27.969;96.492;"0001-01-01T00:00:04.035+01:00|W1|2.6|2.57|0.21|2.57|0.19;0001-01-01T00:00:04.035+01:00|W2|1.9|1.83|0.06|1.83|0.21;0001-01-01T00:00:04.035+01:00|W3|2.5|2.49|0.34|2.49|0.34;0001-01-01T00:00:04.035+01:00|W4|1.5|1.47|0.25|1.47|0.01;0001-01-01T00:00:04.035+01:00|W5|1.8|1.79|0.01|1.79|0.19;0001-01-01T00:00:04.035+01:00|W6|1.4|1.34|0.30|1.34|0.07;0001-01-01T00:00:04.035+01:00|W7|3.6|3.55|0.47|3.55|0.03;0001-01-01T00:00:04.035+01:00|W8|1.0|0.81|0.02|0.81|0.59;0001-01-01T00:00:04.035+01:00|W9|2.1|1.87|0.31|1.87|0.66;0001-01-01T00:00:04.035+01:00|W10|2.5|2.30|0.03|2.30|0.85;0001-01-01T00:00:04.035+01:00|W11|2.1|1.42|0.04|1.42|1.56;0001-01-01T00:00:04.035+01:00|W12|1.6|1.56|0.05|1.56|0.39"
31.00;15.87;0001-01-01T00:00:03.9990000+01:00;35.29;-1.30;1.68;16.8;22.453;23.648;30.177;-38.232;8.259;-8.506;92.325;-28.926;96.817;"0001-01-01T00:00:04.035+01:00|W1|2.6|2.57|0.21|2.57|0.19;0001-01-01T00:00:04.035+01:00|W2|1.9|1.83|0.06|1.83|0.21;0001-01-01T00:00:04.035+01:00|W3|2.5|2.49|0.34|2.49|0.34;0001-01-01T00:00:04.035+01:00|W4|1.5|1.47|0.25|1.47|0.01;0001-01-01T00:00:04.035+01:00|W5|1.8|1.79|0.01|1.79|0.19;0001-01-01T00:00:04.035+01:00|W6|1.4|1.34|0.30|1.34|0.07;0001-01-01T00:00:04.035+01:00|W7|3.6|3.55|0.47|3.55|0.03;0001-01-01T00:00:04.035+01:00|W8|1.0|0.81|0.02|0.81|0.59;0001-01-01T00:00:04.035+01:00|W9|2.1|1.87|0.31|1.87|0.66;0001-01-01T00:00:04.035+01:00|W10|2.5|2.30|0.03|2.30|0.85;0001-01-01T00:00:04.035+01:00|W11|2.1|1.42|0.04|1.42|1.56;0001-01-01T00:00:04.035+01:00|W12|1.6|1.56|0.05|1.56|0.39"
32.00;16.00;0001-01-01T00:00:04.0380000+01:00;36.29;-1.32;1.36;16.7;22.272;23.073;30.624;-38.323;8.100;-8.366;92.363;-29.878;97.148;"0001-01-01T00:00:04.035+01:00|W1|2.6|2.57|0.21|2.57|0.19;0001-01-01T00:00:04.035+01:00|W2|1.9|1.83|0.06|1.83|0.21;0001-01-01T00:00:04.035+01:00|W3|2.5|2.49|0.34|2.49|0.34;0001-01-01T00:00:04.035+01:00|W4|1.5|1.47|0.25|1.47|0.01;0001-01-01T00:00:04.035+01:00|W5|1.8|1.79|0.01|1.79|0.19;0001-01-01T00:00:04.035+01:00|W6|1.4|1.34|0.30|1.34|0.07;0001-01-01T00:00:04.035+01:00|W7|3.6|3.55|0.47|3.55|0.03;0001-01-01T00:00:04.035+01:00|W8|1.0|0.81|0.02|0.81|0.59;0001-01-01T00:00:04.035+01:00|W9|2.1|1.87|0.31|1.87|0.66;0001-01-01T00:00:04.035+01:00|W10|2.5|2.30|0.03|2.30|0.85;0001-01-01T00:00:04.035+01:00|W11|2.1|1.42|0.04|1.42|1.56;0001-01-01T00:00:04.035+01:00|W12|1.6|1.56|0.05|1.56|0.39"
33.00;16.12;0001-01-01T00:00:04.0760000+01:00;37.29;-1.35;1.04;16.5;22.093;22.555;31.066;-39.109;7.943;-8.087;92.229;-30.708;97.283;"0001-01-01T00:00:04.035+01:00|W1|2.6|2.57|0.21|2.57|0.19;0001-01-01T00:00:04.035+01:00|W2|1.9|1.83|0.06|1.83|0.21;0001-01-01T00:00:04.035+01:00|W3|2.5|2.49|0.34|2.49|0.34;0001-01-01T00:00:04.035+01:00|W4|1.5|1.47|0.25|1.47|0.01;0001-01-01T00:00:04.035+01:00|W5|1.8|1.79|0.01|1.79|0.19;0001-01-01T00:00:04.035+01:00|W6|1.4|1.34|0.30|1.34|0.07;0001-01-01T00:00:04.035+01:00|W7|3.6|3.55|0.47|3.55|0.03;0001-01-01T00:00:04.035+01:00|W8|1.0|0.81|0.02|0.81|0.59;0001-01-01T00:00:04.035+01:00|W9|2.1|1.87|0.31|1.87|0.66;0001-01-01T00:00:04.035+01:00|W10|2.5|2.30|0.03|2.30|0.85;0001-01-01T00:00:04.035+01:00|W11|2.1|1.42|0.04|1.42|1.56;0001-01-01T00:00:04.035+01:00|W12|1.6|1.56|0.05|1.56|0.39"
34.00;16.22;0001-01-01T00:00:04.1150000+01:00;38.27;-1.38;0.71;16.3;21.916;22.066;31.505;-40.837;7.788;-7.819;92.091;-31.625;97.442;"0001-01-01T00:00:04.035+01:00|W1|2.6|2.57|0.21|2.57|0.19;0001-01-01T00:00:04.035+01:00|W2|1.9|1.83|0.06|1.83|0.21;0001-01-01T00:00:04.035+01:00|W3|2.5|2.49|0.34|2.49|0.34;0001-01-01T00:00:04.035+01:00|W4|1.5|1.47|0.25|1.47|0.01;0001-01-01T00:00:04.035+01:00|W5|1.8|1.79|0.01|1.79|0.19;0001-01-01T00:00:04.035+01:00|W6|1.4|1.34|0.30|1.34|0.07;0001-01-01T00:00:04.035+01:00|W7|3.6|3.55|0.47|3.55|0.03;0001-01-01T00:00:04.035+01:00|W8|1.0|0.81|0.02|0.81|0.59;0001-01-01T00:00:04.035+01:00|W9|2.1|1.87|0.31|1.87|0.66;0001-01-01T00:00:04.035+01:00|W10|2.5|2.30|0.03|2.30|0.85;0001-01-01T00:00:04.035+01:00|W11|2.1|1.42|0.04|1.42|1.56;0001-01-01T00:00:04.035+01:00|W12|1.6|1.56|0.05|1.56|0.39"
35.00;16.31;0001-01-01T00:00:04.1520000+01:00;39.25;-1.41;0.37;16.2;21.739;21.579;31.941;-43.254;7.633;-7.688;92.103;-32.765;97.814;"0001-01-01T00:00:04.035+01:00|W1|2.6|2.57|0.21|2.57|0.19;0001-01-01T00:00:04.035+01:00|W2|1.9|1.83|0.06|1.83|0.21;0001-01-01T00:00:04.035+01:00|W3|2.5|2.49|0.34|2.49|0.34;0001-01-01T00:00:04.035+01:00|W4|1.5|1.47|0.25|1.47|0.01;0001-01-01T00:00:04.035+01:00|W5|1.8|1.79|0.01|1.79|0.19;0001-01-01T00:00:04.035+01:00|W6|1.4|1.34|0.30|1.34|0.07;0001-01-01T00:00:04.035+01:00|W7|3.6|3.55|0.47|3.55|0.03;0001-01-01T00:00:04.035+01:00|W8|1.0|0.81|0.02|0.81|0.59;0001-01-01T00:00:04.035+01:00|W9|2.1|1.87|0.31|1.87|0.66;0001-01-01T00:00:04.035+01:00|W10|2.5|2.30|0.03|2.30|0.85;0001-01-01T00:00:04.035+01:00|W11|2.1|1.42|0.04|1.42|1.56;0001-01-01T00:00:04.035+01:00|W12|1.6|1.56|0.05|1.56|0.39"
36.00;16.40;0001-01-01T00:00:04.1900000+01:00;40.21;-1.43;0.03;16.3;21.564;21.059;32.374;-41.135;7.480;-7.809;92.547;-33.798;98.583;"0001-01-01T00:00:04.287+01:00|W1|2.4|2.38|0.04|2.38|0.43;0001-01-01T00:00:04.287+01:00|W2|1.8|1.82|0.04|1.82|0.21;0001-01-01T00:00:04.287+01:00|W3|2.5|2.46|0.30|2.46|0.26;0001-01-01T00:00:04.287+01:00|W4|1.5|1.39|0.30|1.39|0.01;0001-01-01T00:00:04.287+01:00|W5|1.7|1.64|0.16|1.64|0.07;0001-01-01T00:00:04.287+01:00|W6|2.1|1.97|0.93|1.97|0.44;0001-01-01T00:00:04.287+01:00|W7|3.4|3.35|0.18|3.35|0.07;0001-01-01T00:00:04.287+01:00|W8|1.0|0.78|0.05|0.78|0.58;0001-01-01T00:00:04.287+01:00|W9|2.0|1.83|0.33|1.83|0.68;0001-01-01T00:00:04.287+01:00|W10|2.3|2.22|0.12|2.22|0.72;0001-01-01T00:00:04.287+01:00|W11|2.0|1.28|0.11|1.28|1.54;0001-01-01T00:00:04.287+01:00|W12|1.7|1.49|0.12|1.49|0.80"
37.00;16.47;0001-01-01T00:00:04.2270000+01:00;41.17;-1.46;-0.33;16.5;21.392;20.580;32.799;-40.346;7.329;-8.013;92.571;-34.654;98.905;"0001-01-01T00:00:04.287+01:00|W1|2.4|2.38|0.04|2.38|0.43;0001-01-01T00:00:04.287+01:00|W2|1.8|1.82|0.04|1.82|0.21;0001-01-01T00:00:04.287+01:00|W3|2.5|2.46|0.30|2.46|0.26;0001-01-01T00:00:04.287+01:00|W4|1.5|1.39|0.30|1.39|0.01;0001-01-01T00:00:04.287+01:00|W5|1.7|1.64|0.16|1.64|0.07;0001-01-01T00:00:04.287+01:00|W6|2.1|1.97|0.93|1.97|0.44;0001-01-01T00:00:04.287+01:00|W7|3.4|3.35|0.18|3.35|0.07;0001-01-01T00:00:04.287+01:00|W8|1.0|0.78|0.05|0.78|0.58;0001-01-01T00:00:04.287+01:00|W9|2.0|1.83|0.33|1.83|0.68;0001-01-01T00:00:04.287+01:00|W10|2.3|2.22|0.12|2.22|0.72;0001-01-01T00:00:04.287+01:00|W11|2.0|1.28|0.11|1.28|1.54;0001-01-01T00:00:04.287+01:00|W12|1.7|1.49|0.12|1.49|0.80"
38.00;16.53;0001-01-01T00:00:04.2640000+01:00;42.12;-1.48;-0.69;16.8;21.221;20.062;33.222;-40.239;7.179;-8.275;92.458;-35.448;99.080;"0001-01-01T00:00:04.287+01:00|W1|2.4|2.38|0.04|2.38|0.43;0001-01-01T00:00:04.287+01:00|W2|1.8|1.82|0.04|1.82|0.21;0001-01-01T00:00:04.287+01:00|W3|2.5|2.46|0.30|2.46|0.26;0001-01-01T00:00:04.287+01:00|W4|1.5|1.39|0.30|1.39|0.01;0001-01-01T00:00:04.287+01:00|W5|1.7|1.64|0.16|1.64|0.07;0001-01-01T00:00:04.287+01:00|W6|2.1|1.97|0.93|1.97|0.44;0001-01-01T00:00:04.287+01:00|W7|3.4|3.35|0.18|3.35|0.07;0001-01-01T00:00:04.287+01:00|W8|1.0|0.78|0.05|0.78|0.58;0001-01-01T00:00:04.287+01:00|W9|2.0|1.83|0.33|1.83|0.68;0001-01-01T00:00:04.287+01:00|W10|2.3|2.22|0.12|2.22|0.72;0001-01-01T00:00:04.287+01:00|W11|2.0|1.28|0.11|1.28|1.54;0001-01-01T00:00:04.287+01:00|W12|1.7|1.49|0.12|1.49|0.80"
39.00;16.58;0001-01-01T00:00:04.3010000+01:00;43.07;-1.50;-1.05;17.1;21.050;19.455;33.644;-40.490;7.029;-8.579;92.365;-36.245;99.277;"0001-01-01T00:00:04.287+01:00|W1|2.4|2.38|0.04|2.38|0.43;0001-01-01T00:00:04.287+01:00|W2|1.8|1.82|0.04|1.82|0.21;0001-01-01T00:00:04.287+01:00|W3|2.5|2.46|0.30|2.46|0.26;0001-01-01T00:00:04.287+01:00|W4|1.5|1.39|0.30|1.39|0.01;0001-01-01T00:00:04.287+01:00|W5|1.7|1.64|0.16|1.64|0.07;0001-01-01T00:00:04.287+01:00|W6|2.1|1.97|0.93|1.97|0.44;0001-01-01T00:00:04.287+01:00|W7|3.4|3.35|0.18|3.35|0.07;0001-01-01T00:00:04.287+01:00|W8|1.0|0.78|0.05|0.78|0.58;0001-01-01T00:00:04.287+01:00|W9|2.0|1.83|0.33|1.83|0.68;0001-01-01T00:00:04.287+01:00|W10|2.3|2.22|0.12|2.22|0.72;0001-01-01T00:00:04.287+01:00|W11|2.0|1.28|0.11|1.28|1.54;0001-01-01T00:00:04.287+01:00|W12|1.7|1.49|0.12|1.49|0.80"
40.00;16.61;0001-01-01T00:00:04.3370000+01:00;44.00;-1.53;-1.42;17.2;20.882;18.705;34.060;-41.029;6.882;-8.649;92.490;-37.104;99.715;"0001-01-01T00:00:04.287+01:00|W1|2.4|2.38|0.04|2.38|0.43;0001-01-01T00:00:04.287+01:00|W2|1.8|1.82|0.04|1.82|0.21;0001-01-01T00:00:04.287+01:00|W3|2.5|2.46|0.30|2.46|0.26;0001-01-01T00:00:04.287+01:00|W4|1.5|1.39|0.30|1.39|0.01;0001-01-01T00:00:04.287+01:00|W5|1.7|1.64|0.16|1.64|0.07;0001-01-01T00:00:04.287+01:00|W6|2.1|1.97|0.93|1.97|0.44;0001-01-01T00:00:04.287+01:00|W7|3.4|3.35|0.18|3.35|0.07;0001-01-01T00:00:04.287+01:00|W8|1.0|0.78|0.05|0.78|0.58;0001-01-01T00:00:04.287+01:00|W9|2.0|1.83|0.33|1.83|0.68;0001-01-01T00:00:04.287+01:00|W10|2.3|2.22|0.12|2.22|0.72;0001-01-01T00:00:04.287+01:00|W11|2.0|1.28|0.11|1.28|1.54;0001-01-01T00:00:04.287+01:00|W12|1.7|1.49|0.12|1.49|0.80"
41.00;16.65;0001-01-01T00:00:04.3730000+01:00;44.93;-1.55;-1.80;17.3;20.715;17.959;34.473;-41.566;6.735;-8.720;92.615;-37.960;100.156;"0001-01-01T00:00:04.287+01:00|W1|2.4|2.38|0.04|2.38|0.43;0001-01-01T00:00:04.287+01:00|W2|1.8|1.82|0.04|1.82|0.21;0001-01-01T00:00:04.287+01:00|W3|2.5|2.46|0.30|2.46|0.26;0001-01-01T00:00:04.287+01:00|W4|1.5|1.39|0.30|1.39|0.01;0001-01-01T00:00:04.287+01:00|W5|1.7|1.64|0.16|1.64|0.07;0001-01-01T00:00:04.287+01:00|W6|2.1|1.97|0.93|1.97|0.44;0001-01-01T00:00:04.287+01:00|W7|3.4|3.35|0.18|3.35|0.07;0001-01-01T00:00:04.287+01:00|W8|1.0|0.78|0.05|0.78|0.58;0001-01-01T00:00:04.287+01:00|W9|2.0|1.83|0.33|1.83|0.68;0001-01-01T00:00:04.287+01:00|W10|2.3|2.22|0.12|2.22|0.72;0001-01-01T00:00:04.287+01:00|W11|2.0|1.28|0.11|1.28|1.54;0001-01-01T00:00:04.287+01:00|W12|1.7|1.49|0.12|1.49|0.80"
42.00;16.68;0001-01-01T00:00:04.4090000+01:00;45.86;-1.58;-2.17;17.4;20.549;17.225;34.884;-41.970;6.589;-8.723;92.718;-38.792;100.571;"0001-01-01T00:00:04.287+01:00|W1|2.4|2.38|0.04|2.38|0.43;0001-01-01T00:00:04.287+01:00|W2|1.8|1.82|0.04|1.82|0.21;0001-01-01T00:00:04.287+01:00|W3|2.5|2.46|0.30|2.46|0.26;0001-01-01T00:00:04.287+01:00|W4|1.5|1.39|0.30|1.39|0.01;0001-01-01T00:00:04.287+01:00|W5|1.7|1.64|0.16|1.64|0.07;0001-01-01T00:00:04.287+01:00|W6|2.1|1.97|0.93|1.97|0.44;0001-01-01T00:00:04.287+01:00|W7|3.4|3.35|0.18|3.35|0.07;0001-01-01T00:00:04.287+01:00|W8|1.0|0.78|0.05|0.78|0.58;0001-01-01T00:00:04.287+01:00|W9|2.0|1.83|0.33|1.83|0.68;0001-01-01T00:00:04.287+01:00|W10|2.3|2.22|0.12|2.22|0.72;0001-01-01T00:00:04.287+01:00|W11|2.0|1.28|0.11|1.28|1.54;0001-01-01T00:00:04.287+01:00|W12|1.7|1.49|0.12|1.49|0.80"
43.00;16.70;0001-01-01T00:00:04.4440000+01:00;46.77;-1.60;-2.55;17.2;20.385;16.523;35.289;-41.962;6.446;-8.519;92.752;-39.554;100.896;"0001-01-01T00:00:04.540+01:00|W1|2.4|2.38|0.04|2.38|0.43;0001-01-01T00:00:04.540+01:00|W2|1.9|1.86|0.06|1.86|0.23;0001-01-01T00:00:04.540+01:00|W3|2.4|2.40|0.23|2.40|0.23;0001-01-01T00:00:04.540+01:00|W4|1.4|1.35|0.32|1.35|0.03;0001-01-01T00:00:04.540+01:00|W5|1.8|1.76|0.07|1.76|0.12;0001-01-01T00:00:04.540+01:00|W6|2.2|2.09|0.99|2.09|0.47;0001-01-01T00:00:04.540+01:00|W7|3.4|3.35|0.18|3.35|0.07;0001-01-01T00:00:04.540+01:00|W8|1.0|0.78|0.05|0.78|0.58;0001-01-01T00:00:04.540+01:00|W9|2.0|1.83|0.33|1.83|0.65;0001-01-01T00:00:04.540+01:00|W10|2.3|2.22|0.12|2.22|0.72;0001-01-01T00:00:04.540+01:00|W11|2.0|1.20|0.11|1.20|1.57;0001-01-01T00:00:04.540+01:00|W12|1.7|1.34|0.10|1.34|1.01"
44.00;16.71;0001-01-01T00:00:04.4790000+01:00;47.68;-1.62;-2.95;17.0;20.223;16.091;35.690;-41.696;6.304;-8.225;92.909;-40.482;101.401;"0001-01-01T00:00:04.540+01:00|W1|2.4|2.38|0.04|2.38|0.43;0001-01-01T00:00:04.540+01:00|W2|1.9|1.86|0.06|1.86|0.23;0001-01-01T00:00:04.540+01:00|W3|2.4|2.40|0.23|2.40|0.23;0001-01-01T00:00:04.540+01:00|W4|1.4|1.35|0.32|1.35|0.03;0001-01-01T00:00:04.540+01:00|W5|1.8|1.76|0.07|1.76|0.12;0001-01-01T00:00:04.540+01:00|W6|2.2|2.09|0.99|2.09|0.47;0001-01-01T00:00:04.540+01:00|W7|3.4|3.35|0.18|3.35|0.07;0001-01-01T00:00:04.540+01:00|W8|1.0|0.78|0.05|0.78|0.58;0001-01-01T00:00:04.540+01:00|W9|2.0|1.83|0.33|1.83|0.65;0001-01-01T00:00:04.540+01:00|W10|2.3|2.22|0.12|2.22|0.72;0001-01-01T00:00:04.540+01:00|W11|2.0|1.20|0.11|1.20|1.57;0001-01-01T00:00:04.540+01:00|W12|1.7|1.34|0.10|1.34|1.01"
45.00;16.72;0001-01-01T00:00:04.5130000+01:00;48.57;-1.64;-3.34;16.7;20.062;15.717;36.088;-41.377;6.163;-7.913;93.092;-41.443;101.947;"0001-01-01T00:00:04.540+01:00|W1|2.4|2.38|0.04|2.38|0.43;0001-01-01T00:00:04.540+01:00|W2|1.9|1.86|0.06|1.86|0.23;0001-01-01T00:00:04.540+01:00|W3|2.4|2.40|0.23|2.40|0.23;0001-01-01T00:00:04.540+01:00|W4|1.4|1.35|0.32|1.35|0.03;0001-01-01T00:00:04.540+01:00|W5|1.8|1.76|0.07|1.76|0.12;0001-01-01T00:00:04.540+01:00|W6|2.2|2.09|0.99|2.09|0.47;0001-01-01T00:00:04.540+01:00|W7|3.4|3.35|0.18|3.35|0.07;0001-01-01T00:00:04.540+01:00|W8|1.0|0.78|0.05|0.78|0.58;0001-01-01T00:00:04.540+01:00|W9|2.0|1.83|0.33|1.83|0.65;0001-01-01T00:00:04.540+01:00|W10|2.3|2.22|0.12|2.22|0.72;0001-01-01T00:00:04.540+01:00|W11|2.0|1.20|0.11|1.20|1.57;0001-01-01T00:00:04.540+01:00|W12|1.7|1.34|0.10|1.34|1.01"
46.00;16.73;0001-01-01T00:00:04.5480000+01:00;49.47;-1.66;-3.74;16.4;19.902;15.345;36.484;-41.059;6.022;-7.603;93.274;-42.398;102.498;"0001-01-01T00:00:04.540+01:00|W1|2.4|2.38|0.04|2.38|0.43;0001-01-01T00:00:04.540+01:00|W2|1.9|1.86|0.06|1.86|0.23;0001-01-01T00:00:04.540+01:00|W3|2.4|2.40|0.23|2.40|0.23;0001-01-01T00:00:04.540+01:00|W4|1.4|1.35|0.32|1.35|0.03;0001-01-01T00:00:04.540+01:00|W5|1.8|1.76|0.07|1.76|0.12;0001-01-01T00:00:04.540+01:00|W6|2.2|2.09|0.99|2.09|0.47;0001-01-01T00:00:04.540+01:00|W7|3.4|3.35|0.18|3.35|0.07;0001-01-01T00:00:04.540+01:00|W8|1.0|0.78|0.05|0.78|0.58;0001-01-01T00:00:04.540+01:00|W9|2.0|1.83|0.33|1.83|0.65;0001-01-01T00:00:04.540+01:00|W10|2.3|2.22|0.12|2.22|0.72;0001-01-01T00:00:04.540+01:00|W11|2.0|1.20|0.11|1.20|1.57;0001-01-01T00:00:04.540+01:00|W12|1.7|1.34|0.10|1.34|1.01"
47.00;16.70;0001-01-01T00:00:04.5830000+01:00;50.36;-1.76;-4.18;16.1;19.740;15.262;36.884;-40.928;5.880;-7.560;93.344;-43.086;102.852;"0001-01-01T00:00:04.540+01:00|W1|2.4|2.38|0.04|2.38|0.43;0001-01-01T00:00:04.540+01:00|W2|1.9|1.86|0.06|1.86|0.23;0001-01-01T00:00:04.540+01:00|W3|2.4|2.40|0.23|2.40|0.23;0001-01-01T00:00:04.540+01:00|W4|1.4|1.35|0.32|1.35|0.03;0001-01-01T00:00:04.540+01:00|W5|1.8|1.76|0.07|1.76|0.12;0001-01-01T00:00:04.540+01:00|W6|2.2|2.09|0.99|2.09|0.47;0001-01-01T00:00:04.540+01:00|W7|3.4|3.35|0.18|3.35|0.07;0001-01-01T00:00:04.540+01:00|W8|1.0|0.78|0.05|0.78|0.58;0001-01-01T00:00:04.540+01:00|W9|2.0|1.83|0.33|1.83|0.65;0001-01-01T00:00:04.540+01:00|W10|2.3|2.22|0.12|2.22|0.72;0001-01-01T00:00:04.540+01:00|W11|2.0|1.20|0.11|1.20|1.57;0001-01-01T00:00:04.540+01:00|W12|1.7|1.34|0.10|1.34|1.01"
48.00;16.67;0001-01-01T00:00:04.6180000+01:00;51.28;-1.88;-4.64;15.7;19.574;15.199;37.293;-40.809;5.735;-7.536;93.407;-43.769;103.203;"0001-01-01T00:00:04.540+01:00|W1|2.4|2.38|0.04|2.38|0.43;0001-01-01T00:00:04.540+01:00|W2|1.9|1.86|0.06|1.86|0.23;0001-01-01T00:00:04.540+01:00|W3|2.4|2.40|0.23|2.40|0.23;0001-01-01T00:00:04.540+01:00|W4|1.4|1.35|0.32|1.35|0.03;0001-01-01T00:00:04.540+01:00|W5|1.8|1.76|0.07|1.76|0.12;0001-01-01T00:00:04.540+01:00|W6|2.2|2.09|0.99|2.09|0.47;0001-01-01T00:00:04.540+01:00|W7|3.4|3.35|0.18|3.35|0.07;0001-01-01T00:00:04.540+01:00|W8|1.0|0.78|0.05|0.78|0.58;0001-01-01T00:00:04.540+01:00|W9|2.0|1.83|0.33|1.83|0.65;0001-01-01T00:00:04.540+01:00|W10|2.3|2.22|0.12|2.22|0.72;0001-01-01T00:00:04.540+01:00|W11|2.0|1.20|0.11|1.20|1.57;0001-01-01T00:00:04.540+01:00|W12|1.7|1.34|0.10|1.34|1.01"
49.00;16.64;0001-01-01T00:00:04.6540000+01:00;52.22;-1.99;-5.11;15.3;19.405;15.134;37.711;-40.687;5.587;-7.511;93.472;-44.466;103.565;"0001-01-01T00:00:04.540+01:00|W1|2.4|2.38|0.04|2.38|0.43;0001-01-01T00:00:04.540+01:00|W2|1.9|1.86|0.06|1.86|0.23;0001-01-01T00:00:04.540+01:00|W3|2.4|2.40|0.23|2.40|0.23;0001-01-01T00:00:04.540+01:00|W4|1.4|1.35|0.32|1.35|0.03;0001-01-01T00:00:04.540+01:00|W5|1.8|1.76|0.07|1.76|0.12;0001-01-01T00:00:04.540+01:00|W6|2.2|2.09|0.99|2.09|0.47;0001-01-01T00:00:04.540+01:00|W7|3.4|3.35|0.18|3.35|0.07;0001-01-01T00:00:04.540+01:00|W8|1.0|0.78|0.05|0.78|0.58;0001-01-01T00:00:04.540+01:00|W9|2.0|1.83|0.33|1.83|0.65;0001-01-01T00:00:04.540+01:00|W10|2.3|2.22|0.12|2.22|0.72;0001-01-01T00:00:04.540+01:00|W11|2.0|1.20|0.11|1.20|1.57;0001-01-01T00:00:04.540+01:00|W12|1.7|1.34|0.10|1.34|1.01"
50.00;16.62;0001-01-01T00:00:04.6910000+01:00;53.16;-2.10;-5.58;14.9;19.236;15.069;38.130;-40.564;5.438;-7.487;93.537;-45.167;103.933;"0001-01-01T00:00:04.790+01:00|W1|2.3|2.24|0.07|2.24|0.53;0001-01-01T00:00:04.790+01:00|W2|1.9|1.84|0.03|1.84|0.19;0001-01-01T00:00:04.790+01:00|W3|2.4|2.42|0.24|2.42|0.27;0001-01-01T00:00:04.790+01:00|W4|1.4|1.36|0.29|1.36|0.09;0001-01-01T00:00:04.790+01:00|W5|1.7|1.69|0.13|1.69|0.09;0001-01-01T00:00:04.790+01:00|W6|2.1|2.03|0.87|2.03|0.47;0001-01-01T00:00:04.790+01:00|W7|3.2|3.16|0.08|3.16|0.13;0001-01-01T00:00:04.790+01:00|W8|1.0|0.74|0.05|0.74|0.66;0001-01-01T00:00:04.790+01:00|W9|1.9|1.82|0.34|1.82|0.59;0001-01-01T00:00:04.790+01:00|W10|2.4|2.27|0.11|2.27|0.63;0001-01-01T00:00:04.790+01:00|W11|2.0|1.20|0.11|1.20|1.57;0001-01-01T00:00:04.790+01:00|W12|1.6|1.25|0.00|1.25|0.99"
51.00;16.60;0001-01-01T00:00:04.7270000+01:00;54.10;-2.21;-6.05;14.5;19.066;15.004;38.549;-40.442;5.290;-7.462;93.602;-45.866;104.303;"0001-01-01T00:00:04.790+01:00|W1|2.3|2.24|0.07|2.24|0.53;0001-01-01T00:00:04.790+01:00|W2|1.9|1.84|0.03|1.84|0.19;0001-01-01T00:00:04.790+01:00|W3|2.4|2.42|0.24|2.42|0.27;0001-01-01T00:00:04.790+01:00|W4|1.4|1.36|0.29|1.36|0.09;0001-01-01T00:00:04.790+01:00|W5|1.7|1.69|0.13|1.69|0.09;0001-01-01T00:00:04.790+01:00|W6|2.1|2.03|0.87|2.03|0.47;0001-01-01T00:00:04.790+01:00|W7|3.2|3.16|0.08|3.16|0.13;0001-01-01T00:00:04.790+01:00|W8|1.0|0.74|0.05|0.74|0.66;0001-01-01T00:00:04.790+01:00|W9|1.9|1.82|0.34|1.82|0.59;0001-01-01T00:00:04.790+01:00|W10|2.4|2.27|0.11|2.27|0.63;0001-01-01T00:00:04.790+01:00|W11|2.0|1.20|0.11|1.20|1.57;0001-01-01T00:00:04.790+01:00|W12|1.6|1.25|0.00|1.25|0.99"
52.00;16.58;0001-01-01T00:00:04.7640000+01:00;55.04;-2.33;-6.52;14.1;18.897;14.939;38.968;-40.319;5.141;-7.437;93.666;-46.565;104.678;"0001-01-01T00:00:04.790+01:00|W1|2.3|2.24|0.07|2.24|0.53;0001-01-01T00:00:04.790+01:00|W2|1.9|1.84|0.03|1.84|0.19;0001-01-01T00:00:04.790+01:00|W3|2.4|2.42|0.24|2.42|0.27;0001-01-01T00:00:04.790+01:00|W4|1.4|1.36|0.29|1.36|0.09;0001-01-01T00:00:04.790+01:00|W5|1.7|1.69|0.13|1.69|0.09;0001-01-01T00:00:04.790+01:00|W6|2.1|2.03|0.87|2.03|0.47;0001-01-01T00:00:04.790+01:00|W7|3.2|3.16|0.08|3.16|0.13;0001-01-01T00:00:04.790+01:00|W8|1.0|0.74|0.05|0.74|0.66;0001-01-01T00:00:04.790+01:00|W9|1.9|1.82|0.34|1.82|0.59;0001-01-01T00:00:04.790+01:00|W10|2.4|2.27|0.11|2.27|0.63;0001-01-01T00:00:04.790+01:00|W11|2.0|1.20|0.11|1.20|1.57;0001-01-01T00:00:04.790+01:00|W12|1.6|1.25|0.00|1.25|0.99"
53.00;16.57;0001-01-01T00:00:04.8000000+01:00;55.99;-2.44;-6.99;13.7;18.727;14.874;39.388;-40.196;4.992;-7.412;93.731;-47.267;105.058;"0001-01-01T00:00:04.790+01:00|W1|2.3|2.24|0.07|2.24|0.53;0001-01-01T00:00:04.790+01:00|W2|1.9|1.84|0.03|1.84|0.19;0001-01-01T00:00:04.790+01:00|W3|2.4|2.42|0.24|2.42|0.27;0001-01-01T00:00:04.790+01:00|W4|1.4|1.36|0.29|1.36|0.09;0001-01-01T00:00:04.790+01:00|W5|1.7|1.69|0.13|1.69|0.09;0001-01-01T00:00:04.790+01:00|W6|2.1|2.03|0.87|2.03|0.47;0001-01-01T00:00:04.790+01:00|W7|3.2|3.16|0.08|3.16|0.13;0001-01-01T00:00:04.790+01:00|W8|1.0|0.74|0.05|0.74|0.66;0001-01-01T00:00:04.790+01:00|W9|1.9|1.82|0.34|1.82|0.59;0001-01-01T00:00:04.790+01:00|W10|2.4|2.27|0.11|2.27|0.63;0001-01-01T00:00:04.790+01:00|W11|2.0|1.20|0.11|1.20|1.57;0001-01-01T00:00:04.790+01:00|W12|1.6|1.25|0.00|1.25|0.99"
54.00;16.56;0001-01-01T00:00:04.8370000+01:00;56.93;-2.55;-7.46;13.4;18.557;14.809;39.807;-40.074;4.843;-7.388;93.796;-47.967;105.440;"0001-01-01T00:00:04.790+01:00|W1|2.3|2.24|0.07|2.24|0.53;0001-01-01T00:00:04.790+01:00|W2|1.9|1.84|0.03|1.84|0.19;0001-01-01T00:00:04.790+01:00|W3|2.4|2.42|0.24|2.42|0.27;0001-01-01T00:00:04.790+01:00|W4|1.4|1.36|0.29|1.36|0.09;0001-01-01T00:00:04.790+01:00|W5|1.7|1.69|0.13|1.69|0.09;0001-01-01T00:00:04.790+01:00|W6|2.1|2.03|0.87|2.03|0.47;0001-01-01T00:00:04.790+01:00|W7|3.2|3.16|0.08|3.16|0.13;0001-01-01T00:00:04.790+01:00|W8|1.0|0.74|0.05|0.74|0.66;0001-01-01T00:00:04.790+01:00|W9|1.9|1.82|0.34|1.82|0.59;0001-01-01T00:00:04.790+01:00|W10|2.4|2.27|0.11|2.27|0.63;0001-01-01T00:00:04.790+01:00|W11|2.0|1.20|0.11|1.20|1.57;0001-01-01T00:00:04.790+01:00|W12|1.6|1.25|0.00|1.25|0.99"
55.00;16.56;0001-01-01T00:00:04.8730000+01:00;57.87;-2.67;-7.93;13.0;18.387;14.744;40.228;-39.951;4.694;-7.363;93.861;-48.668;105.827;"0001-01-01T00:00:04.790+01:00|W1|2.3|2.24|0.07|2.24|0.53;0001-01-01T00:00:04.790+01:00|W2|1.9|1.84|0.03|1.84|0.19;0001-01-01T00:00:04.790+01:00|W3|2.4|2.42|0.24|2.42|0.27;0001-01-01T00:00:04.790+01:00|W4|1.4|1.36|0.29|1.36|0.09;0001-01-01T00:00:04.790+01:00|W5|1.7|1.69|0.13|1.69|0.09;0001-01-01T00:00:04.790+01:00|W6|2.1|2.03|0.87|2.03|0.47;0001-01-01T00:00:04.790+01:00|W7|3.2|3.16|0.08|3.16|0.13;0001-01-01T00:00:04.790+01:00|W8|1.0|0.74|0.05|0.74|0.66;0001-01-01T00:00:04.790+01:00|W9|1.9|1.82|0.34|1.82|0.59;0001-01-01T00:00:04.790+01:00|W10|2.4|2.27|0.11|2.27|0.63;0001-01-01T00:00:04.790+01:00|W11|2.0|1.20|0.11|1.20|1.57;0001-01-01T00:00:04.790+01:00|W12|1.6|1.25|0.00|1.25|0.99"
56.00;16.57;0001-01-01T00:00:04.9100000+01:00;58.82;-2.78;-8.40;12.6;18.217;14.679;40.649;-39.828;4.545;-7.338;93.927;-49.371;106.217;"0001-01-01T00:00:04.790+01:00|W1|2.3|2.24|0.07|2.24|0.53;0001-01-01T00:00:04.790+01:00|W2|1.9|1.84|0.03|1.84|0.19;0001-01-01T00:00:04.790+01:00|W3|2.4|2.42|0.24|2.42|0.27;0001-01-01T00:00:04.790+01:00|W4|1.4|1.36|0.29|1.36|0.09;0001-01-01T00:00:04.790+01:00|W5|1.7|1.69|0.13|1.69|0.09;0001-01-01T00:00:04.790+01:00|W6|2.1|2.03|0.87|2.03|0.47;0001-01-01T00:00:04.790+01:00|W7|3.2|3.16|0.08|3.16|0.13;0001-01-01T00:00:04.790+01:00|W8|1.0|0.74|0.05|0.74|0.66;0001-01-01T00:00:04.790+01:00|W9|1.9|1.82|0.34|1.82|0.59;0001-01-01T00:00:04.790+01:00|W10|2.4|2.27|0.11|2.27|0.63;0001-01-01T00:00:04.790+01:00|W11|2.0|1.20|0.11|1.20|1.57;0001-01-01T00:00:04.790+01:00|W12|1.6|1.25|0.00|1.25|0.99"
57.00;16.57;0001-01-01T00:00:04.9470000+01:00;59.76;-2.89;-8.87;12.2;18.047;14.614;41.068;-39.705;4.396;-7.314;93.991;-50.072;106.611;"0001-01-01T00:00:05.038+01:00|W1|2.3|2.24|0.07|2.24|0.53;0001-01-01T00:00:05.038+01:00|W2|1.9|1.83|0.01|1.83|0.12;0001-01-01T00:00:05.038+01:00|W3|2.4|2.42|0.24|2.42|0.27;0001-01-01T00:00:05.038+01:00|W4|1.5|1.43|0.20|1.43|0.24;0001-01-01T00:00:05.038+01:00|W5|1.6|1.56|0.24|1.56|0.13;0001-01-01T00:00:05.038+01:00|W6|2.0|2.02|0.76|2.02|0.23;0001-01-01T00:00:05.038+01:00|W7|3.2|3.12|0.14|3.12|0.19;0001-01-01T00:00:05.038+01:00|W8|1.0|0.67|0.06|0.67|0.73;0001-01-01T00:00:05.038+01:00|W9|1.9|1.83|0.31|1.83|0.51;0001-01-01T00:00:05.038+01:00|W10|2.4|2.27|0.11|2.27|0.63;0001-01-01T00:00:05.038+01:00|W11|2.0|1.20|0.11|1.20|1.57;0001-01-01T00:00:05.038+01:00|W12|1.5|1.19|0.14|1.19|0.84"
58.00;16.59;0001-01-01T00:00:04.9830000+01:00;60.70;-3.01;-9.34;11.8;17.877;14.549;41.488;-39.582;4.247;-7.289;94.056;-50.773;107.008;"0001-01-01T00:00:05.038+01:00|W1|2.3|2.24|0.07|2.24|0.53;0001-01-01T00:00:05.038+01:00|W2|1.9|1.83|0.01|1.83|0.12;0001-01-01T00:00:05.038+01:00|W3|2.4|2.42|0.24|2.42|0.27;0001-01-01T00:00:05.038+01:00|W4|1.5|1.43|0.20|1.43|0.24;0001-01-01T00:00:05.038+01:00|W5|1.6|1.56|0.24|1.56|0.13;0001-01-01T00:00:05.038+01:00|W6|2.0|2.02|0.76|2.02|0.23;0001-01-01T00:00:05.038+01:00|W7|3.2|3.12|0.14|3.12|0.19;0001-01-01T00:00:05.038+01:00|W8|1.0|0.67|0.06|0.67|0.73;0001-01-01T00:00:05.038+01:00|W9|1.9|1.83|0.31|1.83|0.51;0001-01-01T00:00:05.038+01:00|W10|2.4|2.27|0.11|2.27|0.63;0001-01-01T00:00:05.038+01:00|W11|2.0|1.20|0.11|1.20|1.57;0001-01-01T00:00:05.038+01:00|W12|1.5|1.19|0.14|1.19|0.84"
59.00;16.61;0001-01-01T00:00:05.0200000+01:00;61.65;-3.12;-9.81;11.4;17.707;14.484;41.910;-39.459;4.098;-7.264;94.122;-51.476;107.410;"0001-01-01T00:00:05.038+01:00|W1|2.3|2.24|0.07|2.24|0.53;0001-01-01T00:00:05.038+01:00|W2|1.9|1.83|0.01|1.83|0.12;0001-01-01T00:00:05.038+01:00|W3|2.4|2.42|0.24|2.42|0.27;0001-01-01T00:00:05.038+01:00|W4|1.5|1.43|0.20|1.43|0.24;0001-01-01T00:00:05.038+01:00|W5|1.6|1.56|0.24|1.56|0.13;0001-01-01T00:00:05.038+01:00|W6|2.0|2.02|0.76|2.02|0.23;0001-01-01T00:00:05.038+01:00|W7|3.2|3.12|0.14|3.12|0.19;0001-01-01T00:00:05.038+01:00|W8|1.0|0.67|0.06|0.67|0.73;0001-01-01T00:00:05.038+01:00|W9|1.9|1.83|0.31|1.83|0.51;0001-01-01T00:00:05.038+01:00|W10|2.4|2.27|0.11|2.27|0.63;0001-01-01T00:00:05.038+01:00|W11|2.0|1.20|0.11|1.20|1.57;0001-01-01T00:00:05.038+01:00|W12|1.5|1.19|0.14|1.19|0.84"
60.00;16.62;0001-01-01T00:00:05.0560000+01:00;62.59;-3.23;-10.30;10.9;17.540;14.419;42.320;-39.336;3.802;-7.239;94.144;-52.177;107.777;"0001-01-01T00:00:05.038+01:00|W1|2.3|2.24|0.07|2.24|0.53;0001-01-01T00:00:05.038+01:00|W2|1.9|1.83|0.01|1.83|0.12;0001-01-01T00:00:05.038+01:00|W3|2.4|2.42|0.24|2.42|0.27;0001-01-01T00:00:05.038+01:00|W4|1.5|1.43|0.20|1.43|0.24;0001-01-01T00:00:05.038+01:00|W5|1.6|1.56|0.24|1.56|0.13;0001-01-01T00:00:05.038+01:00|W6|2.0|2.02|0.76|2.02|0.23;0001-01-01T00:00:05.038+01:00|W7|3.2|3.12|0.14|3.12|0.19;0001-01-01T00:00:05.038+01:00|W8|1.0|0.67|0.06|0.67|0.73;0001-01-01T00:00:05.038+01:00|W9|1.9|1.83|0.31|1.83|0.51;0001-01-01T00:00:05.038+01:00|W10|2.4|2.27|0.11|2.27|0.63;0001-01-01T00:00:05.038+01:00|W11|2.0|1.20|0.11|1.20|1.57;0001-01-01T00:00:05.038+01:00|W12|1.5|1.19|0.14|1.19|0.84"
61.00;16.58;0001-01-01T00:00:05.0920000+01:00;63.51;-3.29;-10.82;10.0;17.392;14.356;42.676;-39.218;2.830;-7.216;93.963;-52.862;107.964;"0001-01-01T00:00:05.038+01:00|W1|2.3|2.24|0.07|2.24|0.53;0001-01-01T00:00:05.038+01:00|W2|1.9|1.83|0.01|1.83|0.12;0001-01-01T00:00:05.038+01:00|W3|2.4|2.42|0.24|2.42|0.27;0001-01-01T00:00:05.038+01:00|W4|1.5|1.43|0.20|1.43|0.24;0001-01-01T00:00:05.038+01:00|W5|1.6|1.56|0.24|1.56|0.13;0001-01-01T00:00:05.038+01:00|W6|2.0|2.02|0.76|2.02|0.23;0001-01-01T00:00:05.038+01:00|W7|3.2|3.12|0.14|3.12|0.19;0001-01-01T00:00:05.038+01:00|W8|1.0|0.67|0.06|0.67|0.73;0001-01-01T00:00:05.038+01:00|W9|1.9|1.83|0.31|1.83|0.51;0001-01-01T00:00:05.038+01:00|W10|2.4|2.27|0.11|2.27|0.63;0001-01-01T00:00:05.038+01:00|W11|2.0|1.20|0.11|1.20|1.57;0001-01-01T00:00:05.038+01:00|W12|1.5|1.19|0.14|1.19|0.84"
62.00;16.55;0001-01-01T00:00:05.1270000+01:00;64.43;-3.36;-11.34;9.0;17.230;14.293;43.122;-39.099;1.837;-7.192;93.998;-53.643;108.379;"0001-01-01T00:00:05.038+01:00|W1|2.3|2.24|0.07|2.24|0.53;0001-01-01T00:00:05.038+01:00|W2|1.9|1.83|0.01|1.83|0.12;0001-01-01T00:00:05.038+01:00|W3|2.4|2.42|0.24|2.42|0.27;0001-01-01T00:00:05.038+01:00|W4|1.5|1.43|0.20|1.43|0.24;0001-01-01T00:00:05.038+01:00|W5|1.6|1.56|0.24|1.56|0.13;0001-01-01T00:00:05.038+01:00|W6|2.0|2.02|0.76|2.02|0.23;0001-01-01T00:00:05.038+01:00|W7|3.2|3.12|0.14|3.12|0.19;0001-01-01T00:00:05.038+01:00|W8|1.0|0.67|0.06|0.67|0.73;0001-01-01T00:00:05.038+01:00|W9|1.9|1.83|0.31|1.83|0.51;0001-01-01T00:00:05.038+01:00|W10|2.4|2.27|0.11|2.27|0.63;0001-01-01T00:00:05.038+01:00|W11|2.0|1.20|0.11|1.20|1.57;0001-01-01T00:00:05.038+01:00|W12|1.5|1.19|0.14|1.19|0.84"
63.00;16.52;0001-01-01T00:00:05.1620000+01:00;65.35;-3.43;-11.87;8.1;17.029;14.230;43.656;-38.980;0.899;-7.168;94.053;-54.426;108.818;"0001-01-01T00:00:05.038+01:00|W1|2.3|2.24|0.07|2.24|0.53;0001-01-01T00:00:05.038+01:00|W2|1.9|1.83|0.01|1.83|0.12;0001-01-01T00:00:05.038+01:00|W3|2.4|2.42|0.24|2.42|0.27;0001-01-01T00:00:05.038+01:00|W4|1.5|1.43|0.20|1.43|0.24;0001-01-01T00:00:05.038+01:00|W5|1.6|1.56|0.24|1.56|0.13;0001-01-01T00:00:05.038+01:00|W6|2.0|2.02|0.76|2.02|0.23;0001-01-01T00:00:05.038+01:00|W7|3.2|3.12|0.14|3.12|0.19;0001-01-01T00:00:05.038+01:00|W8|1.0|0.67|0.06|0.67|0.73;0001-01-01T00:00:05.038+01:00|W9|1.9|1.83|0.31|1.83|0.51;0001-01-01T00:00:05.038+01:00|W10|2.4|2.27|0.11|2.27|0.63;0001-01-01T00:00:05.038+01:00|W11|2.0|1.20|0.11|1.20|1.57;0001-01-01T00:00:05.038+01:00|W12|1.5|1.19|0.14|1.19|0.84"
64.00;16.48;0001-01-01T00:00:05.1970000+01:00;66.26;-3.50;-12.40;7.4;16.765;14.168;44.298;-38.862;0.076;-7.144;94.026;-55.157;109.167;"0001-01-01T00:00:05.290+01:00|W1|2.3|2.21|0.06|2.21|0.65;0001-01-01T00:00:05.290+01:00|W2|1.8|1.78|0.04|1.78|0.12;0001-01-01T00:00:05.290+01:00|W3|2.4|2.40|0.20|2.40|0.30;0001-01-01T00:00:05.290+01:00|W4|1.6|1.51|0.08|1.51|0.34;0001-01-01T00:00:05.290+01:00|W5|1.4|1.44|0.38|1.44|0.01;0001-01-01T00:00:05.290+01:00|W6|2.0|2.03|0.74|2.03|0.23;0001-01-01T00:00:05.290+01:00|W7|3.2|3.15|0.12|3.15|0.02;0001-01-01T00:00:05.290+01:00|W8|1.0|0.63|0.04|0.63|0.79;0001-01-01T00:00:05.290+01:00|W9|1.9|1.81|0.31|1.81|0.40;0001-01-01T00:00:05.290+01:00|W10|2.4|2.27|0.10|2.27|0.59;0001-01-01T00:00:05.290+01:00|W11|2.1|1.09|0.03|1.09|1.78;0001-01-01T00:00:05.290+01:00|W12|1.3|1.18|0.24|1.18|0.63"
65.00;16.44;0001-01-01T00:00:05.2320000+01:00;67.17;-3.56;-12.95;6.8;16.434;14.105;44.357;-38.744;-0.491;-7.120;94.163;-56.140;109.778;"0001-01-01T00:00:05.290+01:00|W1|2.3|2.21|0.06|2.21|0.65;0001-01-01T00:00:05.290+01:00|W2|1.8|1.78|0.04|1.78|0.12;0001-01-01T00:00:05.290+01:00|W3|2.4|2.40|0.20|2.40|0.30;0001-01-01T00:00:05.290+01:00|W4|1.6|1.51|0.08|1.51|0.34;0001-01-01T00:00:05.290+01:00|W5|1.4|1.44|0.38|1.44|0.01;0001-01-01T00:00:05.290+01:00|W6|2.0|2.03|0.74|2.03|0.23;0001-01-01T00:00:05.290+01:00|W7|3.2|3.15|0.12|3.15|0.02;0001-01-01T00:00:05.290+01:00|W8|1.0|0.63|0.04|0.63|0.79;0001-01-01T00:00:05.290+01:00|W9|1.9|1.81|0.31|1.81|0.40;0001-01-01T00:00:05.290+01:00|W10|2.4|2.27|0.10|2.27|0.59;0001-01-01T00:00:05.290+01:00|W11|2.1|1.09|0.03|1.09|1.78;0001-01-01T00:00:05.290+01:00|W12|1.3|1.18|0.24|1.18|0.63"
66.00;16.40;0001-01-01T00:00:05.2670000+01:00;68.08;-3.62;-13.50;6.4;16.035;14.043;44.331;-38.628;-0.893;-7.097;94.305;-57.084;110.380;"0001-01-01T00:00:05.290+01:00|W1|2.3|2.21|0.06|2.21|0.65;0001-01-01T00:00:05.290+01:00|W2|1.8|1.78|0.04|1.78|0.12;0001-01-01T00:00:05.290+01:00|W3|2.4|2.40|0.20|2.40|0.30;0001-01-01T00:00:05.290+01:00|W4|1.6|1.51|0.08|1.51|0.34;0001-01-01T00:00:05.290+01:00|W5|1.4|1.44|0.38|1.44|0.01;0001-01-01T00:00:05.290+01:00|W6|2.0|2.03|0.74|2.03|0.23;0001-01-01T00:00:05.290+01:00|W7|3.2|3.15|0.12|3.15|0.02;0001-01-01T00:00:05.290+01:00|W8|1.0|0.63|0.04|0.63|0.79;0001-01-01T00:00:05.290+01:00|W9|1.9|1.81|0.31|1.81|0.40;0001-01-01T00:00:05.290+01:00|W10|2.4|2.27|0.10|2.27|0.59;0001-01-01T00:00:05.290+01:00|W11|2.1|1.09|0.03|1.09|1.78;0001-01-01T00:00:05.290+01:00|W12|1.3|1.18|0.24|1.18|0.63"
67.00;16.35;0001-01-01T00:00:05.3020000+01:00;68.98;-3.69;-14.05;6.2;15.573;13.982;44.263;-38.511;-1.149;-7.073;94.441;-57.967;110.951;"0001-01-01T00:00:05.290+01:00|W1|2.3|2.21|0.06|2.21|0.65;0001-01-01T00:00:05.290+01:00|W2|1.8|1.78|0.04|1.78|0.12;0001-01-01T00:00:05.290+01:00|W3|2.4|2.40|0.20|2.40|0.30;0001-01-01T00:00:05.290+01:00|W4|1.6|1.51|0.08|1.51|0.34;0001-01-01T00:00:05.290+01:00|W5|1.4|1.44|0.38|1.44|0.01;0001-01-01T00:00:05.290+01:00|W6|2.0|2.03|0.74|2.03|0.23;0001-01-01T00:00:05.290+01:00|W7|3.2|3.15|0.12|3.15|0.02;0001-01-01T00:00:05.290+01:00|W8|1.0|0.63|0.04|0.63|0.79;0001-01-01T00:00:05.290+01:00|W9|1.9|1.81|0.31|1.81|0.40;0001-01-01T00:00:05.290+01:00|W10|2.4|2.27|0.10|2.27|0.59;0001-01-01T00:00:05.290+01:00|W11|2.1|1.09|0.03|1.09|1.78;0001-01-01T00:00:05.290+01:00|W12|1.3|1.18|0.24|1.18|0.63"
68.00;16.31;0001-01-01T00:00:05.3370000+01:00;69.88;-3.75;-14.61;6.0;15.110;13.920;44.195;-38.394;-1.406;-7.050;94.576;-58.850;111.527;"0001-01-01T00:00:05.290+01:00|W1|2.3|2.21|0.06|2.21|0.65;0001-01-01T00:00:05.290+01:00|W2|1.8|1.78|0.04|1.78|0.12;0001-01-01T00:00:05.290+01:00|W3|2.4|2.40|0.20|2.40|0.30;0001-01-01T00:00:05.290+01:00|W4|1.6|1.51|0.08|1.51|0.34;0001-01-01T00:00:05.290+01:00|W5|1.4|1.44|0.38|1.44|0.01;0001-01-01T00:00:05.290+01:00|W6|2.0|2.03|0.74|2.03|0.23;0001-01-01T00:00:05.290+01:00|W7|3.2|3.15|0.12|3.15|0.02;0001-01-01T00:00:05.290+01:00|W8|1.0|0.63|0.04|0.63|0.79;0001-01-01T00:00:05.290+01:00|W9|1.9|1.81|0.31|1.81|0.40;0001-01-01T00:00:05.290+01:00|W10|2.4|2.27|0.10|2.27|0.59;0001-01-01T00:00:05.290+01:00|W11|2.1|1.09|0.03|1.09|1.78;0001-01-01T00:00:05.290+01:00|W12|1.3|1.18|0.24|1.18|0.63"
69.00;16.25;0001-01-01T00:00:05.3710000+01:00;70.78;-3.82;-15.18;6.0;14.593;13.858;43.260;-38.278;-1.412;-7.027;94.704;-59.645;112.051;"0001-01-01T00:00:05.290+01:00|W1|2.3|2.21|0.06|2.21|0.65;0001-01-01T00:00:05.290+01:00|W2|1.8|1.78|0.04|1.78|0.12;0001-01-01T00:00:05.290+01:00|W3|2.4|2.40|0.20|2.40|0.30;0001-01-01T00:00:05.290+01:00|W4|1.6|1.51|0.08|1.51|0.34;0001-01-01T00:00:05.290+01:00|W5|1.4|1.44|0.38|1.44|0.01;0001-01-01T00:00:05.290+01:00|W6|2.0|2.03|0.74|2.03|0.23;0001-01-01T00:00:05.290+01:00|W7|3.2|3.15|0.12|3.15|0.02;0001-01-01T00:00:05.290+01:00|W8|1.0|0.63|0.04|0.63|0.79;0001-01-01T00:00:05.290+01:00|W9|1.9|1.81|0.31|1.81|0.40;0001-01-01T00:00:05.290+01:00|W10|2.4|2.27|0.10|2.27|0.59;0001-01-01T00:00:05.290+01:00|W11|2.1|1.09|0.03|1.09|1.78;0001-01-01T00:00:05.290+01:00|W12|1.3|1.18|0.24|1.18|0.63"
70.00;16.20;0001-01-01T00:00:05.4050000+01:00;71.67;-3.88;-15.75;6.1;14.055;13.797;42.004;-38.163;-1.236;-7.003;94.822;-60.386;112.540;"0001-01-01T00:00:05.290+01:00|W1|2.3|2.21|0.06|2.21|0.65;0001-01-01T00:00:05.290+01:00|W2|1.8|1.78|0.04|1.78|0.12;0001-01-01T00:00:05.290+01:00|W3|2.4|2.40|0.20|2.40|0.30;0001-01-01T00:00:05.290+01:00|W4|1.6|1.51|0.08|1.51|0.34;0001-01-01T00:00:05.290+01:00|W5|1.4|1.44|0.38|1.44|0.01;0001-01-01T00:00:05.290+01:00|W6|2.0|2.03|0.74|2.03|0.23;0001-01-01T00:00:05.290+01:00|W7|3.2|3.15|0.12|3.15|0.02;0001-01-01T00:00:05.290+01:00|W8|1.0|0.63|0.04|0.63|0.79;0001-01-01T00:00:05.290+01:00|W9|1.9|1.81|0.31|1.81|0.40;0001-01-01T00:00:05.290+01:00|W10|2.4|2.27|0.10|2.27|0.59;0001-01-01T00:00:05.290+01:00|W11|2.1|1.09|0.03|1.09|1.78;0001-01-01T00:00:05.290+01:00|W12|1.3|1.18|0.24|1.18|0.63"
71.00;16.15;0001-01-01T00:00:05.4390000+01:00;72.57;-3.94;-16.32;6.5;13.592;13.737;41.913;-38.049;-0.921;-6.980;94.918;-61.141;113.018;"0001-01-01T00:00:05.536+01:00|W1|2.3|2.21|0.06|2.21|0.65;0001-01-01T00:00:05.536+01:00|W2|1.8|1.78|0.04|1.78|0.12;0001-01-01T00:00:05.536+01:00|W3|2.4|2.41|0.19|2.41|0.33;0001-01-01T00:00:05.536+01:00|W4|1.6|1.51|0.08|1.51|0.34;0001-01-01T00:00:05.536+01:00|W5|1.5|1.45|0.34|1.45|0.08;0001-01-01T00:00:05.536+01:00|W6|2.0|2.03|0.74|2.03|0.23;0001-01-01T00:00:05.536+01:00|W7|3.2|3.15|0.12|3.15|0.02;0001-01-01T00:00:05.536+01:00|W8|1.0|0.63|0.04|0.63|0.79;0001-01-01T00:00:05.536+01:00|W9|1.9|1.83|0.25|1.83|0.31;0001-01-01T00:00:05.536+01:00|W10|2.4|2.27|0.10|2.27|0.59;0001-01-01T00:00:05.536+01:00|W11|2.1|1.09|0.03|1.09|1.78;0001-01-01T00:00:05.536+01:00|W12|1.3|1.18|0.24|1.18|0.63"
72.00;16.09;0001-01-01T00:00:05.4730000+01:00;73.45;-3.99;-16.90;7.0;13.369;13.677;41.355;-37.936;-0.388;-6.958;95.008;-61.775;113.433;"0001-01-01T00:00:05.536+01:00|W1|2.3|2.21|0.06|2.21|0.65;0001-01-01T00:00:05.536+01:00|W2|1.8|1.78|0.04|1.78|0.12;0001-01-01T00:00:05.536+01:00|W3|2.4|2.41|0.19|2.41|0.33;0001-01-01T00:00:05.536+01:00|W4|1.6|1.51|0.08|1.51|0.34;0001-01-01T00:00:05.536+01:00|W5|1.5|1.45|0.34|1.45|0.08;0001-01-01T00:00:05.536+01:00|W6|2.0|2.03|0.74|2.03|0.23;0001-01-01T00:00:05.536+01:00|W7|3.2|3.15|0.12|3.15|0.02;0001-01-01T00:00:05.536+01:00|W8|1.0|0.63|0.04|0.63|0.79;0001-01-01T00:00:05.536+01:00|W9|1.9|1.83|0.25|1.83|0.31;0001-01-01T00:00:05.536+01:00|W10|2.4|2.27|0.10|2.27|0.59;0001-01-01T00:00:05.536+01:00|W11|2.1|1.09|0.03|1.09|1.78;0001-01-01T00:00:05.536+01:00|W12|1.3|1.18|0.24|1.18|0.63"
73.00;16.03;0001-01-01T00:00:05.5070000+01:00;74.34;-4.05;-17.49;7.6;13.255;13.617;40.584;-37.823;0.242;-6.935;95.095;-62.353;113.820;"0001-01-01T00:00:05.536+01:00|W1|2.3|2.21|0.06|2.21|0.65;0001-01-01T00:00:05.536+01:00|W2|1.8|1.78|0.04|1.78|0.12;0001-01-01T00:00:05.536+01:00|W3|2.4|2.41|0.19|2.41|0.33;0001-01-01T00:00:05.536+01:00|W4|1.6|1.51|0.08|1.51|0.34;0001-01-01T00:00:05.536+01:00|W5|1.5|1.45|0.34|1.45|0.08;0001-01-01T00:00:05.536+01:00|W6|2.0|2.03|0.74|2.03|0.23;0001-01-01T00:00:05.536+01:00|W7|3.2|3.15|0.12|3.15|0.02;0001-01-01T00:00:05.536+01:00|W8|1.0|0.63|0.04|0.63|0.79;0001-01-01T00:00:05.536+01:00|W9|1.9|1.83|0.25|1.83|0.31;0001-01-01T00:00:05.536+01:00|W10|2.4|2.27|0.10|2.27|0.59;0001-01-01T00:00:05.536+01:00|W11|2.1|1.09|0.03|1.09|1.78;0001-01-01T00:00:05.536+01:00|W12|1.3|1.18|0.24|1.18|0.63"
74.00;15.97;0001-01-01T00:00:05.5400000+01:00;75.22;-4.11;-18.08;8.2;13.141;13.557;39.814;-37.710;0.873;-6.912;95.182;-62.930;114.208;"0001-01-01T00:00:05.536+01:00|W1|2.3|2.21|0.06|2.21|0.65;0001-01-01T00:00:05.536+01:00|W2|1.8|1.78|0.04|1.78|0.12;0001-01-01T00:00:05.536+01:00|W3|2.4|2.41|0.19|2.41|0.33;0001-01-01T00:00:05.536+01:00|W4|1.6|1.51|0.08|1.51|0.34;0001-01-01T00:00:05.536+01:00|W5|1.5|1.45|0.34|1.45|0.08;0001-01-01T00:00:05.536+01:00|W6|2.0|2.03|0.74|2.03|0.23;0001-01-01T00:00:05.536+01:00|W7|3.2|3.15|0.12|3.15|0.02;0001-01-01T00:00:05.536+01:00|W8|1.0|0.63|0.04|0.63|0.79;0001-01-01T00:00:05.536+01:00|W9|1.9|1.83|0.25|1.83|0.31;0001-01-01T00:00:05.536+01:00|W10|2.4|2.27|0.10|2.27|0.59;0001-01-01T00:00:05.536+01:00|W11|2.1|1.09|0.03|1.09|1.78;0001-01-01T00:00:05.536+01:00|W12|1.3|1.18|0.24|1.18|0.63"
75.00;15.93;0001-01-01T00:00:05.5740000+01:00;76.10;-4.16;-18.67;8.8;13.027;13.497;39.044;-37.597;1.503;-6.889;95.269;-63.508;114.598;"0001-01-01T00:00:05.536+01:00|W1|2.3|2.21|0.06|2.21|0.65;0001-01-01T00:00:05.536+01:00|W2|1.8|1.78|0.04|1.78|0.12;0001-01-01T00:00:05.536+01:00|W3|2.4|2.41|0.19|2.41|0.33;0001-01-01T00:00:05.536+01:00|W4|1.6|1.51|0.08|1.51|0.34;0001-01-01T00:00:05.536+01:00|W5|1.5|1.45|0.34|1.45|0.08;0001-01-01T00:00:05.536+01:00|W6|2.0|2.03|0.74|2.03|0.23;0001-01-01T00:00:05.536+01:00|W7|3.2|3.15|0.12|3.15|0.02;0001-01-01T00:00:05.536+01:00|W8|1.0|0.63|0.04|0.63|0.79;0001-01-01T00:00:05.536+01:00|W9|1.9|1.83|0.25|1.83|0.31;0001-01-01T00:00:05.536+01:00|W10|2.4|2.27|0.10|2.27|0.59;0001-01-01T00:00:05.536+01:00|W11|2.1|1.09|0.03|1.09|1.78;0001-01-01T00:00:05.536+01:00|W12|1.3|1.18|0.24|1.18|0.63"
76.00;15.88;0001-01-01T00:00:05.6080000+01:00;76.98;-4.22;-19.26;9.4;13.001;13.438;38.393;-37.484;2.121;-6.867;95.347;-64.078;114.978;"0001-01-01T00:00:05.536+01:00|W1|2.3|2.21|0.06|2.21|0.65;0001-01-01T00:00:05.536+01:00|W2|1.8|1.78|0.04|1.78|0.12;0001-01-01T00:00:05.536+01:00|W3|2.4|2.41|0.19|2.41|0.33;0001-01-01T00:00:05.536+01:00|W4|1.6|1.51|0.08|1.51|0.34;0001-01-01T00:00:05.536+01:00|W5|1.5|1.45|0.34|1.45|0.08;0001-01-01T00:00:05.536+01:00|W6|2.0|2.03|0.74|2.03|0.23;0001-01-01T00:00:05.536+01:00|W7|3.2|3.15|0.12|3.15|0.02;0001-01-01T00:00:05.536+01:00|W8|1.0|0.63|0.04|0.63|0.79;0001-01-01T00:00:05.536+01:00|W9|1.9|1.83|0.25|1.83|0.31;0001-01-01T00:00:05.536+01:00|W10|2.4|2.27|0.10|2.27|0.59;0001-01-01T00:00:05.536+01:00|W11|2.1|1.09|0.03|1.09|1.78;0001-01-01T00:00:05.536+01:00|W12|1.3|1.18|0.24|1.18|0.63"
77.00;15.83;0001-01-01T00:00:05.6410000+01:00;77.86;-4.28;-19.85;10.0;13.278;13.379;38.150;-37.373;2.701;-6.844;95.393;-64.624;115.321;"0001-01-01T00:00:05.536+01:00|W1|2.3|2.21|0.06|2.21|0.65;0001-01-01T00:00:05.536+01:00|W2|1.8|1.78|0.04|1.78|0.12;0001-01-01T00:00:05.536+01:00|W3|2.4|2.41|0.19|2.41|0.33;0001-01-01T00:00:05.536+01:00|W4|1.6|1.51|0.08|1.51|0.34;0001-01-01T00:00:05.536+01:00|W5|1.5|1.45|0.34|1.45|0.08;0001-01-01T00:00:05.536+01:00|W6|2.0|2.03|0.74|2.03|0.23;0001-01-01T00:00:05.536+01:00|W7|3.2|3.15|0.12|3.15|0.02;0001-01-01T00:00:05.536+01:00|W8|1.0|0.63|0.04|0.63|0.79;0001-01-01T00:00:05.536+01:00|W9|1.9|1.83|0.25|1.83|0.31;0001-01-01T00:00:05.536+01:00|W10|2.4|2.27|0.10|2.27|0.59;0001-01-01T00:00:05.536+01:00|W11|2.1|1.09|0.03|1.09|1.78;0001-01-01T00:00:05.536+01:00|W12|1.3|1.18|0.24|1.18|0.63"
78.00;15.78;0001-01-01T00:00:05.6740000+01:00;78.74;-4.34;-20.45;10.4;13.631;13.319;37.476;-37.261;3.159;-6.822;95.491;-65.205;115.723;"0001-01-01T00:00:05.787+01:00|W1|2.3|2.18|0.08|2.18|0.67;0001-01-01T00:00:05.787+01:00|W2|1.8|1.79|0.05|1.79|0.18;0001-01-01T00:00:05.787+01:00|W3|2.4|2.36|0.13|2.36|0.35;0001-01-01T00:00:05.787+01:00|W4|1.6|1.54|0.01|1.54|0.42;0001-01-01T00:00:05.787+01:00|W5|1.8|1.81|0.02|1.81|0.10;0001-01-01T00:00:05.787+01:00|W6|2.0|1.97|0.67|1.97|0.31;0001-01-01T00:00:05.787+01:00|W7|3.2|3.16|0.11|3.16|0.15;0001-01-01T00:00:05.787+01:00|W8|1.1|0.65|0.01|0.65|0.86;0001-01-01T00:00:05.787+01:00|W9|2.0|1.92|0.13|1.92|0.18;0001-01-01T00:00:05.787+01:00|W10|2.3|2.20|0.15|2.20|0.63;0001-01-01T00:00:05.787+01:00|W11|2.2|1.11|0.09|1.11|1.84;0001-01-01T00:00:05.787+01:00|W12|1.3|1.15|0.29|1.15|0.53"
79.00;15.72;0001-01-01T00:00:05.7070000+01:00;79.61;-4.39;-21.06;10.7;14.044;13.260;36.909;-37.150;3.454;-6.799;95.577;-65.771;116.108;"0001-01-01T00:00:05.787+01:00|W1|2.3|2.18|0.08|2.18|0.67;0001-01-01T00:00:05.787+01:00|W2|1.8|1.79|0.05|1.79|0.18;0001-01-01T00:00:05.787+01:00|W3|2.4|2.36|0.13|2.36|0.35;0001-01-01T00:00:05.787+01:00|W4|1.6|1.54|0.01|1.54|0.42;0001-01-01T00:00:05.787+01:00|W5|1.8|1.81|0.02|1.81|0.10;0001-01-01T00:00:05.787+01:00|W6|2.0|1.97|0.67|1.97|0.31;0001-01-01T00:00:05.787+01:00|W7|3.2|3.16|0.11|3.16|0.15;0001-01-01T00:00:05.787+01:00|W8|1.1|0.65|0.01|0.65|0.86;0001-01-01T00:00:05.787+01:00|W9|2.0|1.92|0.13|1.92|0.18;0001-01-01T00:00:05.787+01:00|W10|2.3|2.20|0.15|2.20|0.63;0001-01-01T00:00:05.787+01:00|W11|2.2|1.11|0.09|1.11|1.84;0001-01-01T00:00:05.787+01:00|W12|1.3|1.15|0.29|1.15|0.53"
80.00;15.67;0001-01-01T00:00:05.7400000+01:00;80.47;-4.44;-21.67;10.5;14.563;13.202;37.345;-37.040;3.323;-6.777;95.546;-66.228;116.341;"0001-01-01T00:00:05.787+01:00|W1|2.3|2.18|0.08|2.18|0.67;0001-01-01T00:00:05.787+01:00|W2|1.8|1.79|0.05|1.79|0.18;0001-01-01T00:00:05.787+01:00|W3|2.4|2.36|0.13|2.36|0.35;0001-01-01T00:00:05.787+01:00|W4|1.6|1.54|0.01|1.54|0.42;0001-01-01T00:00:05.787+01:00|W5|1.8|1.81|0.02|1.81|0.10;0001-01-01T00:00:05.787+01:00|W6|2.0|1.97|0.67|1.97|0.31;0001-01-01T00:00:05.787+01:00|W7|3.2|3.16|0.11|3.16|0.15;0001-01-01T00:00:05.787+01:00|W8|1.1|0.65|0.01|0.65|0.86;0001-01-01T00:00:05.787+01:00|W9|2.0|1.92|0.13|1.92|0.18;0001-01-01T00:00:05.787+01:00|W10|2.3|2.20|0.15|2.20|0.63;0001-01-01T00:00:05.787+01:00|W11|2.2|1.11|0.09|1.11|1.84;0001-01-01T00:00:05.787+01:00|W12|1.3|1.15|0.29|1.15|0.53"
81.00;15.61;0001-01-01T00:00:05.7730000+01:00;81.34;-4.49;-22.28;10.4;15.081;13.144;37.781;-36.930;3.192;-6.755;95.515;-66.684;116.576;"0001-01-01T00:00:05.787+01:00|W1|2.3|2.18|0.08|2.18|0.67;0001-01-01T00:00:05.787+01:00|W2|1.8|1.79|0.05|1.79|0.18;0001-01-01T00:00:05.787+01:00|W3|2.4|2.36|0.13|2.36|0.35;0001-01-01T00:00:05.787+01:00|W4|1.6|1.54|0.01|1.54|0.42;0001-01-01T00:00:05.787+01:00|W5|1.8|1.81|0.02|1.81|0.10;0001-01-01T00:00:05.787+01:00|W6|2.0|1.97|0.67|1.97|0.31;0001-01-01T00:00:05.787+01:00|W7|3.2|3.16|0.11|3.16|0.15;0001-01-01T00:00:05.787+01:00|W8|1.1|0.65|0.01|0.65|0.86;0001-01-01T00:00:05.787+01:00|W9|2.0|1.92|0.13|1.92|0.18;0001-01-01T00:00:05.787+01:00|W10|2.3|2.20|0.15|2.20|0.63;0001-01-01T00:00:05.787+01:00|W11|2.2|1.11|0.09|1.11|1.84;0001-01-01T00:00:05.787+01:00|W12|1.3|1.15|0.29|1.15|0.53"
82.00;15.57;0001-01-01T00:00:05.8050000+01:00;82.20;-4.54;-22.88;10.3;15.600;13.086;38.217;-36.820;3.061;-6.733;95.484;-67.140;116.811;"0001-01-01T00:00:05.787+01:00|W1|2.3|2.18|0.08|2.18|0.67;0001-01-01T00:00:05.787+01:00|W2|1.8|1.79|0.05|1.79|0.18;0001-01-01T00:00:05.787+01:00|W3|2.4|2.36|0.13|2.36|0.35;0001-01-01T00:00:05.787+01:00|W4|1.6|1.54|0.01|1.54|0.42;0001-01-01T00:00:05.787+01:00|W5|1.8|1.81|0.02|1.81|0.10;0001-01-01T00:00:05.787+01:00|W6|2.0|1.97|0.67|1.97|0.31;0001-01-01T00:00:05.787+01:00|W7|3.2|3.16|0.11|3.16|0.15;0001-01-01T00:00:05.787+01:00|W8|1.1|0.65|0.01|0.65|0.86;0001-01-01T00:00:05.787+01:00|W9|2.0|1.92|0.13|1.92|0.18;0001-01-01T00:00:05.787+01:00|W10|2.3|2.20|0.15|2.20|0.63;0001-01-01T00:00:05.787+01:00|W11|2.2|1.11|0.09|1.11|1.84;0001-01-01T00:00:05.787+01:00|W12|1.3|1.15|0.29|1.15|0.53"
83.00;15.53;0001-01-01T00:00:05.8380000+01:00;83.06;-4.59;-23.49;10.1;16.118;13.027;38.652;-36.710;2.930;-6.711;95.453;-67.597;117.048;"0001-01-01T00:00:05.787+01:00|W1|2.3|2.18|0.08|2.18|0.67;0001-01-01T00:00:05.787+01:00|W2|1.8|1.79|0.05|1.79|0.18;0001-01-01T00:00:05.787+01:00|W3|2.4|2.36|0.13|2.36|0.35;0001-01-01T00:00:05.787+01:00|W4|1.6|1.54|0.01|1.54|0.42;0001-01-01T00:00:05.787+01:00|W5|1.8|1.81|0.02|1.81|0.10;0001-01-01T00:00:05.787+01:00|W6|2.0|1.97|0.67|1.97|0.31;0001-01-01T00:00:05.787+01:00|W7|3.2|3.16|0.11|3.16|0.15;0001-01-01T00:00:05.787+01:00|W8|1.1|0.65|0.01|0.65|0.86;0001-01-01T00:00:05.787+01:00|W9|2.0|1.92|0.13|1.92|0.18;0001-01-01T00:00:05.787+01:00|W10|2.3|2.20|0.15|2.20|0.63;0001-01-01T00:00:05.787+01:00|W11|2.2|1.11|0.09|1.11|1.84;0001-01-01T00:00:05.787+01:00|W12|1.3|1.15|0.29|1.15|0.53"
84.00;15.49;0001-01-01T00:00:05.8710000+01:00;83.93;-4.64;-24.10;10.0;16.636;12.969;39.088;-36.600;2.799;-6.689;95.422;-68.052;117.286;"0001-01-01T00:00:05.787+01:00|W1|2.3|2.18|0.08|2.18|0.67;0001-01-01T00:00:05.787+01:00|W2|1.8|1.79|0.05|1.79|0.18;0001-01-01T00:00:05.787+01:00|W3|2.4|2.36|0.13|2.36|0.35;0001-01-01T00:00:05.787+01:00|W4|1.6|1.54|0.01|1.54|0.42;0001-01-01T00:00:05.787+01:00|W5|1.8|1.81|0.02|1.81|0.10;0001-01-01T00:00:05.787+01:00|W6|2.0|1.97|0.67|1.97|0.31;0001-01-01T00:00:05.787+01:00|W7|3.2|3.16|0.11|3.16|0.15;0001-01-01T00:00:05.787+01:00|W8|1.1|0.65|0.01|0.65|0.86;0001-01-01T00:00:05.787+01:00|W9|2.0|1.92|0.13|1.92|0.18;0001-01-01T00:00:05.787+01:00|W10|2.3|2.20|0.15|2.20|0.63;0001-01-01T00:00:05.787+01:00|W11|2.2|1.11|0.09|1.11|1.84;0001-01-01T00:00:05.787+01:00|W12|1.3|1.15|0.29|1.15|0.53"
85.00;15.46;0001-01-01T00:00:05.9030000+01:00;84.79;-4.69;-24.71;9.9;17.126;12.911;39.493;-36.490;2.693;-6.667;95.374;-68.514;117.515;"0001-01-01T00:00:05.787+01:00|W1|2.3|2.18|0.08|2.18|0.67;0001-01-01T00:00:05.787+01:00|W2|1.8|1.79|0.05|1.79|0.18;0001-01-01T00:00:05.787+01:00|W3|2.4|2.36|0.13|2.36|0.35;0001-01-01T00:00:05.787+01:00|W4|1.6|1.54|0.01|1.54|0.42;0001-01-01T00:00:05.787+01:00|W5|1.8|1.81|0.02|1.81|0.10;0001-01-01T00:00:05.787+01:00|W6|2.0|1.97|0.67|1.97|0.31;0001-01-01T00:00:05.787+01:00|W7|3.2|3.16|0.11|3.16|0.15;0001-01-01T00:00:05.787+01:00|W8|1.1|0.65|0.01|0.65|0.86;0001-01-01T00:00:05.787+01:00|W9|2.0|1.92|0.13|1.92|0.18;0001-01-01T00:00:05.787+01:00|W10|2.3|2.20|0.15|2.20|0.63;0001-01-01T00:00:05.787+01:00|W11|2.2|1.11|0.09|1.11|1.84;0001-01-01T00:00:05.787+01:00|W12|1.3|1.15|0.29|1.15|0.53"
86.00;15.41;0001-01-01T00:00:05.9360000+01:00;85.64;-4.74;-25.34;10.0;17.369;12.853;39.642;-36.381;2.801;-6.645;95.186;-69.025;117.657;"0001-01-01T00:00:06.038+01:00|W1|2.2|2.10|0.13|2.10|0.70;0001-01-01T00:00:06.038+01:00|W2|1.9|1.85|0.02|1.85|0.17;0001-01-01T00:00:06.038+01:00|W3|2.3|2.27|0.02|2.27|0.34;0001-01-01T00:00:06.038+01:00|W4|1.5|1.38|0.11|1.38|0.24;0001-01-01T00:00:06.038+01:00|W5|1.8|1.79|0.01|1.79|0.08;0001-01-01T00:00:06.038+01:00|W6|1.9|1.85|0.46|1.85|0.17;0001-01-01T00:00:06.038+01:00|W7|3.1|3.06|0.21|3.06|0.24;0001-01-01T00:00:06.038+01:00|W8|1.2|0.76|0.08|0.76|0.86;0001-01-01T00:00:06.038+01:00|W9|2.0|1.98|0.08|1.98|0.06;0001-01-01T00:00:06.038+01:00|W10|2.2|2.05|0.23|2.05|0.76;0001-01-01T00:00:06.038+01:00|W11|2.2|1.16|0.11|1.16|1.83;0001-01-01T00:00:06.038+01:00|W12|1.2|1.07|0.33|1.07|0.45"
87.00;15.37;0001-01-01T00:00:05.9680000+01:00;86.49;-4.79;-25.96;10.1;17.612;12.796;39.790;-36.272;2.909;-6.623;94.997;-69.535;117.802;"0001-01-01T00:00:06.038+01:00|W1|2.2|2.10|0.13|2.10|0.70;0001-01-01T00:00:06.038+01:00|W2|1.9|1.85|0.02|1.85|0.17;0001-01-01T00:00:06.038+01:00|W3|2.3|2.27|0.02|2.27|0.34;0001-01-01T00:00:06.038+01:00|W4|1.5|1.38|0.11|1.38|0.24;0001-01-01T00:00:06.038+01:00|W5|1.8|1.79|0.01|1.79|0.08;0001-01-01T00:00:06.038+01:00|W6|1.9|1.85|0.46|1.85|0.17;0001-01-01T00:00:06.038+01:00|W7|3.1|3.06|0.21|3.06|0.24;0001-01-01T00:00:06.038+01:00|W8|1.2|0.76|0.08|0.76|0.86;0001-01-01T00:00:06.038+01:00|W9|2.0|1.98|0.08|1.98|0.06;0001-01-01T00:00:06.038+01:00|W10|2.2|2.05|0.23|2.05|0.76;0001-01-01T00:00:06.038+01:00|W11|2.2|1.16|0.11|1.16|1.83;0001-01-01T00:00:06.038+01:00|W12|1.2|1.07|0.33|1.07|0.45"
88.00;15.33;0001-01-01T00:00:06.0010000+01:00;87.34;-4.82;-26.58;10.1;17.853;12.738;39.927;-36.163;3.020;-6.601;94.813;-70.048;117.954;"0001-01-01T00:00:06.038+01:00|W1|2.2|2.10|0.13|2.10|0.70;0001-01-01T00:00:06.038+01:00|W2|1.9|1.85|0.02|1.85|0.17;0001-01-01T00:00:06.038+01:00|W3|2.3|2.27|0.02|2.27|0.34;0001-01-01T00:00:06.038+01:00|W4|1.5|1.38|0.11|1.38|0.24;0001-01-01T00:00:06.038+01:00|W5|1.8|1.79|0.01|1.79|0.08;0001-01-01T00:00:06.038+01:00|W6|1.9|1.85|0.46|1.85|0.17;0001-01-01T00:00:06.038+01:00|W7|3.1|3.06|0.21|3.06|0.24;0001-01-01T00:00:06.038+01:00|W8|1.2|0.76|0.08|0.76|0.86;0001-01-01T00:00:06.038+01:00|W9|2.0|1.98|0.08|1.98|0.06;0001-01-01T00:00:06.038+01:00|W10|2.2|2.05|0.23|2.05|0.76;0001-01-01T00:00:06.038+01:00|W11|2.2|1.16|0.11|1.16|1.83;0001-01-01T00:00:06.038+01:00|W12|1.2|1.07|0.33|1.07|0.45"
89.00;15.24;0001-01-01T00:00:06.0290000+01:00;88.17;-4.18;-27.25;9.9;17.977;12.687;39.493;-36.067;3.286;-6.582;94.843;-70.698;118.355;"0001-01-01T00:00:06.038+01:00|W1|2.2|2.10|0.13|2.10|0.70;0001-01-01T00:00:06.038+01:00|W2|1.9|1.85|0.02|1.85|0.17;0001-01-01T00:00:06.038+01:00|W3|2.3|2.27|0.02|2.27|0.34;0001-01-01T00:00:06.038+01:00|W4|1.5|1.38|0.11|1.38|0.24;0001-01-01T00:00:06.038+01:00|W5|1.8|1.79|0.01|1.79|0.08;0001-01-01T00:00:06.038+01:00|W6|1.9|1.85|0.46|1.85|0.17;0001-01-01T00:00:06.038+01:00|W7|3.1|3.06|0.21|3.06|0.24;0001-01-01T00:00:06.038+01:00|W8|1.2|0.76|0.08|0.76|0.86;0001-01-01T00:00:06.038+01:00|W9|2.0|1.98|0.08|1.98|0.06;0001-01-01T00:00:06.038+01:00|W10|2.2|2.05|0.23|2.05|0.76;0001-01-01T00:00:06.038+01:00|W11|2.2|1.16|0.11|1.16|1.83;0001-01-01T00:00:06.038+01:00|W12|1.2|1.07|0.33|1.07|0.45"
90.00;15.15;0001-01-01T00:00:06.0580000+01:00;88.99;-3.53;-27.91;9.6;18.101;12.636;39.059;-35.971;3.552;-6.562;94.873;-71.348;118.759;"0001-01-01T00:00:06.038+01:00|W1|2.2|2.10|0.13|2.10|0.70;0001-01-01T00:00:06.038+01:00|W2|1.9|1.85|0.02|1.85|0.17;0001-01-01T00:00:06.038+01:00|W3|2.3|2.27|0.02|2.27|0.34;0001-01-01T00:00:06.038+01:00|W4|1.5|1.38|0.11|1.38|0.24;0001-01-01T00:00:06.038+01:00|W5|1.8|1.79|0.01|1.79|0.08;0001-01-01T00:00:06.038+01:00|W6|1.9|1.85|0.46|1.85|0.17;0001-01-01T00:00:06.038+01:00|W7|3.1|3.06|0.21|3.06|0.24;0001-01-01T00:00:06.038+01:00|W8|1.2|0.76|0.08|0.76|0.86;0001-01-01T00:00:06.038+01:00|W9|2.0|1.98|0.08|1.98|0.06;0001-01-01T00:00:06.038+01:00|W10|2.2|2.05|0.23|2.05|0.76;0001-01-01T00:00:06.038+01:00|W11|2.2|1.16|0.11|1.16|1.83;0001-01-01T00:00:06.038+01:00|W12|1.2|1.07|0.33|1.07|0.45"
91.00;15.06;0001-01-01T00:00:06.0860000+01:00;89.82;-2.89;-28.57;9.3;18.224;12.585;38.626;-35.875;3.816;-6.543;94.903;-71.995;119.165;"0001-01-01T00:00:06.038+01:00|W1|2.2|2.10|0.13|2.10|0.70;0001-01-01T00:00:06.038+01:00|W2|1.9|1.85|0.02|1.85|0.17;0001-01-01T00:00:06.038+01:00|W3|2.3|2.27|0.02|2.27|0.34;0001-01-01T00:00:06.038+01:00|W4|1.5|1.38|0.11|1.38|0.24;0001-01-01T00:00:06.038+01:00|W5|1.8|1.79|0.01|1.79|0.08;0001-01-01T00:00:06.038+01:00|W6|1.9|1.85|0.46|1.85|0.17;0001-01-01T00:00:06.038+01:00|W7|3.1|3.06|0.21|3.06|0.24;0001-01-01T00:00:06.038+01:00|W8|1.2|0.76|0.08|0.76|0.86;0001-01-01T00:00:06.038+01:00|W9|2.0|1.98|0.08|1.98|0.06;0001-01-01T00:00:06.038+01:00|W10|2.2|2.05|0.23|2.05|0.76;0001-01-01T00:00:06.038+01:00|W11|2.2|1.16|0.11|1.16|1.83;0001-01-01T00:00:06.038+01:00|W12|1.2|1.07|0.33|1.07|0.45"
92.00;15.00;0001-01-01T00:00:06.1170000+01:00;90.65;-2.77;-29.22;9.4;18.358;12.714;38.157;-35.760;4.103;-6.465;94.948;-72.497;119.501;"0001-01-01T00:00:06.038+01:00|W1|2.2|2.10|0.13|2.10|0.70;0001-01-01T00:00:06.038+01:00|W2|1.9|1.85|0.02|1.85|0.17;0001-01-01T00:00:06.038+01:00|W3|2.3|2.27|0.02|2.27|0.34;0001-01-01T00:00:06.038+01:00|W4|1.5|1.38|0.11|1.38|0.24;0001-01-01T00:00:06.038+01:00|W5|1.8|1.79|0.01|1.79|0.08;0001-01-01T00:00:06.038+01:00|W6|1.9|1.85|0.46|1.85|0.17;0001-01-01T00:00:06.038+01:00|W7|3.1|3.06|0.21|3.06|0.24;0001-01-01T00:00:06.038+01:00|W8|1.2|0.76|0.08|0.76|0.86;0001-01-01T00:00:06.038+01:00|W9|2.0|1.98|0.08|1.98|0.06;0001-01-01T00:00:06.038+01:00|W10|2.2|2.05|0.23|2.05|0.76;0001-01-01T00:00:06.038+01:00|W11|2.2|1.16|0.11|1.16|1.83;0001-01-01T00:00:06.038+01:00|W12|1.2|1.07|0.33|1.07|0.45"
93.00;14.95;0001-01-01T00:00:06.1500000+01:00;91.49;-3.13;-29.85;9.8;18.501;13.007;37.653;-35.627;4.411;-6.334;95.009;-72.864;119.773;"0001-01-01T00:00:06.038+01:00|W1|2.2|2.10|0.13|2.10|0.70;0001-01-01T00:00:06.038+01:00|W2|1.9|1.85|0.02|1.85|0.17;0001-01-01T00:00:06.038+01:00|W3|2.3|2.27|0.02|2.27|0.34;0001-01-01T00:00:06.038+01:00|W4|1.5|1.38|0.11|1.38|0.24;0001-01-01T00:00:06.038+01:00|W5|1.8|1.79|0.01|1.79|0.08;0001-01-01T00:00:06.038+01:00|W6|1.9|1.85|0.46|1.85|0.17;0001-01-01T00:00:06.038+01:00|W7|3.1|3.06|0.21|3.06|0.24;0001-01-01T00:00:06.038+01:00|W8|1.2|0.76|0.08|0.76|0.86;0001-01-01T00:00:06.038+01:00|W9|2.0|1.98|0.08|1.98|0.06;0001-01-01T00:00:06.038+01:00|W10|2.2|2.05|0.23|2.05|0.76;0001-01-01T00:00:06.038+01:00|W11|2.2|1.16|0.11|1.16|1.83;0001-01-01T00:00:06.038+01:00|W12|1.2|1.07|0.33|1.07|0.45"
94.00;14.91;0001-01-01T00:00:06.1830000+01:00;92.33;-3.49;-30.49;10.2;18.644;13.299;37.153;-35.495;4.718;-6.203;95.069;-73.231;120.044;"0001-01-01T00:00:06.287+01:00|W1|2.2|2.10|0.13|2.10|0.70;0001-01-01T00:00:06.287+01:00|W2|1.9|1.85|0.02|1.85|0.17;0001-01-01T00:00:06.287+01:00|W3|2.2|2.19|0.08|2.19|0.33;0001-01-01T00:00:06.287+01:00|W4|1.5|1.38|0.11|1.38|0.24;0001-01-01T00:00:06.287+01:00|W5|1.7|1.67|0.10|1.67|0.20;0001-01-01T00:00:06.287+01:00|W6|1.9|1.85|0.46|1.85|0.17;0001-01-01T00:00:06.287+01:00|W7|3.1|3.06|0.21|3.06|0.24;0001-01-01T00:00:06.287+01:00|W8|1.2|0.76|0.08|0.76|0.86;0001-01-01T00:00:06.287+01:00|W9|2.0|2.01|0.07|2.01|0.08;0001-01-01T00:00:06.287+01:00|W10|2.2|2.05|0.23|2.05|0.76;0001-01-01T00:00:06.287+01:00|W11|2.2|1.16|0.11|1.16|1.83;0001-01-01T00:00:06.287+01:00|W12|1.2|1.07|0.33|1.07|0.45"
191.50;0.00;0001-01-01T00:00:08.9550000+01:00;161.59;-2.68;-96.36;10.8;-8.334;-3.332;-23.203;1.231;-15.222;-3.809;88.737;-95.639;130.819;"0001-01-01T00:00:09.041+01:00|W1|1.6|1.47|0.59|1.47|0.41;0001-01-01T00:00:09.041+01:00|W2|1.9|1.85|0.10|1.85|0.11;0001-01-01T00:00:09.041+01:00|W3|2.2|2.15|0.03|2.15|0.47;0001-01-01T00:00:09.041+01:00|W4|1.2|1.04|0.13|1.04|0.21;0001-01-01T00:00:09.041+01:00|W5|2.1|2.02|0.24|2.02|0.22;0001-01-01T00:00:09.041+01:00|W6|1.8|1.75|0.09|1.75|0.18;0001-01-01T00:00:09.041+01:00|W7|2.9|2.86|0.14|2.86|0.29;0001-01-01T00:00:09.041+01:00|W8|1.4|1.15|0.31|1.15|0.57;0001-01-01T00:00:09.041+01:00|W9|1.8|1.63|0.10|1.63|0.09;0001-01-01T00:00:09.041+01:00|W10|1.8|1.68|0.28|1.68|0.61;0001-01-01T00:00:09.041+01:00|W11|1.9|1.14|0.12|1.14|1.55;0001-01-01T00:00:09.041+01:00|W12|1.4|1.02|0.03|1.02|0.90"
