3.812745098039208025e-01,2.450980392156799827e-03,-5.901960784313709657e-02,2.649298474945533144e+02,4.901960784313800362e-02,0.000000000000000000e+00,0.000000000000000000e+00,5.637254901960770948e-01,-2.472058823529406535e+00,1.867647058823524997e-01,3.095588235294109980e-01,-2.708333333333327042e-01,-1.112769607843137365e+01,-1.127794117647058947e+01
6.925490196078416538e-01,4.901960784313700269e-03,-1.080392156862741981e-01,2.650346949891067538e+02,4.901960784313699054e-02,0.000000000000000000e+00,0.000000000000000000e+00,1.127450980392154190e+00,-4.944117647058813070e+00,3.735294117647049994e-01,6.191176470588221070e-01,-5.416666666666654084e-01,-1.075539215686274730e+01,-1.105588235294117538e+01
1.003823529411762561e+00,7.352941176470499662e-03,-1.570588235294113899e-01,2.651395424836601364e+02,4.901960784313699748e-02,0.000000000000000000e+00,0.000000000000000000e+00,1.691176470588231284e+00,-7.416176470588219161e+00,5.602941176470576101e-01,9.286764705882332160e-01,-8.124999999999981126e-01,-1.038308823529411917e+01,-1.083382352941176840e+01
1.315098039215683690e+00,9.803921568627400537e-03,-2.060784313725484984e-01,2.652443899782134622e+02,8.521870286578008685e-03,0.000000000000000000e+00,0.000000000000000000e+00,2.254901960784308379e+00,-9.888235294117626140e+00,7.470588235294101098e-01,1.238235294117644214e+00,-1.083333333333330817e+00,-1.001078431372549282e+01,-1.061176470588235432e+01
2.566666666666654883e+00,8.205128205128300531e-03,-3.515384615384601896e-01,2.674152421652419775e+02,4.406604747161400187e-02,0.000000000000000000e+00,0.000000000000000000e+00,3.479487179487168014e+00,-1.205171794871797530e+01,-2.919769230769143409e+00,1.727102564102562354e+00,-1.858615384615372790e+00,-6.802923076923107715e+00,-8.737589743589760261e+00
3.912631578947346256e+00,1.421052631578880072e-02,-5.068421052631553181e-01,2.760017543859649436e+02,2.990297990297939301e-01,0.000000000000000000e+00,0.000000000000000000e+00,5.294736842105219665e+00,-8.879421052631629507e+00,-6.207631578947507833e+00,1.922052631578943904e+00,-3.539736842105225989e+00,-3.163421052631637753e+00,-6.181105263157952834e+00
5.295135135135098814e+00,3.810810810810769805e-02,-6.916216216216163337e-01,2.744846846846847370e+02,3.714082503556219717e-01,0.000000000000000000e+00,0.000000000000000000e+00,8.427027027026939621e+00,-4.923432432432548467e+00,-1.936081081081113542e+00,2.305054054054040957e+00,-6.108783783783713339e+00,-1.898648648649294002e-01,-3.447378378378433084e+00
6.659189189189161695e+00,5.135135135135100032e-02,-8.916216216216173995e-01,2.720633633633634076e+02,2.662873399715510181e-01,0.000000000000000000e+00,0.000000000000000000e+00,1.172432432432425919e+01,-4.768108108108756182e-01,-2.278243243243230687e+00,2.868297297297285109e+00,-8.824351351351300110e+00,1.970702702702662901e+00,-1.731594594594627168e+00
8.037894736842071453e+00,6.473684210526280125e-02,-1.115263157894731183e+00,2.715662280701753843e+02,2.654338549075379028e-01,0.000000000000000000e+00,0.000000000000000000e+00,1.460526315789468477e+01,-1.861052631577723993e-01,-2.934526315789456774e+00,3.574421052631557849e+00,-1.102184210526312214e+01,3.671105263157867338e+00,-1.808421052631909998e-01
9.385263157894689456e+00,7.789473684210479476e-02,-1.359999999999991216e+00,2.722994152046783256e+02,1.657894736842090155e-01,0.000000000000000000e+00,0.000000000000000000e+00,1.668421052631572010e+01,9.810526315776209316e-02,-4.530842105263081621e+00,4.519157894736807179e+00,-1.221289473684207039e+01,3.864789473684225207e+00,6.462631578947206634e-01
1.076289473684205689e+01,8.131578947368370280e-02,-1.627631578947358104e+00,2.719380847953216858e+02,1.669985775248911120e-01,0.000000000000000000e+00,0.000000000000000000e+00,1.867105263157888118e+01,4.365973684210410433e+00,-7.609184210526173331e+00,5.772052631578891813e+00,-1.288044736842103966e+01,3.258894736842125273e+00,9.741842105263037732e-01
1.210864864864858603e+01,9.459459459459390596e-02,-1.906486486486473675e+00,2.717057057057056682e+02,2.657894736842099093e-01,0.000000000000000000e+00,0.000000000000000000e+00,2.044324324324315967e+01,7.413459459459318168e+00,-1.135421621621604160e+01,7.245999999999931163e+00,-1.319827027027025679e+01,2.733054054054078197e+00,1.288891891891877250e+00
1.346526315789468597e+01,1.078947368421046965e-01,-2.193684210526305023e+00,2.714400584795321834e+02,1.675675675675689091e-01,0.000000000000000000e+00,0.000000000000000000e+00,2.238421052631571229e+01,1.038294736842093968e+01,-1.430536842105254003e+01,8.840736842105199500e+00,-1.357194736842103566e+01,2.810315789473665671e+00,1.793578947368396959e+00
1.482513513513507952e+01,1.113513513513507969e-01,-2.503783783783770200e+00,2.710920420420420669e+02,1.210526315789529905e-01,0.000000000000000000e+00,0.000000000000000000e+00,2.462972972972963959e+01,1.190513513513513644e+01,-1.488824324324327186e+01,1.056743243243236563e+01,-1.412394594594591979e+01,3.386675675675653086e+00,2.250621621621611723e+00
1.618135135135127456e+01,1.199999999999999956e-01,-2.836756756756738440e+00,2.701024024024025039e+02,8.648648648649198689e-02,0.000000000000000000e+00,0.000000000000000000e+00,2.668378378378368865e+01,1.231902702702696217e+01,-1.604364864864839646e+01,1.206759459459452621e+01,-1.466616216216214319e+01,4.164297297297230749e+00,2.765918918918864655e+00
1.753783783783775974e+01,1.199999999999999956e-01,-3.177837837837817592e+00,2.692117867867867744e+02,1.000000000000000888e-01,0.000000000000000000e+00,0.000000000000000000e+00,2.805405405405398156e+01,1.448513513513497131e+01,-1.920081081081067609e+01,1.307967567567562384e+01,-1.503429729729727171e+01,4.758972972972959070e+00,3.419891891891864599e+00
1.886216216216209673e+01,1.300000000000000044e-01,-3.522162162162145282e+00,2.691684684684684612e+02,1.513513513513431441e-01,0.000000000000000000e+00,0.000000000000000000e+00,2.924594594594588770e+01,1.755032432432418688e+01,-2.101043243243234926e+01,1.389878378378374357e+01,-1.542799999999997951e+01,4.778297297297301682e+00,3.765621621621607407e+00
2.020837837837829909e+01,1.351351351351343100e-01,-3.888918918918895962e+00,2.685524774774775665e+02,1.000000000000000888e-01,0.000000000000000000e+00,0.000000000000000000e+00,3.025675675675671528e+01,1.937875675675675069e+01,-2.250321621621614909e+01,1.467154054054049972e+01,-1.581156756756754866e+01,4.378945945945999618e+00,3.983108108108103895e+00
2.154621621621612348e+01,1.400000000000000133e-01,-4.272162162162135957e+00,2.682026276276275780e+02,4.864864864865703353e-02,0.000000000000000000e+00,0.000000000000000000e+00,3.101891891891886388e+01,2.161227027027003089e+01,-2.361532432432424855e+01,1.512218918918916799e+01,-1.616486486486483898e+01,3.585972972973023420e+00,4.043918918918914862e+00
2.290081081081072512e+01,1.400000000000000133e-01,-4.682972972972947012e+00,2.686478978978979058e+02,0.000000000000000000e+00,0.000000000000000000e+00,0.000000000000000000e+00,3.177297297297294776e+01,2.422999999999996845e+01,-2.476794594594587196e+01,1.549029729729726235e+01,-1.630927027027027520e+01,2.728621621621686977e+00,4.016648648648656561e+00
2.424888888888878924e+01,1.400000000000000133e-01,-5.093333333333304402e+00,2.687905864197530832e+02,9.729729729728575638e-02,0.000000000000000000e+00,0.000000000000000000e+00,3.218333333333330160e+01,2.473611111111107519e+01,-2.594294444444436110e+01,1.603744444444440376e+01,-1.620455555555556515e+01,1.691777777777853542e+00,3.885333333333342853e+00
2.557378378378367856e+01,1.497297297297285890e-01,-5.521351351351317938e+00,2.688413663663663442e+02,9.999999999999981126e-02,0.000000000000000000e+00,0.000000000000000000e+00,3.268918918918915040e+01,2.427189189189196128e+01,-2.648327027027024982e+01,1.676802702702696379e+01,-1.589867567567570639e+01,7.558108108108800849e-01,3.830486486486488928e+00
2.692027777777767739e+01,1.499999999999999944e-01,-5.972777777777741548e+00,2.686707561728395603e+02,7.770270270270301927e-02,0.000000000000000000e+00,0.000000000000000000e+00,3.286388888888889426e+01,2.282480555555565616e+01,-2.628216666666668289e+01,1.763172222222216590e+01,-1.524244444444450330e+01,1.341944444444717055e-01,3.918444444444432850e+00
2.825999999999989143e+01,1.574999999999988909e-01,-6.444999999999962981e+00,2.681034722222222513e+02,1.142857142857009456e-01,0.000000000000000000e+00,0.000000000000000000e+00,3.265000000000001990e+01,2.115375000000015859e+01,-2.692324999999988933e+01,1.830274999999995700e+01,-1.435575000000007684e+01,-1.672499999999796927e-01,4.083749999999986002e+00
2.959714285714273174e+01,1.614285714285700890e-01,-6.919999999999956408e+00,2.672658730158731260e+02,1.250000000000112133e-01,0.000000000000000000e+00,0.000000000000000000e+00,3.214285714285720275e+01,2.016385714285711828e+01,-2.747428571428574884e+01,1.876728571428568415e+01,-1.342442857142865087e+01,-3.628571428571287782e-01,4.060714285714310812e+00
3.094777777777766659e+01,1.700000000000000122e-01,-7.414444444444403537e+00,2.667160493827160508e+02,1.828571428571421076e-01,0.000000000000000000e+00,0.000000000000000000e+00,3.163333333333336839e+01,2.032211111111111634e+01,-2.863666666666637184e+01,1.909377777777774909e+01,-1.256800000000006712e+01,-6.235555555555204466e-01,3.714333333333370568e+00
3.229285714285701658e+01,1.797142857142842998e-01,-7.919714285714236190e+00,2.666774603174603158e+02,1.371428571428437437e-01,0.000000000000000000e+00,0.000000000000000000e+00,3.140285714285715457e+01,1.977197142857150425e+01,-3.046559999999989188e+01,1.943217142857140090e+01,-1.194857142857147991e+01,-1.043542857142816693e+00,3.145571428571488415e+00
3.360914285714273575e+01,1.837142857142843866e-01,-8.437428571428522872e+00,2.664438888888889210e+02,1.828571428571429403e-01,0.000000000000000000e+00,0.000000000000000000e+00,3.126285714285716111e+01,1.929374285714283488e+01,-3.072048571428566177e+01,1.960651428571428667e+01,-1.167374285714287119e+01,-1.409085714285685187e+00,2.484485714285773028e+00
3.495199999999987028e+01,1.979999999999985938e-01,-8.973999999999946908e+00,2.662238888888888937e+02,2.857142857142830339e-01,0.000000000000000000e+00,0.000000000000000000e+00,3.119999999999999929e+01,1.954419999999997160e+01,-3.133379999999993260e+01,1.960160000000000124e+01,-1.159220000000000184e+01,-1.723999999999968891e+00,1.959400000000042885e+00
3.628257142857128770e+01,2.122857142857126900e-01,-9.519142857142798064e+00,2.659334920634921673e+02,2.857142857142849768e-01,0.000000000000000000e+00,0.000000000000000000e+00,3.107714285714287428e+01,1.965060000000000429e+01,-3.162565714285716112e+01,1.940908571428575868e+01,-1.168519999999997516e+01,-1.827514285714300080e+00,1.635657142857167123e+00
3.761114285714271688e+01,2.265714285714270915e-01,-1.007628571428565678e+01,2.654772222222222240e+02,2.857142857142860870e-01,0.000000000000000000e+00,0.000000000000000000e+00,3.093428571428572837e+01,2.063902857142834435e+01,-3.207088571428559476e+01,1.896131428571433730e+01,-1.195842857142853610e+01,-1.597285714285749503e+00,1.465028571428582005e+00
3.892885714285700516e+01,2.408571428571412987e-01,-1.064342857142851351e+01,2.655278571428571013e+02,3.401680672268730943e-01,0.000000000000000000e+00,0.000000000000000000e+00,3.091714285714282440e+01,2.186325714285714739e+01,-3.331034285714275001e+01,1.866582857142857677e+01,-1.228834285714282437e+01,-1.316885714285737308e+00,1.470514285714269231e+00
4.025176470588220923e+01,2.605882352941144009e-01,-1.121705882352934580e+01,2.652465686274510972e+02,3.885714285714278460e-01,0.000000000000000000e+00,0.000000000000000000e+00,3.120588235294114554e+01,2.138082352941190223e+01,-3.331235294117666257e+01,1.864841176470588024e+01,-1.255494117647056740e+01,-1.065823529411798365e+00,1.708588235294076441e+00
4.156399999999985795e+01,2.797142857142840833e-01,-1.180828571428564722e+01,2.644162698412699228e+02,3.823529411764681196e-01,0.000000000000000000e+00,0.000000000000000000e+00,3.139714285714283903e+01,2.194457142857126541e+01,-3.282359999999998479e+01,1.867951428571428352e+01,-1.266657142857141949e+01,-8.805428571428715045e-01,2.019428571428540042e+00
4.290147058823513504e+01,2.988235294117612129e-01,-1.241088235294110476e+01,2.640413398692810460e+02,4.852100840335921150e-01,0.000000000000000000e+00,0.000000000000000000e+00,3.139999999999999858e+01,2.381979411764694277e+01,-3.371311764705872349e+01,1.874129411764704400e+01,-1.266594117647059115e+01,-9.684411764705583847e-01,2.168470588235289043e+00
4.423058823529395056e+01,3.282352941176432948e-01,-1.302294117647051053e+01,2.644973856209149403e+02,5.882352941176449690e-01,0.000000000000000000e+00,0.000000000000000000e+00,3.167352941176464753e+01,2.445699999999994390e+01,-3.385552941176474206e+01,1.891182352941173761e+01,-1.277735294117644571e+01,-1.332058823529356895e+00,2.072676470588257658e+00
4.555029411764689939e+01,3.576470588235257098e-01,-1.365441176470580409e+01,2.644875000000000682e+02,5.005042016806909855e-01,0.000000000000000000e+00,0.000000000000000000e+00,3.203823529411762649e+01,2.415770588235307059e+01,-3.202355882352982519e+01,1.900255882352941939e+01,-1.301879411764702965e+01,-1.819617647058761278e+00,1.806617647058861076e+00
4.685399999999982867e+01,3.782857142857123933e-01,-1.429285714285705922e+01,2.638275396825397365e+02,5.092436974789726900e-01,0.000000000000000000e+00,0.000000000000000000e+00,3.201714285714287911e+01,2.447059999999984115e+01,-3.062040000000000006e+01,1.875808571428575888e+01,-1.325122857142853938e+01,-2.413457142857057036e+00,1.261571428571521158e+00
4.817999999999982919e+01,4.085714285714229788e-01,-1.494857142857134313e+01,2.637095238095237733e+02,5.906722689075621924e-01,0.000000000000000000e+00,0.000000000000000000e+00,3.168571428571436144e+01,2.543442857142855118e+01,-3.045085714285726297e+01,1.822328571428580091e+01,-1.342042857142856072e+01,-3.025857142857078852e+00,4.887142857143790819e-01
4.949911764705864670e+01,4.373529411764686126e-01,-1.560823529411755750e+01,2.635037581699347129e+02,5.495798319327882542e-01,0.000000000000000000e+00,0.000000000000000000e+00,3.110588235294125070e+01,2.519844117647066994e+01,-2.956447058823540530e+01,1.757091176470597205e+01,-1.355591176470585779e+01,-3.487705882352884590e+00,-3.477352941175212986e-01
5.080882352941158331e+01,4.635294117647018042e-01,-1.627294117647049632e+01,2.630844771241830244e+02,5.558823529411527353e-01,0.000000000000000000e+00,0.000000000000000000e+00,3.064705882352946986e+01,2.557741176470566558e+01,-3.005470588235266405e+01,1.702452941176476386e+01,-1.365382352941176336e+01,-3.966235294117570476e+00,-1.177411764705784902e+00
5.213235294117627916e+01,4.929411764705838861e-01,-1.696411764705872116e+01,2.630232026143791018e+02,5.999999999999744427e-01,0.000000000000000000e+00,0.000000000000000000e+00,3.039999999999999858e+01,2.623500000000008114e+01,-3.057341176470608701e+01,1.672041176470590429e+01,-1.374941176470585269e+01,-4.484470588235226707e+00,-1.923470588235178358e+00
5.345470588235274789e+01,5.235294117646992484e-01,-1.766529411764695467e+01,2.631942810457515520e+02,6.882352941176472783e-01,0.000000000000000000e+00,0.000000000000000000e+00,3.062352941176466459e+01,2.610623529411759947e+01,-2.959370588235301014e+01,1.663452941176470645e+01,-1.404158823529406064e+01,-4.822294117647030198e+00,-2.632999999999909857e+00
5.476941176470568706e+01,5.617647058823486139e-01,-1.836823529411753952e+01,2.631975490196078908e+02,6.764705882353116984e-01,0.000000000000000000e+00,0.000000000000000000e+00,3.097647058823523025e+01,2.643299999999995720e+01,-2.935252941176469577e+01,1.662864705882352823e+01,-1.443629411764699810e+01,-5.012882352941148589e+00,-3.161823529411702083e+00
5.608235294117625358e+01,5.911764705882304183e-01,-1.908882352941164484e+01,2.629034313725489937e+02,6.411764705882072590e-01,0.000000000000000000e+00,0.000000000000000000e+00,3.142352941176460845e+01,2.675947058823526348e+01,-2.914905882352949007e+01,1.669417647058820720e+01,-1.484258823529405547e+01,-5.025647058823563107e+00,-3.521529411764666939e+00
5.739117647058802874e+01,6.258823529411693398e-01,-1.980941176470576437e+01,2.627514705882353496e+02,6.882352941176494987e-01,0.000000000000000000e+00,0.000000000000000000e+00,3.190588235294113062e+01,2.664870588235304538e+01,-2.874488235294122163e+01,1.686182352941173335e+01,-1.513582352941173781e+01,-4.775529411764757981e+00,-3.650705882352951903e+00
5.868999999999979167e+01,6.599999999999953681e-01,-2.053999999999987836e+01,2.625472222222222172e+02,6.411764705882572191e-01,0.000000000000000000e+00,0.000000000000000000e+00,3.219999999999995310e+01,2.664499999999995694e+01,-2.874099999999997834e+01,1.708499999999996177e+01,-1.523699999999998944e+01,-4.519000000000035655e+00,-3.578000000000012282e+00
6.001999999999978286e+01,6.899999999999950617e-01,-2.129499999999987736e+01,2.623833333333333258e+02,6.911764705882084137e-01,0.000000000000000000e+00,0.000000000000000000e+00,3.249999999999995026e+01,2.708499999999998664e+01,-2.921399999999988850e+01,1.732499999999996732e+01,-1.519550000000002044e+01,-4.421999999999999709e+00,-3.467500000000023785e+00
6.131411764705860890e+01,7.291176470588162095e-01,-2.203529411764693435e+01,2.624388888888888687e+02,7.454545454545169481e-01,0.000000000000000000e+00,0.000000000000000000e+00,3.250294117647061398e+01,2.796597058823508064e+01,-2.984149999999989333e+01,1.746588235294115776e+01,-1.508126470588237211e+01,-4.564705882352905419e+00,-3.329735294117669664e+00
6.264666666666643380e+01,7.645454545454467565e-01,-2.280727272727259702e+01,2.626591750841750468e+02,7.999999999999929390e-01,0.000000000000000000e+00,0.000000000000000000e+00,3.254848484848482570e+01,2.886739393939397047e+01,-2.993106060606070429e+01,1.746090909090910515e+01,-1.510218181818178884e+01,-4.889060606060547265e+00,-3.212878787878802989e+00
6.394441176470564869e+01,8.091176470588155034e-01,-2.357470588235279862e+01,2.629865196078430358e+02,7.515151515151741179e-01,0.000000000000000000e+00,0.000000000000000000e+00,3.279411764705876919e+01,2.868264705882355869e+01,-2.965464705882356000e+01,1.737273529411766049e+01,-1.535714705882347531e+01,-5.225352941176409693e+00,-3.123794117647075819e+00
6.526181818181794370e+01,8.396969696969641683e-01,-2.437212121212106908e+01,2.630693602693603452e+02,7.088235294117639640e-01,0.000000000000000000e+00,0.000000000000000000e+00,3.300000000000000000e+01,2.849487878787882167e+01,-2.852421212121257454e+01,1.728190909090910665e+01,-1.567663636363631241e+01,-5.567575757575696116e+00,-3.048030303030312638e+00
6.657999999999977092e+01,8.799999999999918998e-01,-2.515999999999986159e+01,2.629611111111111086e+02,7.575757575757258167e-01,0.000000000000000000e+00,0.000000000000000000e+00,3.270000000000008100e+01,2.905699999999983163e+01,-2.864599999999973434e+01,1.699100000000007071e+01,-1.585499999999998089e+01,-5.877999999999947711e+00,-3.009000000000005670e+00
6.789818181818156972e+01,9.154545454545367500e-01,-2.596303030303014836e+01,2.633628787878786852e+02,7.093749999999932054e-01,0.000000000000000000e+00,0.000000000000000000e+00,3.244848484848487402e+01,2.931515151515173301e+01,-3.001845454545470560e+01,1.645045454545465091e+01,-1.581757575757578316e+01,-5.836909090909169429e+00,-2.986242424242429028e+00
6.920687499999975500e+01,9.509374999999912204e-01,-2.676687499999983899e+01,2.633836805555556566e+02,7.606060606060882634e-01,0.000000000000000000e+00,0.000000000000000000e+00,3.167500000000023519e+01,2.818940625000014677e+01,-2.899584375000018710e+01,1.589559375000010810e+01,-1.560781250000004761e+01,-5.429218750000083027e+00,-2.975562499999994781e+00
7.053515151515127002e+01,9.915151515151455763e-01,-2.760090909090892808e+01,2.626984006734008403e+02,8.178977272727283587e-01,0.000000000000000000e+00,0.000000000000000000e+00,3.072727272727281189e+01,2.831284848484817118e+01,-2.875848484848464892e+01,1.532839393939404715e+01,-1.544296969696969768e+01,-4.945696969697078949e+00,-3.054606060606028795e+00
7.183818181818156745e+01,1.032727272727264056e+00,-2.841909090909075175e+01,2.624964646464645170e+02,8.723484848484475140e-01,0.000000000000000000e+00,0.000000000000000000e+00,3.029090909090912120e+01,2.868145454545475204e+01,-2.977245454545437298e+01,1.495345454545457287e+01,-1.543454545454545013e+01,-4.554272727272764776e+00,-3.219090909090869701e+00
7.315124999999973454e+01,1.078749999999990328e+00,-2.924749999999982819e+01,2.627093749999999659e+02,8.196022727272667119e-01,0.000000000000000000e+00,0.000000000000000000e+00,3.019999999999999929e+01,2.762600000000021083e+01,-3.002200000000014413e+01,1.486612500000000203e+01,-1.564749999999989960e+01,-4.371375000000033317e+00,-3.616249999999858300e+00
7.446281249999974250e+01,1.114687499999990727e+00,-3.008593749999982947e+01,2.624085937500001364e+02,8.215909090909079282e-01,0.000000000000000000e+00,0.000000000000000000e+00,3.070937499999978471e+01,2.705615625000001145e+01,-2.932390625000013884e+01,1.493478124999996837e+01,-1.613121874999990268e+01,-4.468718749999917250e+00,-4.292218749999863192e+00
7.577242424242398044e+01,1.160909090909081121e+00,-3.093333333333316304e+01,2.624081649831647383e+02,9.031250000000268230e-01,0.000000000000000000e+00,0.000000000000000000e+00,3.136969696969693899e+01,2.762242424242397121e+01,-2.908984848484841734e+01,1.495239393939396955e+01,-1.650363636363631414e+01,-4.806212121212070976e+00,-5.122515151514946297e+00
7.708249999999972601e+01,1.204999999999993410e+00,-3.178999999999981085e+01,2.626548611111112450e+02,7.534090909091206711e-01,0.000000000000000000e+00,0.000000000000000000e+00,3.130000000000000071e+01,2.787025000000021890e+01,-2.941924999999993062e+01,1.482000000000002338e+01,-1.658775000000002109e+01,-5.096249999999927560e+00,-6.163749999999771134e+00
7.841062499999971180e+01,1.236249999999993188e+00,-3.266499999999981441e+01,2.630975694444441615e+02,7.624999999999615419e-01,0.000000000000000000e+00,0.000000000000000000e+00,3.113750000000007034e+01,2.730506250000003021e+01,-2.974581249999992849e+01,1.477818749999999604e+01,-1.649162500000002041e+01,-5.445874999999921862e+00,-7.238812499999766281e+00
7.972499999999971010e+01,1.281249999999989564e+00,-3.353999999999980730e+01,2.640999999999999091e+02,9.187499999999593214e-01,0.000000000000000000e+00,0.000000000000000000e+00,3.078750000000010445e+01,2.724575000000001168e+01,-3.009749999999991488e+01,1.481437499999999119e+01,-1.624687500000009166e+01,-5.804874999999920959e+00,-8.184124999999824013e+00
8.103749999999971010e+01,1.328124999999989120e+00,-3.441499999999980730e+01,2.637527777777779647e+02,9.374999999999955591e-01,0.000000000000000000e+00,0.000000000000000000e+00,3.060000000000000142e+01,2.719793750000001253e+01,-2.901156250000046555e+01,1.485249999999999027e+01,-1.581937500000010033e+01,-6.163624999999918863e+00,-8.724124999999917307e+00
8.234999999999969589e+01,1.374999999999989120e+00,-3.529999999999979110e+01,2.631930555555554179e+02,8.468750000000002665e-01,0.000000000000000000e+00,0.000000000000000000e+00,3.030000000000014282e+01,2.731499999999993022e+01,-2.631200000000062289e+01,1.498549999999994320e+01,-1.538600000000010048e+01,-6.602499999999877467e+00,-8.979999999999943583e+00
8.367874999999969532e+01,1.412812499999989146e+00,-3.621343749999979167e+01,2.634911458333333485e+02,8.532258064516118345e-01,0.000000000000000000e+00,0.000000000000000000e+00,2.977187500000010800e+01,2.771153124999987938e+01,-2.408306250000034510e+01,1.509346875000001020e+01,-1.497087500000008475e+01,-6.908624999999990024e+00,-9.068000000000024485e+00
8.500225806451581434e+01,1.460322580645150303e+00,-3.712290322580624036e+01,2.632241935483873476e+02,9.218750000000364153e-01,0.000000000000000000e+00,0.000000000000000000e+00,2.943225806451616933e+01,2.869596774193512090e+01,-2.301161290322591668e+01,1.513335483870964460e+01,-1.467300000000004445e+01,-7.050516129032194712e+00,-8.992387096774203670e+00
8.630999999999968963e+01,1.504999999999992788e+00,-3.802249999999980190e+01,2.633618055555552360e+02,8.483870967741857783e-01,0.000000000000000000e+00,0.000000000000000000e+00,2.942499999999996163e+01,3.026424999999964172e+01,-2.286199999999995214e+01,1.528324999999996336e+01,-1.452250000000002217e+01,-7.322749999999937032e+00,-8.815750000000077691e+00
8.763612903225772754e+01,1.545161290322568881e+00,-3.892806451612881347e+01,2.642094982078851899e+02,7.758064516128571064e-01,0.000000000000000000e+00,0.000000000000000000e+00,2.983548387096758248e+01,3.117987096774185929e+01,-2.232645161290351865e+01,1.555896774193538867e+01,-1.455399999999996474e+01,-7.641870967741846599e+00,-8.425354838709786520e+00
8.894387096774160284e+01,1.582580645161278499e+00,-3.984322580645137890e+01,2.643775985663083361e+02,7.548387096774589189e-01,0.000000000000000000e+00,0.000000000000000000e+00,3.032580645161278099e+01,3.076987096774221087e+01,-2.157919354838712067e+01,1.585077419354834838e+01,-1.475306451612897440e+01,-7.888774193548358404e+00,-7.886225806451777842e+00
9.027612903225774232e+01,1.620645161290314773e+00,-4.077870967741912978e+01,2.642940860215053931e+02,7.677419354838654897e-01,0.000000000000000000e+00,0.000000000000000000e+00,3.080967741935472048e+01,3.043893548387089609e+01,-2.198890322580624002e+01,1.605270967741929766e+01,-1.500103225806445550e+01,-8.143032258064419437e+00,-7.194677419355011594e+00
9.158903225806417936e+01,1.659354838709665048e+00,-4.171419354838685933e+01,2.644213261648744719e+02,7.709677419354399319e-01,0.000000000000000000e+00,0.000000000000000000e+00,3.122903225806443928e+01,2.960022580645225432e+01,-2.253567741935483681e+01,1.625270967741931827e+01,-1.522038709677415014e+01,-8.489806451612835758e+00,-6.500483870967909361e+00
9.290903225806420096e+01,1.697741935483858766e+00,-4.264967741935460310e+01,2.644679211469534721e+02,7.864516129032650404e-01,0.000000000000000000e+00,0.000000000000000000e+00,3.127419354838713872e+01,2.850254838709662053e+01,-2.341216129032210702e+01,1.625541935483875022e+01,-1.530641935483871130e+01,-8.699225806451575949e+00,-5.989064516129117166e+00
9.424799999999963518e+01,1.737999999999991552e+00,-4.360199999999976228e+01,2.642977777777777533e+02,7.258064516129403287e-01,0.000000000000000000e+00,0.000000000000000000e+00,3.093000000000012406e+01,2.861830000000007956e+01,-2.618689999999910967e+01,1.607370000000004850e+01,-1.510010000000009178e+01,-8.819999999999975415e+00,-5.684600000000069819e+00
9.555806451612869523e+01,1.770322580645152799e+00,-4.454935483870944068e+01,2.644265232974909168e+02,6.522580645161246693e-01,0.000000000000000000e+00,0.000000000000000000e+00,3.039677419354847743e+01,2.806509677419373006e+01,-2.931151612903159887e+01,1.590612903225810015e+01,-1.473487096774202065e+01,-8.889451612903213729e+00,-5.685999999999920895e+00
9.689064516128998150e+01,1.803225806451604019e+00,-4.551677419354813026e+01,2.647690860215051885e+02,7.367741935483351767e-01,0.000000000000000000e+00,0.000000000000000000e+00,3.010000000000000142e+01,2.705461290322616108e+01,-3.142093548387054724e+01,1.579890322580646966e+01,-1.442812903225814480e+01,-8.930548387096763463e+00,-5.948967741935427433e+00
9.821799999999963404e+01,1.843999999999986317e+00,-4.649199999999972732e+01,2.651383333333332075e+02,8.935483870967209086e-01,0.000000000000000000e+00,0.000000000000000000e+00,2.978000000000017877e+01,2.529460000000059949e+01,-3.302419999999955280e+01,1.570840000000003123e+01,-1.413400000000008205e+01,-8.845000000000059259e+00,-6.162799999999941214e+00
9.952967741935445645e+01,1.892580645161276109e+00,-4.744741935483843065e+01,2.653633512544802784e+02,8.666666666667577346e-01,0.000000000000000000e+00,0.000000000000000000e+00,2.935806451612907964e+01,2.418170967741932031e+01,-3.323487096774233862e+01,1.558719354838713578e+01,-1.395641935483872409e+01,-8.619193548387164228e+00,-6.473870967741812699e+00
1.008539999999996439e+02,1.930666666666662090e+00,-4.841999999999973170e+01,2.652294444444445389e+02,7.675268817203950711e-01,0.000000000000000000e+00,0.000000000000000000e+00,2.919333333333337777e+01,2.430786666666664075e+01,-3.294953333333305068e+01,1.545306666666670026e+01,-1.389820000000002054e+01,-8.382600000000064000e+00,-6.810066666666605428e+00
1.021966666666663031e+02,1.969333333333315617e+00,-4.941999999999972459e+01,2.653514814814811871e+02,8.666666666666134056e-01,0.000000000000000000e+00,0.000000000000000000e+00,2.910000000000000142e+01,2.387946666666696416e+01,-3.399593333333304912e+01,1.550793333333325563e+01,-1.382746666666668567e+01,-8.167400000000052174e+00,-7.039666666666604122e+00
1.035133333333329375e+02,2.017333333333323431e+00,-5.039999999999970726e+01,2.658595370370370006e+02,9.163440860215410488e-01,0.000000000000000000e+00,0.000000000000000000e+00,2.919999999999999929e+01,2.345579999999990051e+01,-3.436826666666678420e+01,1.578816666666658008e+01,-1.366166666666675056e+01,-7.859166666666801859e+00,-7.003000000000103142e+00
1.048461290322576644e+02,2.060967741935469721e+00,-5.138903225806423336e+01,2.661513440860214246e+02,9.266666666666223406e-01,0.000000000000000000e+00,0.000000000000000000e+00,2.940322580645155881e+01,2.369958064516126228e+01,-3.382051612903244120e+01,1.612451612903214837e+01,-1.346174193548390363e+01,-7.401903225806585773e+00,-6.636225806451728104e+00
1.061699999999996180e+02,2.109999999999985665e+00,-5.236666666666637582e+01,2.665361111111109835e+02,9.903225806451620983e-01,0.000000000000000000e+00,0.000000000000000000e+00,2.956666666666662024e+01,2.355833333333346502e+01,-3.350799999999995293e+01,1.648799999999990007e+01,-1.329066666666673946e+01,-6.878333333333512378e+00,-6.174333333333495766e+00
1.075066666666662769e+02,2.159999999999985931e+00,-5.336999999999972033e+01,2.668212962962963388e+02,1.000000000000000888e+00,0.000000000000000000e+00,0.000000000000000000e+00,2.953333333333342736e+01,2.355433333333317591e+01,-3.330633333333351231e+01,1.672999999999996490e+01,-1.294800000000012830e+01,-6.292000000000153470e+00,-5.599000000000164512e+00
1.088399999999996197e+02,2.209999999999985754e+00,-5.437999999999971124e+01,2.667777777777778283e+02,9.999999999999786837e-01,0.000000000000000000e+00,0.000000000000000000e+00,2.910000000000014353e+01,2.482199999999950535e+01,-3.302300000000001745e+01,1.669300000000004047e+01,-1.251100000000012180e+01,-5.749000000000154209e+00,-5.039000000000155133e+00
1.101633333333329148e+02,2.259999999999983800e+00,-5.538666666666634342e+01,2.665712962962963388e+02,1.009999999999986464e+00,0.000000000000000000e+00,0.000000000000000000e+00,2.863333333333338260e+01,2.600266666666664861e+01,-3.215333333333399679e+01,1.648033333333339812e+01,-1.224433333333335661e+01,-5.348333333333404660e+00,-4.639000000000074841e+00
1.115196666666662821e+02,2.310999999999984400e+00,-5.641999999999969617e+01,2.665009259259258556e+02,1.010000000000013110e+00,0.000000000000000000e+00,0.000000000000000000e+00,2.846333333333338445e+01,2.690089999999943160e+01,-3.087966666666675764e+01,1.625966666666673888e+01,-1.229899999999994087e+01,-5.158833333333377347e+00,-4.519399999999993867e+00
1.128463333333329359e+02,2.360999999999985111e+00,-5.743033333333303148e+01,2.667089814814813735e+02,1.069999999999944329e+00,0.000000000000000000e+00,0.000000000000000000e+00,2.860666666666656965e+01,2.807649999999992829e+01,-2.968516666666731751e+01,1.611550000000000793e+01,-1.258803333333321639e+01,-5.073900000000000965e+00,-4.526066666666665128e+00
1.141699999999995754e+02,2.417999999999978833e+00,-5.845399999999968088e+01,2.668441666666666947e+02,1.109999999999979892e+00,0.000000000000000000e+00,0.000000000000000000e+00,2.914999999999973568e+01,2.716890000000078942e+01,-2.774270000000051084e+01,1.618919999999993209e+01,-1.306739999999981272e+01,-5.161999999999930644e+00,-4.588899999999953572e+00
1.155159999999995648e+02,2.471999999999983100e+00,-5.949399999999965161e+01,2.669227777777776396e+02,1.040000000000058655e+00,0.000000000000000000e+00,0.000000000000000000e+00,2.999999999999971934e+01,2.569380000000008479e+01,-2.618960000000048893e+01,1.645519999999989125e+01,-1.363339999999982410e+01,-5.445999999999880714e+00,-4.614800000000038871e+00
1.168426666666662612e+02,2.521999999999984698e+00,-6.052066666666635086e+01,2.671899999999998840e+02,1.083448275862020083e+00,0.000000000000000000e+00,0.000000000000000000e+00,3.073333333333307493e+01,2.491293333333376481e+01,-2.506006666666689853e+01,1.679533333333322176e+01,-1.410546666666654048e+01,-5.818866666666544063e+00,-4.455333333333400425e+00
1.181793103448271580e+02,2.580344827586185108e+00,-6.156034482758587245e+01,2.673875478927202494e+02,1.114482758620676250e+00,0.000000000000000000e+00,0.000000000000000000e+00,3.135172413793092971e+01,2.370468965517271442e+01,-2.492093103448256031e+01,1.709158620689648345e+01,-1.439744827586202369e+01,-6.160862068965431426e+00,-4.106413793103610210e+00
1.195141379310340426e+02,2.633448275862052324e+00,-6.259344827586173210e+01,2.676450191570879724e+02,1.136551724137966346e+00,0.000000000000000000e+00,0.000000000000000000e+00,3.160000000000000142e+01,2.265500000000038483e+01,-2.502048275862086157e+01,1.720331034482758881e+01,-1.451934482758617406e+01,-6.294724137931042129e+00,-3.720448275862148879e+00
1.208553333333328368e+02,2.693999999999981743e+00,-6.362266666666629078e+01,2.679457407407406322e+02,1.113793103448270649e+00,0.000000000000000000e+00,0.000000000000000000e+00,3.146000000000018559e+01,2.202280000000000015e+01,-2.546346666666610048e+01,1.708793333333341735e+01,-1.444193333333343787e+01,-6.166866666666757979e+00,-3.275866666666912064e+00
1.221937931034478169e+02,2.744827586206879388e+00,-6.466482758620654181e+01,2.680467432950190982e+02,1.115172413793126260e+00,0.000000000000000000e+00,0.000000000000000000e+00,3.086896551724160886e+01,2.155627586206929180e+01,-2.666548275862041706e+01,1.677365517241392823e+01,-1.414303448275872555e+01,-5.776965517241560377e+00,-2.722896551724278691e+00
1.235386206896547634e+02,2.805517241379294369e+00,-6.569551724137897963e+01,2.677646551724139954e+02,1.255172413792973174e+00,0.000000000000000000e+00,0.000000000000000000e+00,3.029655172413804110e+01,2.106096551724134969e+01,-2.698503448275868166e+01,1.637744827586219287e+01,-1.406796551724131916e+01,-5.224724137931212375e+00,-2.505448275862070417e+00
1.248734482758616053e+02,2.870344827586176706e+00,-6.672620689655134640e+01,2.676631226053638102e+02,1.314827586206877008e+00,0.000000000000000000e+00,0.000000000000000000e+00,2.997931034482764545e+01,2.110655172413793679e+01,-2.679341379310352167e+01,1.607179310344834633e+01,-1.426058620689648393e+01,-4.811448275862152180e+00,-2.500379310344829076e+00
1.262199999999995157e+02,2.936999999999982069e+00,-6.776799999999963120e+01,2.677844444444445458e+02,1.336551724137997610e+00,0.000000000000000000e+00,0.000000000000000000e+00,2.981000000000005912e+01,2.099210000000007170e+01,-2.660130000000006234e+01,1.592770000000003527e+01,-1.445269999999993260e+01,-4.767699999999956972e+00,-2.495300000000002072e+00
1.275639999999995240e+02,3.003999999999976467e+00,-6.880599999999964211e+01,2.674833333333334053e+02,1.323103448275859684e+00,0.000000000000000000e+00,0.000000000000000000e+00,2.974000000000005883e+01,2.076180000000008263e+01,-2.640920000000006240e+01,1.584420000000002737e+01,-1.464639999999993236e+01,-4.939799999999938684e+00,-2.489200000000001634e+00
1.289251724137926374e+02,3.069310344827568038e+00,-6.984931034482721657e+01,2.674075670498083355e+02,1.259999999999998899e+00,0.000000000000000000e+00,0.000000000000000000e+00,2.969999999999999929e+01,1.978613793103512819e+01,-2.621593103448282847e+01,1.577568965517243171e+01,-1.484037931034475832e+01,-5.329068965517016920e+00,-2.484068965517243210e+00
1.302599999999995362e+02,3.129999999999976357e+00,-7.088999999999963109e+01,2.675749999999999318e+02,1.296551724137855466e+00,0.000000000000000000e+00,0.000000000000000000e+00,2.960000000000006537e+01,1.861200000000025057e+01,-2.602600000000006730e+01,1.571300000000002406e+01,-1.503199999999993253e+01,-5.873999999999830024e+00,-2.479000000000001869e+00
1.316220689655167462e+02,3.198965517241353584e+00,-7.194896551724097833e+01,2.677214559386972610e+02,1.259999999999994458e+00,0.000000000000000000e+00,0.000000000000000000e+00,2.952758620689661129e+01,1.819748275862084341e+01,-2.583117241379317619e+01,1.563296551724140926e+01,-1.522782758620682486e+01,-6.326724137930865410e+00,-2.473827586206898577e+00
1.329419999999995241e+02,3.255999999999975802e+00,-7.299199999999962074e+01,2.678611111111110290e+02,1.140344827586288190e+00,0.000000000000000000e+00,0.000000000000000000e+00,2.967999999999987892e+01,1.785480000000009682e+01,-2.564140000000006836e+01,1.545260000000010869e+01,-1.541859999999993214e+01,-6.616799999999960491e+00,-2.468800000000002104e+00
1.342679999999995459e+02,3.312999999999982403e+00,-7.405199999999963723e+01,2.680030555555554770e+02,1.077931034482815242e+00,0.000000000000000000e+00,0.000000000000000000e+00,3.011999999999988376e+01,1.757880000000009346e+01,-2.544770000000006505e+01,1.514500000000010616e+01,-1.561339999999993289e+01,-6.730799999999960370e+00,-2.463700000000001555e+00
1.355886206896546753e+02,3.363793103448257327e+00,-7.510965517241339739e+01,2.681466475095784858e+02,1.114827586206863508e+00,0.000000000000000000e+00,0.000000000000000000e+00,3.053793103448256829e+01,1.730451724137941127e+01,-2.525558620689662348e+01,1.483944827586218196e+01,-1.580641379310337769e+01,-6.845137931034440903e+00,-2.458620689655174552e+00
1.369065517241373868e+02,3.424482758620668754e+00,-7.616413793103404828e+01,2.682874521072796483e+02,1.112068965517236663e+00,0.000000000000000000e+00,0.000000000000000000e+00,3.094482758620668861e+01,1.703079310344838859e+01,-2.506344827586214663e+01,1.453462068965530030e+01,-1.599903448275854245e+01,-6.958344827586160797e+00,-2.452551724137933320e+00
1.382199999999995157e+02,3.474999999999980993e+00,-7.721333333333295457e+01,2.684277777777777487e+02,1.099999999999972111e+00,0.000000000000000000e+00,0.000000000000000000e+00,3.133333333333320780e+01,1.675800000000010215e+01,-2.487216666666673603e+01,1.423100000000011178e+01,-1.619099999999993145e+01,-7.072166666666625190e+00,-2.447500000000002007e+00
1.395424137931029804e+02,3.534482758620665965e+00,-7.827310344827549216e+01,2.685690613026819165e+02,1.170689655172334476e+00,0.000000000000000000e+00,0.000000000000000000e+00,3.175862068965499674e+01,1.648334482758630415e+01,-2.467972413793110320e+01,1.392496551724148723e+01,-1.638513793103441429e+01,-7.185758620689615128e+00,-2.442413793103450192e+00
1.408603448275856920e+02,3.592068965517214441e+00,-7.932206896551682007e+01,2.685059386973181290e+02,1.161839080459738938e+00,0.000000000000000000e+00,0.000000000000000000e+00,3.194482758620695861e+01,1.621017241379321305e+01,-2.403068965517288547e+01,1.362068965517253538e+01,-1.645737931034485513e+01,-7.298965517241334133e+00,-2.349000000000077915e+00
1.422006666666661374e+02,3.650666666666639859e+00,-8.038533333333290898e+01,2.683807407407406913e+02,1.265517241379310320e+00,0.000000000000000000e+00,0.000000000000000000e+00,3.192666666666659836e+01,1.593433333333343960e+01,-2.295526666666702909e+01,1.331326666666678804e+01,-1.644733333333330805e+01,-7.413866666666621086e+00,-2.345933333333245052e+00
1.435331034482753410e+02,3.718620689655145473e+00,-8.144827586206855585e+01,2.683336206896552198e+02,1.360000000000010090e+00,0.000000000000000000e+00,0.000000000000000000e+00,3.200000000000000000e+01,1.566155172413803776e+01,-2.213131034482788095e+01,1.301013793103460081e+01,-1.648458620689654452e+01,-7.527689655172370209e+00,-2.745172413792897004e+00
1.448599999999995021e+02,3.786666666666640868e+00,-8.250333333333293240e+01,2.680379629629630927e+02,1.327586206896609333e+00,0.000000000000000000e+00,0.000000000000000000e+00,3.193333333333339752e+01,1.538866666666676863e+01,-2.078933333333410260e+01,1.270566666666677946e+01,-1.641566666666672702e+01,-7.640666666666623641e+00,-3.410999999999725141e+00
1.461958620689649706e+02,3.851379310344806406e+00,-8.356896551724094024e+01,2.678571839080459540e+02,1.260919540229861191e+00,0.000000000000000000e+00,0.000000000000000000e+00,3.162413793103462112e+01,1.511293103448287134e+01,-1.949789655172428127e+01,1.239872413793115946e+01,-1.615896551724152630e+01,-7.755413793103401510e+00,-4.189931034482425432e+00
1.475137931034477390e+02,3.912758620689626987e+00,-8.462344827586161955e+01,2.679051724137931387e+02,1.303448275862009176e+00,0.000000000000000000e+00,0.000000000000000000e+00,3.117931034482780106e+01,1.484189655172425226e+01,-1.871534482758676177e+01,1.209572413793116219e+01,-1.574982758620709689e+01,-7.867620689655124622e+00,-5.140862068965043719e+00
1.488586206896546571e+02,3.981724137931007323e+00,-8.570965517241336329e+01,2.678977969348658803e+02,1.422413793103407542e+00,0.000000000000000000e+00,0.000000000000000000e+00,3.066206896551744521e+01,1.456431034482769604e+01,-1.737317241379363608e+01,1.178803448275874466e+01,-1.526972413793122385e+01,-7.983137931034437251e+00,-6.287413793102994752e+00
1.501899999999995146e+02,4.054999999999967741e+00,-8.676999999999959812e+01,2.676569444444446617e+02,1.486206896551629519e+00,0.000000000000000000e+00,0.000000000000000000e+00,3.010000000000026077e+01,1.429100000000010340e+01,-1.600200000000054246e+01,1.148250000000011539e+01,-1.473400000000023269e+01,-8.096499999999956287e+00,-7.266999999999695703e+00
1.515213793103442583e+02,4.130344827586170275e+00,-8.783827586206851379e+01,2.682604406130259918e+02,1.510000000000033538e+00,0.000000000000000000e+00,0.000000000000000000e+00,2.953793103448297686e+01,1.401668965517253085e+01,-1.557575862068934391e+01,1.117796551724150866e+01,-1.418020689655193678e+01,-8.210655172413744651e+00,-8.127965517240983928e+00
1.528419999999994161e+02,4.205999999999971095e+00,-8.888799999999956469e+01,2.701416666666658557e+02,1.746551724137770378e+00,0.000000000000000000e+00,0.000000000000000000e+00,2.903000000000021075e+01,1.374500000000011646e+01,-1.630209999999969028e+01,1.087490000000012813e+01,-1.369000000000020734e+01,-8.323299999999951737e+00,-9.052399999999607871e+00
1.542371428571422598e+02,4.304999999999947313e+00,-8.993642857142813796e+01,2.722013888888880047e+02,2.239999999999779945e+00,0.000000000000000000e+00,0.000000000000000000e+00,2.688571428571593103e+01,1.347000000000011433e+01,-1.567392857142951001e+01,1.056842857142870074e+01,-1.284578571428624016e+01,-8.438142857142809206e+00,-1.013064285714233392e+01
1.557014285714279822e+02,4.429999999999949090e+00,-9.095428571428527675e+01,2.744583333333324617e+02,2.374137931034576710e+00,0.000000000000000000e+00,0.000000000000000000e+00,2.281428571428738294e+01,1.319500000000011042e+01,-1.342785714285805554e+01,1.026228571428583969e+01,-1.158685714285765123e+01,-8.551428571428523639e+00,-1.138242857142806486e+01
1.571234482758615059e+02,4.542413793103404984e+00,-9.201827586206852061e+01,2.766913793103439048e+02,1.600000000000507683e+00,0.000000000000000000e+00,0.000000000000000000e+00,1.989310344827659094e+01,1.320148275862055520e+01,-8.467689655175734131e+00,8.477206896553155957e+00,-1.008748275862141774e+01,-8.671896551724085356e+00,-1.221072413793089417e+01
1.584948275862062985e+02,4.589999999999999858e+00,-9.306862068965472190e+01,2.762529693486601445e+02,1.390147783250741398e+00,0.000000000000000000e+00,0.000000000000000000e+00,1.574827586207169539e+01,1.352775862068951085e+01,-1.833965517243830501e+00,5.028655172415328778e+00,-8.317206896552516326e+00,-8.797896551724083025e+00,-1.117220689655269439e+01
1.598792857142851176e+02,4.681428571428479124e+00,-9.413749999999951967e+01,2.764095238095219997e+02,1.464516129032800151e+00,0.000000000000000000e+00,0.000000000000000000e+00,1.051071428571574629e+01,1.282978571428652437e+01,3.277857142854979422e+00,1.786928571429844848e+00,-6.531250000000759393e+00,-9.093928571428360641e+00,-8.605678571429667301e+00
1.612412903225801131e+02,4.736451612903279873e+00,-9.521580645161247958e+01,2.743539426523336147e+02,5.190476190478054974e-01,0.000000000000000000e+00,0.000000000000000000e+00,5.890322580647589845e+00,1.090735483871046618e+01,5.608354838710090107e+00,-1.236032258063274103e+00,-4.863193548387717335e+00,-9.593903225806245771e+00,-8.705258064514767469e+00
1.625940740740734327e+02,4.733333333333259674e+00,-9.629481481481430194e+01,2.704954732510274766e+02,1.014794215794543319e+00,0.000000000000000000e+00,0.000000000000000000e+00,1.966666666667397090e+00,8.981555555556411718e+00,4.599074074074522400e+00,-3.256555555555185055e+00,-3.347888888889563486e+00,-1.297448148147847213e+01,-1.203092592592444632e+01
1.639668965517235222e+02,4.837931034482734205e+00,-9.744517241379256234e+01,2.656784482758674812e+02,1.514814814815386157e+00,0.000000000000000000e+00,0.000000000000000000e+00,2.037931034482021175e+00,7.129551724138769586e+00,3.818896551724409782e+00,-3.492310344827720403e+00,-1.585137931035411230e+00,-2.007879310344479862e+01,-1.999224137930470135e+01
1.653085185185179284e+02,4.884814814814798289e+00,-9.854222222222176697e+01,2.638509259259205351e+02,9.376756066412816892e-01,0.000000000000000000e+00,0.000000000000000000e+00,3.692592592591926071e+00,5.333185185185989496e+00,3.731333333333138214e+00,-3.048740740740942812e+00,8.685925925912958423e-01,-2.768566666666326270e+01,-2.876829629629476770e+01
