Time,Position,Height above ground [m],X [m],Y [m],Z [m],Opening Angle [°],Stalling Angle Left [°],Stalling Angle Right [°],Roll Angle Left [°],Roll Angle Right [°],Yaw Angle Left [°],Yaw Angle Right [°],Speed hor. [km/h],Speed vert. [km/h],Speed resulting [km/h],W1_Speed,W1_Tangent,W1_Turbulence,W1_CleanTan,W1_Cross,W2_Speed,W2_Tangent,W2_Turbulence,W2_CleanTan,W2_Cross,W3_Speed,W3_Tangent,W3_Turbulence,W3_CleanTan,W3_Cross,W4_Speed,W4_Tangent,W4_Turbulence,W4_CleanTan,W4_Cross,W5_Speed,W5_Tangent,W5_Turbulence,W5_CleanTan,W5_Cross,W6_Speed,W6_Tangent,W6_Turbulence,W6_CleanTan,W6_Cross,W7_Speed,W7_Tangent,W7_Turbulence,W7_CleanTan,W7_Cross,W8_Speed,W8_Tangent,W8_Turbulence,W8_CleanTan,W8_Cross,W9_Speed,W9_Tangent,W9_Turbulence,W9_CleanTan,W9_Cross,W10_Speed,W10_Tangent,W10_Turbulence,W10_CleanTan,W10_Cross,W11_Speed,W11_Tangent,W11_Turbulence,W11_CleanTan,W11_Cross,W12_Speed,W12_Tangent,W12_Turbulence,W12_CleanTan,W12_Cross,W1_Speed_quad,W2_Speed_quad,W3_Speed_quad,W4_Speed_quad,W5_Speed_quad,W6_Speed_quad,W7_Speed_quad,W8_Speed_quad,W9_Speed_quad,W10_Speed_quad,W11_Speed_quad,W12_Speed_quad,W1_Tangent_quad,W2_Tangent_quad,W3_Tangent_quad,W4_Tangent_quad,W5_Tangent_quad,W6_Tangent_quad,W7_Tangent_quad,W8_Tangent_quad,W9_Tangent_quad,W10_Tangent_quad,W11_Tangent_quad,W12_Tangent_quad,W1_Cross_quad,W2_Cross_quad,W3_Cross_quad,W4_Cross_quad,W5_Cross_quad,W6_Cross_quad,W7_Cross_quad,W8_Cross_quad,W9_Cross_quad,W10_Cross_quad,W11_Cross_quad,W12_Cross_quad,W1_Turbulence_quad,W2_Turbulence_quad,W3_Turbulence_quad,W4_Turbulence_quad,W5_Turbulence_quad,W6_Turbulence_quad,W7_Turbulence_quad,W8_Turbulence_quad,W9_Turbulence_quad,W10_Turbulence_quad,W11_Turbulence_quad,W12_Turbulence_quad
4.337,1.0,2.89,1.29,0.0,-0.2,3.7,-10.024,-9.452,-4.271,3.826,2.315,-1.46,93.895,-11.88,94.644,0.3,0.22,0.12,0.22,0.26,0.8,0.3,0.03,0.3,0.75,0.4,0.23,0.01,0.23,0.17,0.8,0.25,0.05,0.25,0.69,0.4,0.03,0.04,0.03,0.07,0.9,0.09,0.45,0.09,0.86,1.9,1.51,0.31,1.51,1.09,1.4,1.03,0.02,1.03,0.9,0.7,0.67,0.09,0.67,0.0,0.7,0.65,0.03,0.65,0.15,1.0,-0.59,0.11,-0.59,0.68,0.3,-0.21,0.03,-0.21,0.14,0.09,0.6400000000000001,0.16,0.6400000000000001,0.16,0.81,3.61,1.96,0.4899999999999999,0.4899999999999999,1.0,0.09,0.0484,0.09,0.0529,0.0625,0.0009,0.0081,2.2801,1.0609,0.4489000000000001,0.4225,0.3480999999999999,0.0440999999999999,0.0676,0.5625,0.0289,0.4760999999999999,0.0049,0.7395999999999999,1.1881000000000002,0.81,0.0,0.0225,0.4624000000000001,0.0196,0.0144,0.0009,0.0001,0.0025,0.0016,0.2025,0.0961,0.0004,0.0081,0.0009,0.0121,0.0009
4.387,1.5223880597014872,2.895223880597015,1.8594029850746208,0.0,-0.2679104477611933,4.849253731343271,-8.936388059701503,-7.748492537313451,-2.2712985074627077,2.1810000000000174,3.227611940298498,-1.701343283582087,94.2831343283582,-10.738059701492551,94.89944776119403,0.3522388059701487,0.20955223880597026,0.10432835820895539,0.20955223880597026,0.2756716417910446,0.8,0.2947761194029851,0.02477611940298513,0.2947761194029851,0.7395522388059702,0.4,0.23522388059701488,0.01,0.23522388059701488,0.15955223880597028,0.8,0.23955223880597026,0.06567164179104461,0.23955223880597026,0.7108955223880594,0.4,-0.027462686567163573,0.04522388059701487,-0.027462686567163573,0.05955223880597026,0.9,0.10044776119402973,0.42910447761194054,0.10044776119402973,0.8547761194029851,1.9,1.5361194029850744,0.3152238805970149,1.5361194029850744,1.1213432835820891,1.4,1.0456716417910445,0.00955223880597026,1.0456716417910445,0.9052238805970149,0.7522388059701487,0.6961194029850744,0.10044776119402973,0.6961194029850744,0.00522388059701487,0.7,0.65,0.03,0.65,0.13955223880597026,1.0,-0.59,0.12044776119402974,-0.59,0.6956716417910446,0.3,-0.21,0.02477611940298513,-0.21,0.13477611940298515,0.12656716417910407,0.6400000000000001,0.16,0.6400000000000001,0.16,0.81,3.61,1.96,0.568358208955223,0.4899999999999999,1.0,0.09,0.04401194029850751,0.08691791044776122,0.055355223880596986,0.05748507462686572,0.0037731343283581792,0.010189552238805948,2.360286567164178,1.0936537313432833,0.4852059701492534,0.4225,0.3480999999999999,0.0440999999999999,0.07621940298507453,0.5470373134328359,0.02555671641791048,0.5057716417910444,0.003646268656716431,0.7306671641791045,1.2583089552238798,0.819455223880597,5.2238805970148704e-05,0.01957462686567167,0.48418358208955203,0.018189552238805983,0.011108955223880631,0.0006388059701492564,0.0001,0.0045373134328358,0.0020701492537313383,0.1845298507462688,0.09939104477611937,0.0001910447761194052,0.010189552238805948,0.0009,0.014607462686567136,0.0006388059701492564
4.436999999999999,4.5050505050505025,3.035252525252525,4.980202020202017,0.0,-0.6307070707070703,13.318181818181808,3.9535252525252407,7.85821212121211,5.558525252525248,-1.9576767676767621,9.651545454545447,-3.8303232323232286,95.27414141414141,-13.327747474747474,96.20202020202021,0.3505050505050502,0.20989898989898997,0.10484848484848493,0.20989898989898997,0.27515151515151504,0.8,0.29494949494949496,0.02494949494949498,0.29494949494949496,0.73989898989899,0.4,0.235050505050505,0.01,0.235050505050505,0.15989898989898996,0.8,0.23989898989898997,0.06515151515151507,0.23989898989898997,0.7102020202020201,0.4,-0.02555555555555525,0.04505050505050502,-0.02555555555555525,0.05989898989898996,0.9,0.10010101010101004,0.4297979797979799,0.10010101010101004,0.854949494949495,1.9,1.535252525252525,0.315050505050505,1.535252525252525,1.1203030303030301,1.4,1.0451515151515152,0.009898989898989954,1.0451515151515152,0.905050505050505,0.7505050505050502,0.6952525252525251,0.10010101010101004,0.6952525252525251,0.005050505050505023,0.7,0.65,0.03,0.65,0.13989898989898997,1.0,-0.59,0.12010101010101004,-0.59,0.6951515151515151,0.3,-0.21,0.02494949494949498,-0.21,0.13494949494949499,0.12535353535353516,0.6400000000000001,0.16,0.6400000000000001,0.16,0.81,3.61,1.96,0.5657575757575753,0.4899999999999999,1.0,0.09,0.044157575757575784,0.08702020202020203,0.055273737373737364,0.05765151515151518,0.0036777777777777625,0.010120202020202008,2.3576252525252523,1.0925666666666665,0.48400101010100993,0.4225,0.3480999999999999,0.0440999999999999,0.07593333333333328,0.5475505050505051,0.025667676767676784,0.5047868686868684,0.0036878787878787947,0.7309636363636364,1.2559787878787874,0.8191414141414142,5.050505050505023e-05,0.019671717171717187,0.483460606060606,0.018236363636363644,0.011218181818181835,0.0006474747474747489,0.0001,0.004469696969696959,0.002054545454545452,0.18512626262626267,0.09928181818181817,0.0001979797979797991,0.010120202020202008,0.0009,0.01452424242424241,0.0006474747474747489
4.486999999999999,4.757575757575753,3.047878787878788,5.240303030303026,0.0,-0.6660606060606055,14.227272727272712,5.02978787878786,8.843818181818165,5.984787878787872,-2.466515151515143,10.278818181818172,-4.171484848484843,95.28121212121212,-13.46512121212121,96.22803030303031,0.37575757575757535,0.20484848484848495,0.0972727272727274,0.20484848484848495,0.2827272727272726,0.8,0.2924242424242425,0.022424242424242468,0.2924242424242425,0.734848484848485,0.4,0.23757575757575752,0.01,0.23757575757575752,0.15484848484848493,0.8,0.23484848484848495,0.07272727272727261,0.23484848484848495,0.7203030303030301,0.4,-0.05333333333333287,0.047575757575757535,-0.05333333333333287,0.05484848484848494,0.9,0.10515151515151507,0.41969696969696985,0.10515151515151507,0.8524242424242424,1.9,1.5478787878787876,0.3175757575757575,1.5478787878787876,1.1354545454545453,1.4,1.0527272727272727,0.004848484848484932,1.0527272727272727,0.9075757575757576,0.7757575757575754,0.7078787878787877,0.10515151515151507,0.7078787878787877,0.007575757575757534,0.7,0.65,0.03,0.65,0.13484848484848494,1.0,-0.59,0.12515151515151507,-0.59,0.7027272727272726,0.3,-0.21,0.022424242424242468,-0.21,0.13242424242424247,0.14303030303030273,0.6400000000000001,0.16,0.6400000000000001,0.16,0.81,3.61,1.96,0.6036363636363631,0.4899999999999999,1.0,0.09,0.04203636363636367,0.08553030303030305,0.05646060606060604,0.05522727272727277,0.005066666666666644,0.011130303030303013,2.3963878787878783,1.1083999999999998,0.5015515151515149,0.4225,0.3480999999999999,0.0440999999999999,0.08009999999999992,0.5400757575757577,0.024051515151515178,0.5191303030303027,0.003081818181818192,0.7266454545454546,1.289918181818181,0.8237121212121212,7.575757575757534e-05,0.018257575757575778,0.4939909090909089,0.017554545454545465,0.009627272727272753,0.0005212121212121233,0.0001,0.005454545454545438,0.0022818181818181783,0.176439393939394,0.10087272727272725,9.696969696969867e-05,0.011130303030303013,0.0009,0.015736363636363614,0.0005212121212121233
4.536999999999999,5.0487804878048514,3.063902439024388,5.540731707317046,-0.0004878048780485163,-0.7063414634146307,15.28048780487795,6.27163414634135,9.981073170731603,6.476585365853614,-3.053682926829215,11.002609756097495,-4.565146341463379,95.28936585365854,-13.623585365853645,96.25821951219513,0.4,0.2,0.09,0.2,0.29,0.8,0.29,0.02,0.29,0.73,0.4,0.24,0.01,0.24,0.15,0.8,0.23,0.08,0.23,0.73,0.4,-0.08,0.05,-0.08,0.05,0.9,0.11,0.41,0.11,0.85,1.9,1.56,0.32,1.56,1.15,1.4,1.06,0.0,1.06,0.91,0.8,0.72,0.11,0.72,0.01,0.7,0.65,0.03,0.65,0.13,1.0,-0.59,0.13,-0.59,0.71,0.3,-0.21,0.02,-0.21,0.13,0.16,0.6400000000000001,0.16,0.6400000000000001,0.16,0.81,3.61,1.96,0.6400000000000001,0.4899999999999999,1.0,0.09,0.04,0.0841,0.0576,0.0529,0.0064,0.0121,2.4336,1.1236000000000002,0.5184,0.4225,0.3480999999999999,0.0440999999999999,0.0841,0.5328999999999999,0.0225,0.5328999999999999,0.0025,0.7224999999999999,1.3224999999999998,0.8281000000000001,0.0001,0.0169,0.5041,0.0169,0.0081,0.0004,0.0001,0.0064,0.0025,0.1680999999999999,0.1024,0.0,0.0121,0.0009,0.0169,0.0004
4.586999999999999,6.282051282051258,3.156923076923076,6.820512820512796,-0.01,-0.8779487179487139,19.81538461538453,10.974051282051228,13.971846153846132,8.39387179487177,-5.496692307692263,13.94797435897431,-6.351974358974317,95.32389743589744,-14.459025641025613,96.41641025641024,0.4,0.2,0.09,0.2,0.29,0.8,0.29,0.02,0.29,0.73,0.4,0.24,0.01,0.24,0.15,0.8,0.23,0.08,0.23,0.73,0.4,-0.08,0.05,-0.08,0.05,0.9,0.11,0.41,0.11,0.85,1.9,1.56,0.32,1.56,1.15,1.4,1.06,0.0,1.06,0.91,0.8,0.72,0.11,0.72,0.01,0.7,0.65,0.03,0.65,0.13,1.0,-0.59,0.13,-0.59,0.71,0.3,-0.21,0.02,-0.21,0.13,0.16,0.6400000000000001,0.16,0.6400000000000001,0.16,0.81,3.61,1.96,0.6400000000000001,0.4899999999999999,1.0,0.09,0.04,0.0841,0.0576,0.0529,0.0064,0.0121,2.4336,1.1236000000000002,0.5184,0.4225,0.3480999999999999,0.0440999999999999,0.0841,0.5328999999999999,0.0225,0.5328999999999999,0.0025,0.7224999999999999,1.3224999999999998,0.8281000000000001,0.0001,0.0169,0.5041,0.0169,0.0081,0.0004,0.0001,0.0064,0.0025,0.1680999999999999,0.1024,0.0,0.0121,0.0009,0.0169,0.0004
4.636999999999999,7.564102564102529,3.2338461538461516,8.141025641025605,-0.01564102564102529,-1.0958974358974298,24.035897435897333,13.354051282051234,14.474512820512832,9.829358974358934,-7.916999999999931,16.124282051282005,-8.619974358974297,95.3462564102564,-16.1358461538461,96.70723076923076,0.4,0.2,0.09,0.2,0.29,0.8,0.29,0.02,0.29,0.73,0.4,0.24,0.01,0.24,0.15,0.8,0.23,0.08,0.23,0.73,0.4,-0.08,0.05,-0.08,0.05,0.9,0.11,0.41,0.11,0.85,1.9,1.56,0.32,1.56,1.15,1.4,1.06,0.0,1.06,0.91,0.8,0.72,0.11,0.72,0.01,0.7,0.65,0.03,0.65,0.13,1.0,-0.59,0.13,-0.59,0.71,0.3,-0.21,0.02,-0.21,0.13,0.16,0.6400000000000001,0.16,0.6400000000000001,0.16,0.81,3.61,1.96,0.6400000000000001,0.4899999999999999,1.0,0.09,0.04,0.0841,0.0576,0.0529,0.0064,0.0121,2.4336,1.1236000000000002,0.5184,0.4225,0.3480999999999999,0.0440999999999999,0.0841,0.5328999999999999,0.0225,0.5328999999999999,0.0025,0.7224999999999999,1.3224999999999998,0.8281000000000001,0.0001,0.0169,0.5041,0.0169,0.0081,0.0004,0.0001,0.0064,0.0025,0.1680999999999999,0.1024,0.0,0.0121,0.0009,0.0169,0.0004
4.6869999999999985,8.846153846153817,3.3107692307692287,9.46153846153843,-0.028461538461538163,-1.3307692307692252,26.823076923076872,14.758307692307664,13.819923076923095,11.838615384615332,-10.402615384615327,16.990076923076913,-10.695538461538415,95.31923076923077,-18.13138461538457,97.0316923076923,0.4,0.2,0.09,0.2,0.29,0.8,0.29,0.02,0.29,0.73,0.4,0.24,0.01,0.24,0.15,0.8,0.23,0.08,0.23,0.73,0.4,-0.08,0.05,-0.08,0.05,0.9,0.11,0.41,0.11,0.85,1.9,1.56,0.32,1.56,1.15,1.4,1.06,0.0,1.06,0.91,0.8,0.72,0.11,0.72,0.01,0.7,0.65,0.03,0.65,0.13,1.0,-0.59,0.13,-0.59,0.71,0.3,-0.21,0.02,-0.21,0.13,0.16,0.6400000000000001,0.16,0.6400000000000001,0.16,0.81,3.61,1.96,0.6400000000000001,0.4899999999999999,1.0,0.09,0.04,0.0841,0.0576,0.0529,0.0064,0.0121,2.4336,1.1236000000000002,0.5184,0.4225,0.3480999999999999,0.0440999999999999,0.0841,0.5328999999999999,0.0225,0.5328999999999999,0.0025,0.7224999999999999,1.3224999999999998,0.8281000000000001,0.0001,0.0169,0.5041,0.0169,0.0081,0.0004,0.0001,0.0064,0.0025,0.1680999999999999,0.1024,0.0,0.0121,0.0009,0.0169,0.0004
4.736999999999998,10.153846153846116,3.399230769230767,10.786923076923038,-0.031538461538461154,-1.5923076923076842,27.846153846153886,14.102846153846198,11.729615384615427,15.635999999999882,-11.641538461538328,16.4658461538462,-12.136999999999999,95.25046153846154,-18.688538461538432,97.07076923076923,0.4,0.2,0.09,0.2,0.29,0.8,0.29,0.02,0.29,0.73,0.4,0.24,0.01,0.24,0.15,0.8,0.23,0.08,0.23,0.73,0.4,-0.08,0.05,-0.08,0.05,0.9,0.11,0.41,0.11,0.85,1.9,1.56,0.32,1.56,1.15,1.4,1.06,0.0,1.06,0.91,0.8,0.72,0.11,0.72,0.01,0.7,0.65,0.03,0.65,0.13,1.0,-0.59,0.13,-0.59,0.71,0.3,-0.21,0.02,-0.21,0.13,0.16,0.6400000000000001,0.16,0.6400000000000001,0.16,0.81,3.61,1.96,0.6400000000000001,0.4899999999999999,1.0,0.09,0.04,0.0841,0.0576,0.0529,0.0064,0.0121,2.4336,1.1236000000000002,0.5184,0.4225,0.3480999999999999,0.0440999999999999,0.0841,0.5328999999999999,0.0225,0.5328999999999999,0.0025,0.7224999999999999,1.3224999999999998,0.8281000000000001,0.0001,0.0169,0.5041,0.0169,0.0081,0.0004,0.0001,0.0064,0.0025,0.1680999999999999,0.1024,0.0,0.0121,0.0009,0.0169,0.0004
4.786999999999998,11.447368421052591,3.4857894736842074,12.106315789473642,-0.04447368421052591,-1.8639473684210441,26.32894736842111,12.653236842105311,10.381315789473723,19.621342105263032,-16.34865789473668,14.801289473684268,-12.077131578947377,95.31373684210526,-19.702921052631545,97.33234210526315,0.4,0.2,0.09,0.2,0.29,0.8,0.29,0.02,0.29,0.73,0.4,0.24,0.01,0.24,0.15,0.8,0.23,0.08,0.23,0.73,0.4,-0.08,0.05,-0.08,0.05,0.9,0.11,0.41,0.11,0.85,1.9,1.56,0.32,1.56,1.15,1.4,1.06,0.0,1.06,0.91,0.8,0.72,0.11,0.72,0.01,0.7,0.65,0.03,0.65,0.13,1.0,-0.59,0.13,-0.59,0.71,0.3,-0.21,0.02,-0.21,0.13,0.16,0.6400000000000001,0.16,0.6400000000000001,0.16,0.81,3.61,1.96,0.6400000000000001,0.4899999999999999,1.0,0.09,0.04,0.0841,0.0576,0.0529,0.0064,0.0121,2.4336,1.1236000000000002,0.5184,0.4225,0.3480999999999999,0.0440999999999999,0.0841,0.5328999999999999,0.0225,0.5328999999999999,0.0025,0.7224999999999999,1.3224999999999998,0.8281000000000001,0.0001,0.0169,0.5041,0.0169,0.0081,0.0004,0.0001,0.0064,0.0025,0.1680999999999999,0.1024,0.0,0.0121,0.0009,0.0169,0.0004
4.836999999999998,12.763157894736787,3.591052631578943,13.440789473684156,-0.05,-2.1478947368420935,24.355263157894818,11.030447368421122,9.23560526315794,23.454736842105113,-21.074236842105083,12.998342105263232,-11.753157894736857,95.40142105263158,-20.918131578947314,97.66986842105261,0.4,0.2,0.09,0.2,0.29,0.8,0.29,0.02,0.29,0.73,0.4,0.24,0.01,0.24,0.15,0.8,0.23,0.08,0.23,0.73,0.4,-0.08,0.05,-0.08,0.05,0.9,0.11,0.41,0.11,0.85,1.9,1.56,0.32,1.56,1.15,1.4,1.06,0.0,1.06,0.91,0.8,0.72,0.11,0.72,0.01,0.7,0.65,0.03,0.65,0.13,1.0,-0.59,0.13,-0.59,0.71,0.3,-0.21,0.02,-0.21,0.13,0.16,0.6400000000000001,0.16,0.6400000000000001,0.16,0.81,3.61,1.96,0.6400000000000001,0.4899999999999999,1.0,0.09,0.04,0.0841,0.0576,0.0529,0.0064,0.0121,2.4336,1.1236000000000002,0.5184,0.4225,0.3480999999999999,0.0440999999999999,0.0841,0.5328999999999999,0.0225,0.5328999999999999,0.0025,0.7224999999999999,1.3224999999999998,0.8281000000000001,0.0001,0.0169,0.5041,0.0169,0.0081,0.0004,0.0001,0.0064,0.0025,0.1680999999999999,0.1024,0.0,0.0121,0.0009,0.0169,0.0004
4.886999999999998,14.078947368420987,3.696315789473679,14.779736842105196,-0.060789473684209866,-2.4489473684210368,21.97368421052642,9.002500000000088,8.675368421052648,26.131789473684105,-23.09681578947361,11.295973684210594,-10.988210526315834,95.50236842105264,-22.583999999999968,98.13705263157895,0.4,0.18,0.07,0.18,0.31,0.8,0.28,0.0,0.28,0.72,0.3,0.25,0.04,0.25,0.07,0.8,0.22,0.08,0.22,0.75,0.4,-0.1,0.02,-0.1,0.09,0.9,0.11,0.29,0.11,0.87,2.0,1.55,0.32,1.55,1.22,1.4,1.09,0.03,1.09,0.86,0.8,0.75,0.13,0.75,0.01,0.7,0.65,0.05,0.65,0.14,1.0,-0.61,0.13,-0.61,0.72,0.2,-0.2,0.0,-0.2,0.11,0.16,0.6400000000000001,0.09,0.6400000000000001,0.16,0.81,4.0,1.96,0.6400000000000001,0.4899999999999999,1.0,0.04,0.0324,0.0784,0.0625,0.0484,0.01,0.0121,2.4025000000000003,1.1881000000000002,0.5625,0.4225,0.3721,0.04,0.0961,0.5184,0.0049,0.5625,0.0081,0.7569,1.4884,0.7395999999999999,0.0001,0.0196,0.5184,0.0121,0.0049,0.0,0.0016,0.0064,0.0004,0.0841,0.1024,0.0009,0.0169,0.0025,0.0169,0.0
4.936999999999998,15.394736842105205,3.8015789473684163,16.104736842105208,-0.07,-2.768684210526301,19.947368421052712,7.392105263157949,8.374710526315802,28.428105263157775,-24.46221052631574,10.0508421052632,-10.091631578947405,95.28828947368423,-23.28228947368417,98.09218421052631,0.4,0.18,0.07,0.18,0.31,0.8,0.28,0.0,0.28,0.72,0.3,0.25,0.04,0.25,0.07,0.8,0.22,0.08,0.22,0.75,0.4,-0.1,0.02,-0.1,0.09,0.9,0.11,0.29,0.11,0.87,2.0,1.55,0.32,1.55,1.22,1.4,1.09,0.03,1.09,0.86,0.8,0.75,0.13,0.75,0.01,0.7,0.65,0.05,0.65,0.14,1.0,-0.61,0.13,-0.61,0.72,0.2,-0.2,0.0,-0.2,0.11,0.16,0.6400000000000001,0.09,0.6400000000000001,0.16,0.81,4.0,1.96,0.6400000000000001,0.4899999999999999,1.0,0.04,0.0324,0.0784,0.0625,0.0484,0.01,0.0121,2.4025000000000003,1.1881000000000002,0.5625,0.4225,0.3721,0.04,0.0961,0.5184,0.0049,0.5625,0.0081,0.7569,1.4884,0.7395999999999999,0.0001,0.0196,0.5184,0.0121,0.0049,0.0,0.0016,0.0064,0.0004,0.0841,0.1024,0.0009,0.0169,0.0025,0.0169,0.0
4.986999999999997,16.7105263157894,3.906842105263152,17.420526315789402,-0.07,-3.1047368421052446,18.318421052631656,6.340578947368471,8.104184210526329,31.364947368420886,-25.433815789473638,9.217500000000038,-9.255052631578991,95.06947368421055,-24.348473684210465,98.13876315789473,0.4,0.18,0.07,0.18,0.31,0.8,0.28,0.0,0.28,0.72,0.3,0.25,0.04,0.25,0.07,0.8,0.22,0.08,0.22,0.75,0.4,-0.1,0.02,-0.1,0.09,0.9,0.11,0.29,0.11,0.87,2.0,1.55,0.32,1.55,1.22,1.4,1.09,0.03,1.09,0.86,0.8,0.75,0.13,0.75,0.01,0.7,0.65,0.05,0.65,0.14,1.0,-0.61,0.13,-0.61,0.72,0.2,-0.2,0.0,-0.2,0.11,0.16,0.6400000000000001,0.09,0.6400000000000001,0.16,0.81,4.0,1.96,0.6400000000000001,0.4899999999999999,1.0,0.04,0.0324,0.0784,0.0625,0.0484,0.01,0.0121,2.4025000000000003,1.1881000000000002,0.5625,0.4225,0.3721,0.04,0.0961,0.5184,0.0049,0.5625,0.0081,0.7569,1.4884,0.7395999999999999,0.0001,0.0196,0.5184,0.0121,0.0049,0.0,0.0016,0.0064,0.0004,0.0841,0.1024,0.0009,0.0169,0.0025,0.0169,0.0
5.036999999999997,18.02631578947362,4.021842105263153,18.736315789473622,-0.07026315789473624,-3.447368421052614,16.802631578947363,5.44134210526319,7.828578947368458,34.420710526315794,-26.278000000000006,8.511552631578935,-8.446500000000011,94.85578947368423,-25.541763157894664,98.23505263157894,0.4,0.18,0.07,0.18,0.31,0.8,0.28,0.0,0.28,0.72,0.3,0.25,0.04,0.25,0.07,0.8,0.22,0.08,0.22,0.75,0.4,-0.1,0.02,-0.1,0.09,0.9,0.11,0.29,0.11,0.87,2.0,1.55,0.32,1.55,1.22,1.4,1.09,0.03,1.09,0.86,0.8,0.75,0.13,0.75,0.01,0.7,0.65,0.05,0.65,0.14,1.0,-0.61,0.13,-0.61,0.72,0.2,-0.2,0.0,-0.2,0.11,0.16,0.6400000000000001,0.09,0.6400000000000001,0.16,0.81,4.0,1.96,0.6400000000000001,0.4899999999999999,1.0,0.04,0.0324,0.0784,0.0625,0.0484,0.01,0.0121,2.4025000000000003,1.1881000000000002,0.5625,0.4225,0.3721,0.04,0.0961,0.5184,0.0049,0.5625,0.0081,0.7569,1.4884,0.7395999999999999,0.0001,0.0196,0.5184,0.0121,0.0049,0.0,0.0016,0.0064,0.0004,0.0841,0.1024,0.0009,0.0169,0.0025,0.0169,0.0
5.086999999999997,19.34210526315782,4.117368421052626,20.048684210526243,-0.0834210526315782,-3.8157894736841897,17.002631578947344,4.802578947368451,7.014078947368475,34.42113157894734,-26.492684210526246,8.788499999999985,-8.300868421052627,94.76134210526315,-27.032026315789395,98.5441842105263,0.4,0.18,0.07,0.18,0.31,0.8,0.28,0.0,0.28,0.72,0.3,0.25,0.04,0.25,0.07,0.8,0.22,0.08,0.22,0.75,0.4,-0.1,0.02,-0.1,0.09,0.9,0.11,0.29,0.11,0.87,2.0,1.55,0.32,1.55,1.22,1.4,1.09,0.03,1.09,0.86,0.8,0.75,0.13,0.75,0.01,0.7,0.65,0.05,0.65,0.14,1.0,-0.61,0.13,-0.61,0.72,0.2,-0.2,0.0,-0.2,0.11,0.16,0.6400000000000001,0.09,0.6400000000000001,0.16,0.81,4.0,1.96,0.6400000000000001,0.4899999999999999,1.0,0.04,0.0324,0.0784,0.0625,0.0484,0.01,0.0121,2.4025000000000003,1.1881000000000002,0.5625,0.4225,0.3721,0.04,0.0961,0.5184,0.0049,0.5625,0.0081,0.7569,1.4884,0.7395999999999999,0.0001,0.0196,0.5184,0.0121,0.0049,0.0,0.0016,0.0064,0.0004,0.0841,0.1024,0.0009,0.0169,0.0025,0.0169,0.0
5.136999999999997,20.675675675675592,4.224054054054047,21.368918918918837,-0.09,-4.195945945945922,17.605405405405353,4.284513513513547,5.970675675675748,35.030324324324276,-27.38251351351348,9.089513513513493,-8.570054054054024,94.72213513513513,-28.340756756756676,98.87354054054052,0.4,0.16648648648648817,0.04972972972973228,0.16648648648648817,0.3235135135135118,0.8,0.2597297297297323,0.006756756756755907,0.2597297297297323,0.7132432432432441,0.3675675675675591,0.2972972972972914,0.026486486486488187,0.2972972972972914,0.04297297297297638,0.8,0.2064864864864882,0.06648648648648818,0.2064864864864882,0.7432432432432441,0.2648648648648819,0.041891891891874034,0.09432432432431498,0.041891891891874034,0.16432432432431499,0.9,0.15729729729729133,0.24270270270270866,0.15729729729729133,0.8767567567567559,2.0,1.556756756756756,0.2929729729729764,1.556756756756756,1.2064864864864882,1.332432432432441,1.0629729729729764,0.07054054054053543,1.0629729729729764,0.8262162162162205,0.8675675675675592,0.8108108108108032,0.17729729729729135,0.8108108108108032,0.01,0.7,0.6162162162162205,0.022972972972976374,0.6162162162162205,0.1467567567567559,1.0,-0.6167567567567559,0.10297297297297638,-0.6167567567567559,0.6862162162162205,0.2,-0.1864864864864882,0.02027027027026772,-0.1864864864864882,0.08297297297297637,0.16,0.6400000000000001,0.13729729729729134,0.6400000000000001,0.07891891891892912,0.81,4.0,1.7775675675675906,0.7548648648648505,0.4899999999999999,1.0,0.04,0.027805405405405985,0.06765675675675811,0.08945945945945608,0.04272432432432504,0.01141891891891874,0.02581621621621449,2.423513513513511,1.1302621621621696,0.6591891891891769,0.38027027027027555,0.3804108108108098,0.03486486486486551,0.10474864864864757,0.508737837837839,0.002197297297297637,0.5524324324324337,0.02965405405405134,0.7687243243243228,1.4556972972973015,0.6831810810810882,0.0001,0.021559459459459213,0.4714405405405465,0.007235135135135747,0.0026702702702705505,6.756756756755907e-05,0.0007891891891892912,0.004508108108108346,0.011548648648647243,0.05997837837838141,0.08618378378378583,0.005764864864864252,0.03250810810810614,0.0008783783783785823,0.010954054054054802,0.0006081081081080315
5.186999999999997,21.999999999999908,4.319999999999994,22.66999999999991,-0.09999999999999908,-4.59999999999997,18.79999999999991,3.6420000000000483,4.694000000000093,35.59499999999996,-25.57300000000018,9.49899999999997,-9.351999999999938,94.674,-29.538999999999916,99.17899999999999,0.4,0.16,0.04,0.16,0.33,0.8,0.25,0.01,0.25,0.71,0.4,0.32,0.02,0.32,0.03,0.8,0.2,0.06,0.2,0.74,0.2,0.11,0.13,0.11,0.2,0.9,0.18,0.22,0.18,0.88,2.0,1.56,0.28,1.56,1.2,1.3,1.05,0.09,1.05,0.81,0.9,0.84,0.2,0.84,0.01,0.7,0.6,0.01,0.6,0.15,1.0,-0.62,0.09,-0.62,0.67,0.2,-0.18,0.03,-0.18,0.07,0.16,0.6400000000000001,0.16,0.6400000000000001,0.04,0.81,4.0,1.6900000000000002,0.81,0.4899999999999999,1.0,0.04,0.0256,0.0625,0.1024,0.04,0.0121,0.0324,2.4336,1.1025,0.7055999999999999,0.36,0.3844,0.0324,0.1089,0.5041,0.0009,0.5476,0.04,0.7744,1.44,0.6561000000000001,0.0001,0.0225,0.4489000000000001,0.0049,0.0016,0.0001,0.0004,0.0036,0.0169,0.0484,0.0784,0.0081,0.04,0.0001,0.0081,0.0009
5.2369999999999965,23.351351351351255,4.414594594594588,23.990810810810714,-0.10702702702702507,-5.018918918918889,19.4405405405405,3.277027027027065,3.5753783783784527,35.06986486486482,-29.045405405405386,9.460783783783796,-9.993351351351293,94.6775135135135,-30.719756756756677,99.54070270270267,0.4,0.16,0.04,0.16,0.33,0.8,0.25,0.01,0.25,0.71,0.4,0.32,0.02,0.32,0.03,0.8,0.2,0.06,0.2,0.74,0.2,0.11,0.13,0.11,0.2,0.9,0.18,0.22,0.18,0.88,2.0,1.56,0.28,1.56,1.2,1.3,1.05,0.09,1.05,0.81,0.9,0.84,0.2,0.84,0.01,0.7,0.6,0.01,0.6,0.15,1.0,-0.62,0.09,-0.62,0.67,0.2,-0.18,0.03,-0.18,0.07,0.16,0.6400000000000001,0.16,0.6400000000000001,0.04,0.81,4.0,1.6900000000000002,0.81,0.4899999999999999,1.0,0.04,0.0256,0.0625,0.1024,0.04,0.0121,0.0324,2.4336,1.1025,0.7055999999999999,0.36,0.3844,0.0324,0.1089,0.5041,0.0009,0.5476,0.04,0.7744,1.44,0.6561000000000001,0.0001,0.0225,0.4489000000000001,0.0049,0.0016,0.0001,0.0004,0.0036,0.0169,0.0484,0.0784,0.0081,0.04,0.0001,0.0081,0.0009
5.286999999999996,24.702702702702602,4.509189189189183,25.308648648648553,-0.12702702702702603,-5.444864864864833,19.98108108108104,2.7308648648649068,2.688675675675732,36.10494594594584,-28.577729729729814,9.202513513513539,-10.786972972972915,94.71924324324324,-31.82791891891884,99.92794594594592,0.4,0.16,0.04,0.16,0.33,0.8,0.25,0.01,0.25,0.71,0.4,0.32,0.02,0.32,0.03,0.8,0.2,0.06,0.2,0.74,0.2,0.11,0.13,0.11,0.2,0.9,0.18,0.22,0.18,0.88,2.0,1.56,0.28,1.56,1.2,1.3,1.05,0.09,1.05,0.81,0.9,0.84,0.2,0.84,0.01,0.7,0.6,0.01,0.6,0.15,1.0,-0.62,0.09,-0.62,0.67,0.2,-0.18,0.03,-0.18,0.07,0.16,0.6400000000000001,0.16,0.6400000000000001,0.04,0.81,4.0,1.6900000000000002,0.81,0.4899999999999999,1.0,0.04,0.0256,0.0625,0.1024,0.04,0.0121,0.0324,2.4336,1.1025,0.7055999999999999,0.36,0.3844,0.0324,0.1089,0.5041,0.0009,0.5476,0.04,0.7744,1.44,0.6561000000000001,0.0001,0.0225,0.4489000000000001,0.0049,0.0016,0.0001,0.0004,0.0036,0.0169,0.0484,0.0784,0.0081,0.04,0.0001,0.0081,0.0009
5.336999999999996,26.05555555555545,4.593333333333327,26.613888888888784,-0.131111111111109,-5.889444444444408,20.0,2.290722222222255,2.288777777777776,37.39622222222228,-29.139833333333396,8.712888888888909,-11.319666666666649,94.59222222222222,-33.03466666666658,100.19811111111109,0.4,0.16,0.04,0.16,0.33,0.8,0.25,0.01,0.25,0.71,0.4,0.32,0.02,0.32,0.03,0.8,0.2,0.06,0.2,0.74,0.2,0.11,0.13,0.11,0.2,0.9,0.18,0.22,0.18,0.88,2.0,1.56,0.28,1.56,1.2,1.3,1.05,0.09,1.05,0.81,0.9,0.84,0.2,0.84,0.01,0.7,0.6,0.01,0.6,0.15,1.0,-0.62,0.09,-0.62,0.67,0.2,-0.18,0.03,-0.18,0.07,0.16,0.6400000000000001,0.16,0.6400000000000001,0.04,0.81,4.0,1.6900000000000002,0.81,0.4899999999999999,1.0,0.04,0.0256,0.0625,0.1024,0.04,0.0121,0.0324,2.4336,1.1025,0.7055999999999999,0.36,0.3844,0.0324,0.1089,0.5041,0.0009,0.5476,0.04,0.7744,1.44,0.6561000000000001,0.0001,0.0225,0.4489000000000001,0.0049,0.0016,0.0001,0.0004,0.0036,0.0169,0.0484,0.0784,0.0081,0.04,0.0001,0.0081,0.0009
5.386999999999996,27.432432432432314,4.6716216216216155,27.945135135135022,-0.15,-6.367027027026986,19.956756756756768,1.845216216216258,2.3772432432432224,36.524594594594696,-28.628756756756744,8.462297297297319,-11.460216216216223,94.56875675675677,-34.110540540540455,100.538027027027,0.4,0.16,0.04,0.16,0.33,0.8,0.25,0.01,0.25,0.71,0.4,0.32,0.02,0.32,0.03,0.8,0.1870270270270306,0.06,0.1870270270270306,0.74,0.2,0.11,0.13,0.11,0.2,0.9,0.18,0.22,0.18,0.88,2.0,1.56,0.28,1.56,1.2,1.3,1.05,0.09,1.05,0.81,0.9,0.84,0.2,0.84,0.01,0.7,0.6,0.01,0.6,0.15,1.0,-0.62,0.09,-0.62,0.67,0.2,-0.18,0.03,-0.18,0.07,0.16,0.6400000000000001,0.16,0.6400000000000001,0.04,0.81,4.0,1.6900000000000002,0.81,0.4899999999999999,1.0,0.04,0.0256,0.0625,0.1024,0.035200000000001314,0.0121,0.0324,2.4336,1.1025,0.7055999999999999,0.36,0.3844,0.0324,0.1089,0.5041,0.0009,0.5476,0.04,0.7744,1.44,0.6561000000000001,0.0001,0.0225,0.4489000000000001,0.0049,0.0016,0.0001,0.0004,0.0036,0.0169,0.0484,0.0784,0.0081,0.04,0.0001,0.0081,0.0009
5.436999999999996,28.80555555555544,4.748333333333326,29.255277777777668,-0.1580555555555544,-6.841944444444404,19.738888888888912,1.3406944444444886,2.6975277777777458,35.24105555555567,-29.48583333333322,8.2035277777778,-11.241305555555583,94.4806388888889,-35.11244444444436,100.80327777777775,0.4,0.16,0.04,0.16,0.33,0.8,0.25,0.01,0.25,0.71,0.4,0.32,0.02,0.32,0.03,0.8,0.17,0.06,0.17,0.74,0.2,0.11,0.13,0.11,0.2,0.9,0.18,0.22,0.18,0.88,2.0,1.56,0.28,1.56,1.2,1.3,1.05,0.09,1.05,0.81,0.9,0.84,0.2,0.84,0.01,0.7,0.6,0.01,0.6,0.15,1.0,-0.62,0.09,-0.62,0.67,0.2,-0.18,0.03,-0.18,0.07,0.16,0.6400000000000001,0.16,0.6400000000000001,0.04,0.81,4.0,1.6900000000000002,0.81,0.4899999999999999,1.0,0.04,0.0256,0.0625,0.1024,0.0289,0.0121,0.0324,2.4336,1.1025,0.7055999999999999,0.36,0.3844,0.0324,0.1089,0.5041,0.0009,0.5476,0.04,0.7744,1.44,0.6561000000000001,0.0001,0.0225,0.4489000000000001,0.0049,0.0016,0.0001,0.0004,0.0036,0.0169,0.0484,0.0784,0.0081,0.04,0.0001,0.0081,0.0009
5.486999999999996,30.166666666666547,4.804999999999996,30.556666666666555,-0.18,-7.331666666666622,19.30000000000007,0.8276666666667113,3.049833333333298,33.89000000000012,-31.687999999999956,7.942166666666689,-10.879833333333346,94.61,-36.2819999999999,101.33999999999996,0.4,0.16,0.04,0.16,0.33,0.8,0.25,0.01,0.25,0.71,0.4,0.32,0.02,0.32,0.03,0.8,0.17,0.06,0.17,0.74,0.2,0.11,0.13,0.11,0.2,0.9,0.18,0.22,0.18,0.88,2.0,1.56,0.28,1.56,1.2,1.3,1.05,0.09,1.05,0.81,0.9,0.84,0.2,0.84,0.01,0.7,0.6,0.01,0.6,0.15,1.0,-0.62,0.09,-0.62,0.67,0.2,-0.18,0.03,-0.18,0.07,0.16,0.6400000000000001,0.16,0.6400000000000001,0.04,0.81,4.0,1.6900000000000002,0.81,0.4899999999999999,1.0,0.04,0.0256,0.0625,0.1024,0.0289,0.0121,0.0324,2.4336,1.1025,0.7055999999999999,0.36,0.3844,0.0324,0.1089,0.5041,0.0009,0.5476,0.04,0.7744,1.44,0.6561000000000001,0.0001,0.0225,0.4489000000000001,0.0049,0.0016,0.0001,0.0004,0.0036,0.0169,0.0484,0.0784,0.0081,0.04,0.0001,0.0081,0.0009
5.5369999999999955,31.555555555555426,4.852222222222217,31.8622222222221,-0.19111111111110854,-7.851111111111062,18.633333333333372,0.31044444444449215,3.4028888888888646,32.758333333333404,-32.38022222222213,7.629111111111147,-10.821222222222216,94.58944444444445,-37.39033333333324,101.71833333333329,0.4,0.16,0.04,0.16,0.33,0.8,0.25,0.01,0.25,0.71,0.4,0.32,0.02,0.32,0.03,0.8,0.17,0.06,0.17,0.74,0.2,0.11,0.13,0.11,0.2,0.9,0.18,0.22,0.18,0.88,2.0,1.56,0.28,1.56,1.2,1.3,1.05,0.09,1.05,0.81,0.9,0.84,0.2,0.84,0.01,0.7,0.6,0.01,0.6,0.15,1.0,-0.62,0.09,-0.62,0.67,0.2,-0.18,0.03,-0.18,0.07,0.16,0.6400000000000001,0.16,0.6400000000000001,0.04,0.81,4.0,1.6900000000000002,0.81,0.4899999999999999,1.0,0.04,0.0256,0.0625,0.1024,0.0289,0.0121,0.0324,2.4336,1.1025,0.7055999999999999,0.36,0.3844,0.0324,0.1089,0.5041,0.0009,0.5476,0.04,0.7744,1.44,0.6561000000000001,0.0001,0.0225,0.4489000000000001,0.0049,0.0016,0.0001,0.0004,0.0036,0.0169,0.0484,0.0784,0.0081,0.04,0.0001,0.0081,0.0009
5.586999999999995,32.97142857142843,4.899142857142853,33.193142857142725,-0.2194285714285687,-8.379428571428521,18.694285714285687,-0.2085714285713788,3.5044571428571403,32.500257142857144,-34.25725714285692,7.12714285714291,-11.040199999999972,94.55854285714287,-38.38848571428562,102.06019999999997,0.4,0.16,0.04,0.16,0.33,0.8,0.25,0.01,0.25,0.71,0.4,0.32,0.02,0.32,0.03,0.8,0.17,0.06,0.17,0.74,0.2,0.11,0.13,0.11,0.2,0.9,0.18,0.22,0.18,0.88,2.0,1.56,0.28,1.56,1.2,1.3,1.05,0.09,1.05,0.81,0.9,0.84,0.2,0.84,0.01,0.7,0.6,0.01,0.6,0.15,1.0,-0.62,0.09,-0.62,0.67,0.2,-0.18,0.03,-0.18,0.07,0.16,0.6400000000000001,0.16,0.6400000000000001,0.04,0.81,4.0,1.6900000000000002,0.81,0.4899999999999999,1.0,0.04,0.0256,0.0625,0.1024,0.0289,0.0121,0.0324,2.4336,1.1025,0.7055999999999999,0.36,0.3844,0.0324,0.1089,0.5041,0.0009,0.5476,0.04,0.7744,1.44,0.6561000000000001,0.0001,0.0225,0.4489000000000001,0.0049,0.0016,0.0001,0.0004,0.0036,0.0169,0.0484,0.0784,0.0081,0.04,0.0001,0.0081,0.0009
5.636999999999995,34.37142857142844,4.927428571428569,34.505428571428446,-0.2337142857142844,-8.92485714285709,18.98857142857147,-0.7164571428570953,3.2552571428571753,32.48865714285714,-34.813028571428426,6.585257142857194,-11.598457142857097,94.34457142857146,-39.615514285714205,102.33079999999998,0.362857142857156,0.1488571428571468,0.04,0.1488571428571468,0.3262857142857156,0.8,0.2462857142857156,0.013714285714284402,0.2462857142857156,0.71,0.4,0.3237142857142844,0.0237142857142844,0.3237142857142844,0.022571428571431195,0.8,0.16628571428571562,0.0674285714285688,0.16628571428571562,0.7474285714285688,0.27428571428568804,0.16942857142855045,0.111428571428578,0.16942857142855045,0.24457142857141284,0.9,0.1911428571428532,0.18657142857144038,0.1911428571428532,0.8762857142857156,2.0,1.5562857142857156,0.27628571428571563,1.5562857142857156,1.2074285714285689,1.3,1.0054285714285873,0.11971428571427521,1.0054285714285873,0.8211428571428532,0.9,0.8437142857142844,0.2037142857142844,0.8437142857142844,0.021142857142853206,0.6628571428571559,0.5888571428571467,0.021142857142853206,0.5888571428571467,0.1611428571428532,1.0,-0.62,0.0937142857142844,-0.62,0.6625714285714313,0.2,-0.18,0.0337142857142844,-0.18,0.0662857142857156,0.1340000000000092,0.6400000000000001,0.16,0.6400000000000001,0.08457142857141282,0.81,4.0,1.6900000000000002,0.81,0.4417142857143027,1.0,0.04,0.02236857142857257,0.06068000000000064,0.10481428571428486,0.027674285714286147,0.03468285714284916,0.036745714285712716,2.4220485714285758,1.0142485714286027,0.7118771428571405,0.3469628571428617,0.3844,0.0324,0.10648571428571514,0.5041,0.0006028571428572478,0.5587428571428532,0.06317714285713467,0.7679000000000022,1.4579771428571364,0.6744857142857078,0.0006571428571426603,0.026177142857141556,0.4390942857142892,0.004417142857143027,0.0016,0.00021142857142853207,0.0005857142857142201,0.004639999999999632,0.013000000000001377,0.03670000000000413,0.07635714285714358,0.015825714285711556,0.04152285714285657,0.0006571428571426603,0.008805714285714037,0.001159999999999908
5.686999999999995,35.77777777777763,4.947777777777777,35.80555555555542,-0.24,-9.473333333333278,18.33333333333342,-1.1983333333332857,2.8635555555555996,32.57944444444443,-36.29033333333318,6.086111111111158,-12.099777777777728,94.1928888888889,-40.406444444444375,102.49866666666665,0.3,0.13,0.04,0.13,0.32,0.8,0.24,0.02,0.24,0.71,0.4,0.33,0.03,0.33,0.01,0.8,0.16,0.08,0.16,0.76,0.4,0.27,0.08,0.27,0.32,0.9,0.21,0.13,0.21,0.87,2.0,1.55,0.27,1.55,1.22,1.3,0.93,0.17,0.93,0.84,0.9,0.85,0.21,0.85,0.04,0.6,0.57,0.04,0.57,0.18,1.0,-0.62,0.1,-0.62,0.65,0.2,-0.18,0.04,-0.18,0.06,0.09,0.6400000000000001,0.16,0.6400000000000001,0.16,0.81,4.0,1.6900000000000002,0.81,0.36,1.0,0.04,0.0169,0.0576,0.1089,0.0256,0.0729,0.0440999999999999,2.4025000000000003,0.8649000000000001,0.7224999999999999,0.3248999999999999,0.3844,0.0324,0.1024,0.5041,0.0001,0.5776,0.1024,0.7569,1.4884,0.7055999999999999,0.0016,0.0324,0.4225,0.0036,0.0016,0.0004,0.0009,0.0064,0.0064,0.0169,0.0729,0.0289,0.0440999999999999,0.0016,0.01,0.0016
5.736999999999995,37.19999999999984,4.96,37.12199999999986,-0.25199999999999845,-10.041999999999936,18.539999999999967,-1.4781999999999966,2.4132000000000486,33.340599999999895,-35.32080000000002,5.87320000000001,-12.665999999999956,94.1016,-41.48819999999989,102.84559999999996,0.3,0.13,0.04,0.13,0.32,0.8,0.24,0.02,0.24,0.71,0.4,0.33,0.03,0.33,0.01,0.8,0.16,0.08,0.16,0.76,0.4,0.27,0.08,0.27,0.32,0.9,0.21,0.13,0.21,0.87,2.0,1.55,0.27,1.55,1.22,1.3,0.93,0.17,0.93,0.84,0.9,0.85,0.21,0.85,0.04,0.6,0.57,0.04,0.57,0.18,1.0,-0.62,0.1,-0.62,0.65,0.2,-0.18,0.04,-0.18,0.06,0.09,0.6400000000000001,0.16,0.6400000000000001,0.16,0.81,4.0,1.6900000000000002,0.81,0.36,1.0,0.04,0.0169,0.0576,0.1089,0.0256,0.0729,0.0440999999999999,2.4025000000000003,0.8649000000000001,0.7224999999999999,0.3248999999999999,0.3844,0.0324,0.1024,0.5041,0.0001,0.5776,0.1024,0.7569,1.4884,0.7055999999999999,0.0016,0.0324,0.4225,0.0036,0.0016,0.0004,0.0009,0.0064,0.0064,0.0169,0.0729,0.0289,0.0440999999999999,0.0016,0.01,0.0016
5.786999999999995,38.62857142857128,4.9537142857142875,38.42828571428558,-0.2662857142857128,-10.633999999999936,18.95142857142851,-1.4623142857142934,1.93531428571434,34.423514285714155,-34.79862857142867,5.838742857142852,-13.086742857142811,94.05085714285715,-42.49414285714275,103.20845714285711,0.3,0.13,0.04,0.13,0.32,0.8,0.24,0.02,0.24,0.71,0.4,0.33,0.03,0.33,0.01,0.8,0.16,0.08,0.16,0.76,0.4,0.27,0.08,0.27,0.32,0.9,0.21,0.13,0.21,0.87,2.0,1.55,0.27,1.55,1.22,1.3,0.93,0.17,0.93,0.84,0.9,0.85,0.21,0.85,0.04,0.6,0.57,0.04,0.57,0.18,1.0,-0.62,0.1,-0.62,0.65,0.2,-0.18,0.04,-0.18,0.06,0.09,0.6400000000000001,0.16,0.6400000000000001,0.16,0.81,4.0,1.6900000000000002,0.81,0.36,1.0,0.04,0.0169,0.0576,0.1089,0.0256,0.0729,0.0440999999999999,2.4025000000000003,0.8649000000000001,0.7224999999999999,0.3248999999999999,0.3844,0.0324,0.1024,0.5041,0.0001,0.5776,0.1024,0.7569,1.4884,0.7055999999999999,0.0016,0.0324,0.4225,0.0036,0.0016,0.0004,0.0009,0.0064,0.0064,0.0169,0.0729,0.0289,0.0440999999999999,0.0016,0.01,0.0016
5.836999999999994,40.0571428571427,4.9288571428571455,39.73199999999986,-0.28,-11.224571428571359,19.73428571428562,-1.345171428571428,1.3144571428571916,35.92051428571439,-32.54654285714301,6.058085714285639,-13.641114285714258,93.97282857142856,-43.71091428571419,103.64477142857139,0.3,0.13,0.04,0.13,0.32,0.8,0.24,0.02,0.24,0.71,0.4,0.33,0.03,0.33,0.01,0.8,0.16,0.08,0.16,0.76,0.4,0.27,0.08,0.27,0.32,0.9,0.21,0.13,0.21,0.87,2.0,1.55,0.27,1.55,1.22,1.3,0.93,0.17,0.93,0.84,0.9,0.85,0.21,0.85,0.04,0.6,0.57,0.04,0.57,0.18,1.0,-0.62,0.1,-0.62,0.65,0.2,-0.18,0.04,-0.18,0.06,0.09,0.6400000000000001,0.16,0.6400000000000001,0.16,0.81,4.0,1.6900000000000002,0.81,0.36,1.0,0.04,0.0169,0.0576,0.1089,0.0256,0.0729,0.0440999999999999,2.4025000000000003,0.8649000000000001,0.7224999999999999,0.3248999999999999,0.3844,0.0324,0.1024,0.5041,0.0001,0.5776,0.1024,0.7569,1.4884,0.7055999999999999,0.0016,0.0324,0.4225,0.0036,0.0016,0.0004,0.0009,0.0064,0.0064,0.0169,0.0729,0.0289,0.0440999999999999,0.0016,0.01,0.0016
5.886999999999994,41.49999999999983,4.895000000000005,41.03999999999985,-0.2849999999999983,-11.844999999999928,20.499999999999932,-1.4074999999999798,0.9090000000000393,35.228500000000025,-31.349000000000103,6.71149999999993,-13.857999999999983,93.9665,-44.5419999999999,103.99299999999997,0.3,0.1250000000000017,0.035000000000001696,0.1250000000000017,0.32,0.8,0.2350000000000017,0.015000000000001698,0.2350000000000017,0.71,0.4,0.33,0.03,0.33,0.019999999999996604,0.849999999999983,0.1550000000000017,0.09499999999999491,0.1550000000000017,0.7749999999999949,0.449999999999983,0.319999999999983,0.10999999999998983,0.319999999999983,0.3249999999999983,0.9,0.2000000000000034,0.1250000000000017,0.2000000000000034,0.8550000000000051,2.0,1.55,0.26500000000000173,1.55,1.22,1.3,0.9200000000000035,0.1749999999999983,0.9200000000000035,0.8350000000000016,0.9,0.8699999999999932,0.21999999999999661,0.8699999999999932,0.05999999999999321,0.6,0.5450000000000085,0.05999999999999321,0.5450000000000085,0.1999999999999932,1.0,-0.62,0.1049999999999983,-0.62,0.6549999999999984,0.2,-0.1750000000000017,0.044999999999998305,-0.1750000000000017,0.050000000000003396,0.09,0.6400000000000001,0.16,0.7249999999999712,0.20499999999998472,0.81,4.0,1.6900000000000002,0.81,0.36,1.0,0.04,0.015650000000000424,0.0552500000000008,0.1089,0.024050000000000526,0.10489999999998914,0.04010000000000131,2.4025000000000003,0.8465000000000064,0.7572999999999881,0.2976500000000092,0.3844,0.030650000000000593,0.1024,0.5041,0.0004999999999998642,0.6008499999999921,0.1056499999999989,0.7312500000000086,1.4884,0.6972500000000028,0.003999999999999185,0.040399999999997285,0.42904999999999777,0.0026000000000003395,0.0012500000000001189,0.00025000000000005096,0.0009,0.009249999999999032,0.01299999999999776,0.015650000000000424,0.0702500000000009,0.030649999999999403,0.04849999999999846,0.003999999999999185,0.011049999999999643,0.002049999999999847
5.936999999999994,42.94285714285697,4.842285714285721,42.33857142857128,-0.2994285714285697,-12.465428571428498,20.7,-1.6800857142856758,0.6430857142857416,35.583057142857065,-30.750171428571484,7.2357428571427995,-13.93911428571428,93.95734285714285,-45.39948571428561,104.35537142857139,0.3,0.12,0.03,0.12,0.32,0.8,0.23,0.01,0.23,0.71,0.4,0.33,0.03,0.33,0.03,0.9,0.15,0.11,0.15,0.79,0.5,0.37,0.14,0.37,0.33,0.9,0.19,0.12,0.19,0.84,2.0,1.55,0.26,1.55,1.22,1.3,0.91,0.18,0.91,0.83,0.9,0.89,0.23,0.89,0.08,0.6,0.52,0.08,0.52,0.22,1.0,-0.62,0.11,-0.62,0.66,0.2,-0.17,0.05,-0.17,0.04,0.09,0.6400000000000001,0.16,0.81,0.25,0.81,4.0,1.6900000000000002,0.81,0.36,1.0,0.04,0.0144,0.0529,0.1089,0.0225,0.1369,0.0361,2.4025000000000003,0.8281000000000001,0.7921,0.2704,0.3844,0.0289,0.1024,0.5041,0.0009,0.6241000000000001,0.1089,0.7055999999999999,1.4884,0.6889,0.0064,0.0484,0.4356,0.0016,0.0009,0.0001,0.0009,0.0121,0.0196,0.0144,0.0676,0.0324,0.0529,0.0064,0.0121,0.0025
5.986999999999994,44.41176470588218,4.769411764705891,43.65058823529396,-0.3141176470588218,-13.111176470588159,21.382352941176435,-1.9614117647058644,0.6114117647058881,36.12847058823527,-30.29411764705879,7.6105294117646975,-13.821588235294138,94.10135294117646,-46.45370588235283,104.95029411764699,0.3,0.12,0.03,0.12,0.32,0.8,0.23,0.01,0.23,0.71,0.4,0.33,0.03,0.33,0.03,0.9,0.15,0.11,0.15,0.79,0.5,0.37,0.14,0.37,0.33,0.9,0.19,0.12,0.19,0.84,2.0,1.55,0.26,1.55,1.22,1.3,0.91,0.18,0.91,0.83,0.9,0.89,0.23,0.89,0.08,0.6,0.52,0.08,0.52,0.22,1.0,-0.62,0.11,-0.62,0.66,0.2,-0.17,0.05,-0.17,0.04,0.09,0.6400000000000001,0.16,0.81,0.25,0.81,4.0,1.6900000000000002,0.81,0.36,1.0,0.04,0.0144,0.0529,0.1089,0.0225,0.1369,0.0361,2.4025000000000003,0.8281000000000001,0.7921,0.2704,0.3844,0.0289,0.1024,0.5041,0.0009,0.6241000000000001,0.1089,0.7055999999999999,1.4884,0.6889,0.0064,0.0484,0.4356,0.0016,0.0009,0.0001,0.0009,0.0121,0.0196,0.0144,0.0676,0.0324,0.0529,0.0064,0.0121,0.0025
6.036999999999994,45.88235294117628,4.695882352941187,44.965294117646884,-0.3376470588235256,-13.758235294117561,21.323529411764746,-2.039647058823525,0.5496470588235387,36.184941176470595,-30.950882352941058,7.4993529411765,-13.60629411764709,94.20017647058822,-47.36135294117636,105.4473529411764,0.3,0.12,0.03,0.12,0.32,0.8,0.23,0.01,0.23,0.71,0.4,0.33,0.03,0.33,0.03,0.9,0.15,0.11,0.15,0.79,0.5,0.37,0.14,0.37,0.33,0.9,0.19,0.12,0.19,0.84,2.0,1.55,0.26,1.55,1.22,1.3,0.91,0.18,0.91,0.83,0.9,0.89,0.23,0.89,0.08,0.6,0.52,0.08,0.52,0.22,1.0,-0.62,0.11,-0.62,0.66,0.2,-0.17,0.05,-0.17,0.04,0.09,0.6400000000000001,0.16,0.81,0.25,0.81,4.0,1.6900000000000002,0.81,0.36,1.0,0.04,0.0144,0.0529,0.1089,0.0225,0.1369,0.0361,2.4025000000000003,0.8281000000000001,0.7921,0.2704,0.3844,0.0289,0.1024,0.5041,0.0009,0.6241000000000001,0.1089,0.7055999999999999,1.4884,0.6889,0.0064,0.0484,0.4356,0.0016,0.0009,0.0001,0.0009,0.0121,0.0196,0.0144,0.0676,0.0324,0.0529,0.0064,0.0121,0.0025
6.0869999999999935,47.34285714285695,4.606000000000013,46.268571428571256,-0.356857142857139,-14.421142857142767,20.56285714285722,-2.107571428571404,0.4976000000000013,36.09720000000002,-31.264714285714206,7.291400000000019,-13.231542857142927,94.24537142857143,-48.22577142857133,105.87868571428567,0.3,0.12,0.03,0.12,0.32,0.8,0.23,0.01,0.23,0.71,0.4,0.33,0.03,0.33,0.03,0.9,0.15,0.11,0.15,0.79,0.5,0.37,0.14,0.37,0.33,0.9,0.19,0.12,0.19,0.84,2.0,1.55,0.26,1.55,1.22,1.3,0.91,0.18,0.91,0.83,0.9,0.89,0.23,0.89,0.08,0.6,0.52,0.08,0.52,0.22,1.0,-0.62,0.11,-0.62,0.66,0.2,-0.17,0.05,-0.17,0.04,0.09,0.6400000000000001,0.16,0.81,0.25,0.81,4.0,1.6900000000000002,0.81,0.36,1.0,0.04,0.0144,0.0529,0.1089,0.0225,0.1369,0.0361,2.4025000000000003,0.8281000000000001,0.7921,0.2704,0.3844,0.0289,0.1024,0.5041,0.0009,0.6241000000000001,0.1089,0.7055999999999999,1.4884,0.6889,0.0064,0.0484,0.4356,0.0016,0.0009,0.0001,0.0009,0.0121,0.0196,0.0144,0.0676,0.0324,0.0529,0.0064,0.0121,0.0025
6.136999999999993,48.79411764705862,4.5123529411764824,47.57470588235276,-0.38588235294117246,-15.103235294117553,19.90294117647069,-2.342294117647021,0.5207941176470519,35.8943235294118,-31.95773529411754,7.173000000000013,-12.620558823529505,94.24641176470588,-48.97664705882343,106.22205882352937,0.3,0.10411764705882755,0.04588235294117246,0.10411764705882755,0.2961764705882413,0.8,0.23,0.017941176470586233,0.23,0.7020588235294137,0.4,0.33,0.03,0.33,0.06176470588234493,0.9,0.13411764705882753,0.11,0.13411764705882753,0.7979411764705863,0.5794117647058623,0.36205882352941376,0.1876470588235174,0.36205882352941376,0.433235294117621,0.8205882352941377,0.12647058823531016,0.12794117647058623,0.12647058823531016,0.8241176470588275,2.0,1.5341176470588276,0.26,1.5341176470588276,1.2597058823529312,1.3,0.9497058823529312,0.12441176470589639,0.9497058823529312,0.8538235294117587,0.9794117647058623,0.9455882352941036,0.2697058823529312,0.9455882352941036,0.11176470588234491,0.6,0.4961764705882413,0.08794117647058623,0.4961764705882413,0.2438235294117587,1.0,-0.62,0.09411764705882754,-0.62,0.6679411764705863,0.2,-0.17,0.05,-0.17,0.03205882352941377,0.09,0.6400000000000001,0.16,0.81,0.33735294117644854,0.6750000000000342,4.0,1.6900000000000002,0.9608823529411383,0.36,1.0,0.04,0.01090588235294206,0.0529,0.1089,0.018052941176471708,0.13110294117647203,0.017041176470593045,2.353582352941189,0.9023499999999812,0.8949382352940917,0.24633823529412363,0.3844,0.0289,0.0878676470588272,0.4929029411764733,0.004076470588234492,0.6367264705882322,0.1904558823529206,0.6792352941176536,1.5872676470587985,0.7291617647058721,0.012752941176468986,0.05959705882352658,0.44616176470587976,0.001044117647058964,0.002170588235293797,0.00033823529411758694,0.0009,0.0121,0.035799999999995905,0.016385294117646557,0.0676,0.016279411764709952,0.07314999999999489,0.007749999999999659,0.008923529411765507,0.0025
6.186999999999993,50.26470588235274,4.411470588235308,48.888235294117464,-0.4152941176470549,-15.797058823529316,19.01470588235308,-2.618499999999963,0.7138235294117201,35.66344117647062,-32.41938235294108,7.073000000000014,-11.719617647058966,94.2870294117647,-49.71679411764697,106.60355882352937,0.3,0.1,0.05,0.1,0.29,0.8,0.23,0.02,0.23,0.7,0.4,0.33,0.03,0.33,0.07,0.9,0.13,0.11,0.13,0.8,0.6,0.36,0.2,0.36,0.46,0.8,0.11,0.13,0.11,0.82,2.0,1.53,0.26,1.53,1.27,1.3,0.96,0.11,0.96,0.86,1.0,0.96,0.28,0.96,0.12,0.6,0.49,0.09,0.49,0.25,1.0,-0.62,0.09,-0.62,0.67,0.2,-0.17,0.05,-0.17,0.03,0.09,0.6400000000000001,0.16,0.81,0.36,0.6400000000000001,4.0,1.6900000000000002,1.0,0.36,1.0,0.04,0.01,0.0529,0.1089,0.0169,0.1296,0.0121,2.3409,0.9216,0.9216,0.2400999999999999,0.3844,0.0289,0.0841,0.4899999999999999,0.0049,0.6400000000000001,0.2116,0.6723999999999999,1.6129,0.7395999999999999,0.0144,0.0625,0.4489000000000001,0.0009,0.0025,0.0004,0.0009,0.0121,0.04,0.0169,0.0676,0.0121,0.0784,0.0081,0.0081,0.0025
6.236999999999993,51.714285714285516,4.317142857142869,50.192857142856965,-0.43714285714285517,-16.485714285714195,17.857142857143035,-2.889571428571392,1.0692857142856624,35.435857142857174,-33.415999999999826,6.974428571428585,-10.645857142857292,94.29242857142857,-50.44399999999989,106.95042857142852,0.3,0.1,0.05,0.1,0.29,0.8,0.23,0.02,0.23,0.7,0.4,0.33,0.03,0.33,0.07,0.9,0.13,0.11,0.13,0.8,0.6,0.36,0.2,0.36,0.46,0.8,0.11,0.13,0.11,0.82,2.0,1.53,0.26,1.53,1.27,1.3,0.96,0.11,0.96,0.86,1.0,0.96,0.28,0.96,0.12,0.6,0.49,0.09,0.49,0.25,1.0,-0.62,0.09,-0.62,0.67,0.2,-0.17,0.05,-0.17,0.03,0.09,0.6400000000000001,0.16,0.81,0.36,0.6400000000000001,4.0,1.6900000000000002,1.0,0.36,1.0,0.04,0.01,0.0529,0.1089,0.0169,0.1296,0.0121,2.3409,0.9216,0.9216,0.2400999999999999,0.3844,0.0289,0.0841,0.4899999999999999,0.0049,0.6400000000000001,0.2116,0.6723999999999999,1.6129,0.7395999999999999,0.0144,0.0625,0.4489000000000001,0.0009,0.0025,0.0004,0.0009,0.0121,0.04,0.0169,0.0676,0.0121,0.0784,0.0081,0.0081,0.0025
6.286999999999993,53.17647058823509,4.207647058823544,51.49705882352923,-0.4417647058823509,-17.196470588235194,16.529411764705966,-3.2596470588233792,1.4612352941176034,35.30535294117638,-35.46458823529403,6.920352941176431,-9.58305882352952,94.19664705882356,-51.65535294117632,107.44282352941171,0.3,0.1,0.05,0.1,0.29,0.8,0.23,0.02,0.23,0.7,0.4,0.33,0.03,0.33,0.07,0.9,0.13,0.11,0.13,0.8,0.6,0.36,0.2,0.36,0.46,0.8,0.11,0.13,0.11,0.82,2.0,1.53,0.26,1.53,1.27,1.3,0.96,0.11,0.96,0.86,1.0,0.96,0.28,0.96,0.12,0.6,0.49,0.09,0.49,0.25,1.0,-0.62,0.09,-0.62,0.67,0.2,-0.17,0.05,-0.17,0.03,0.09,0.6400000000000001,0.16,0.81,0.36,0.6400000000000001,4.0,1.6900000000000002,1.0,0.36,1.0,0.04,0.01,0.0529,0.1089,0.0169,0.1296,0.0121,2.3409,0.9216,0.9216,0.2400999999999999,0.3844,0.0289,0.0841,0.4899999999999999,0.0049,0.6400000000000001,0.2116,0.6723999999999999,1.6129,0.7395999999999999,0.0144,0.0625,0.4489000000000001,0.0009,0.0025,0.0004,0.0009,0.0121,0.04,0.0169,0.0676,0.0121,0.0784,0.0081,0.0081,0.0025
6.336999999999993,54.647058823529186,4.104705882352957,52.805882352940976,-0.46294117647058375,-17.923529411764594,16.070588235294164,-4.309705882352785,1.6744705882352804,35.851999999999926,-36.3053529411763,7.183411764705845,-8.888705882353033,94.01200000000003,-52.69552941176456,107.7857058823529,0.3,0.1,0.05,0.1,0.29,0.8,0.23,0.02,0.23,0.7,0.4,0.33,0.03,0.33,0.07,0.9,0.13,0.11,0.13,0.8,0.6,0.36,0.2,0.36,0.46,0.8,0.11,0.13,0.11,0.82,2.0,1.53,0.26,1.53,1.27,1.3,0.96,0.11,0.96,0.86,1.0,0.96,0.28,0.96,0.12,0.6,0.49,0.09,0.49,0.25,1.0,-0.62,0.09,-0.62,0.67,0.2,-0.17,0.05,-0.17,0.03,0.09,0.6400000000000001,0.16,0.81,0.36,0.6400000000000001,4.0,1.6900000000000002,1.0,0.36,1.0,0.04,0.01,0.0529,0.1089,0.0169,0.1296,0.0121,2.3409,0.9216,0.9216,0.2400999999999999,0.3844,0.0289,0.0841,0.4899999999999999,0.0049,0.6400000000000001,0.2116,0.6723999999999999,1.6129,0.7395999999999999,0.0144,0.0625,0.4489000000000001,0.0009,0.0025,0.0004,0.0009,0.0121,0.04,0.0169,0.0676,0.0121,0.0784,0.0081,0.0081,0.0025
6.3869999999999925,56.11764705882331,3.9905882352941355,54.10352941176451,-0.49235294117646616,-18.658823529411656,15.71176470588233,-5.017588235294027,1.425411764706034,35.895470588235305,-38.5281176470586,7.266588235294113,-8.460882352941159,93.73894117647056,-53.570882352940984,107.97941176470576,0.3,0.09,0.06,0.09,0.27,0.8,0.23,0.02,0.23,0.7,0.4,0.35,0.05,0.35,0.12,0.9,0.12,0.11,0.12,0.82,0.7,0.51,0.31,0.51,0.48,0.8,0.04,0.16,0.04,0.79,2.0,1.45,0.2,1.45,1.3,1.4,1.01,0.07,1.01,0.86,1.0,0.98,0.28,0.98,0.14,0.6,0.47,0.09,0.47,0.28,1.1,-0.66,0.09,-0.66,0.68,0.2,-0.15,0.06,-0.15,0.02,0.09,0.6400000000000001,0.16,0.81,0.4899999999999999,0.6400000000000001,4.0,1.96,1.0,0.36,1.2100000000000002,0.04,0.0081,0.0529,0.1224999999999999,0.0144,0.2601,0.0016,2.1025,1.0201,0.9604,0.2208999999999999,0.4356,0.0225,0.0729,0.4899999999999999,0.0144,0.6723999999999999,0.2304,0.6241000000000001,1.6900000000000002,0.7395999999999999,0.0196,0.0784,0.4624000000000001,0.0004,0.0036,0.0004,0.0025,0.0121,0.0961,0.0256,0.04,0.0049,0.0784,0.0081,0.0081,0.0036
6.436999999999992,57.606060606060375,3.8715151515151702,55.41333333333313,-0.5221212121212074,-19.40909090909079,15.860606060606038,-5.631090909090813,0.33312121212140117,35.8008181818182,-39.69930303030293,7.299333333333328,-8.638636363636323,93.87296969696969,-54.85833333333314,108.73439393939383,0.3,0.09,0.06,0.09,0.27,0.8,0.23,0.02,0.23,0.7,0.4,0.35,0.05,0.35,0.12,0.9,0.12,0.11,0.12,0.82,0.7,0.51,0.31,0.51,0.48,0.8,0.04,0.16,0.04,0.79,2.0,1.45,0.2,1.45,1.3,1.4,1.01,0.07,1.01,0.86,1.0,0.98,0.28,0.98,0.14,0.6,0.47,0.09,0.47,0.28,1.1,-0.66,0.09,-0.66,0.68,0.2,-0.15,0.06,-0.15,0.02,0.09,0.6400000000000001,0.16,0.81,0.4899999999999999,0.6400000000000001,4.0,1.96,1.0,0.36,1.2100000000000002,0.04,0.0081,0.0529,0.1224999999999999,0.0144,0.2601,0.0016,2.1025,1.0201,0.9604,0.2208999999999999,0.4356,0.0225,0.0729,0.4899999999999999,0.0144,0.6723999999999999,0.2304,0.6241000000000001,1.6900000000000002,0.7395999999999999,0.0196,0.0784,0.4624000000000001,0.0004,0.0036,0.0004,0.0025,0.0121,0.0961,0.0256,0.04,0.0049,0.0784,0.0081,0.0081,0.0036
6.486999999999992,59.09090909090885,3.7518181818182033,56.7190909090907,-0.55,-20.168181818181694,16.11818181818177,-6.2399999999999025,-0.9268181818180214,35.70736363636365,-39.61900000000001,7.3319999999999945,-8.939363636363604,93.82999999999996,-55.83490909090896,109.1929999999999,0.3,0.09,0.06,0.09,0.27,0.8,0.23,0.02,0.23,0.7,0.4,0.35,0.05,0.35,0.12,0.9,0.12,0.11,0.12,0.82,0.7,0.51,0.31,0.51,0.48,0.8,0.04,0.16,0.04,0.79,2.0,1.45,0.2,1.45,1.3,1.4,1.01,0.07,1.01,0.86,1.0,0.98,0.28,0.98,0.14,0.6,0.47,0.09,0.47,0.28,1.1,-0.66,0.09,-0.66,0.68,0.2,-0.15,0.06,-0.15,0.02,0.09,0.6400000000000001,0.16,0.81,0.4899999999999999,0.6400000000000001,4.0,1.96,1.0,0.36,1.2100000000000002,0.04,0.0081,0.0529,0.1224999999999999,0.0144,0.2601,0.0016,2.1025,1.0201,0.9604,0.2208999999999999,0.4356,0.0225,0.0729,0.4899999999999999,0.0144,0.6723999999999999,0.2304,0.6241000000000001,1.6900000000000002,0.7395999999999999,0.0196,0.0784,0.4624000000000001,0.0004,0.0036,0.0004,0.0025,0.0121,0.0961,0.0256,0.04,0.0049,0.0784,0.0081,0.0081,0.0036
6.536999999999992,60.60606060606036,3.6154545454545675,58.037272727272516,-0.55,-20.965151515151387,16.421212121212072,-6.556060606060628,-1.8665151515150171,35.26009090909107,-39.476575757575795,7.2841212121212395,-9.117545454545432,94.12181818181813,-56.662181818181686,109.87451515151504,0.3,0.09,0.06,0.09,0.27,0.8,0.23,0.02,0.23,0.7,0.4,0.35,0.05,0.35,0.12,0.9,0.12,0.11,0.12,0.82,0.7,0.51,0.31,0.51,0.48,0.8,0.04,0.16,0.04,0.79,2.0,1.45,0.2,1.45,1.3,1.4,1.01,0.07,1.01,0.86,1.0,0.98,0.28,0.98,0.14,0.6,0.47,0.09,0.47,0.28,1.1,-0.66,0.09,-0.66,0.68,0.2,-0.15,0.06,-0.15,0.02,0.09,0.6400000000000001,0.16,0.81,0.4899999999999999,0.6400000000000001,4.0,1.96,1.0,0.36,1.2100000000000002,0.04,0.0081,0.0529,0.1224999999999999,0.0144,0.2601,0.0016,2.1025,1.0201,0.9604,0.2208999999999999,0.4356,0.0225,0.0729,0.4899999999999999,0.0144,0.6723999999999999,0.2304,0.6241000000000001,1.6900000000000002,0.7395999999999999,0.0196,0.0784,0.4624000000000001,0.0004,0.0036,0.0004,0.0025,0.0121,0.0961,0.0256,0.04,0.0049,0.0784,0.0081,0.0081,0.0036
6.586999999999992,62.09090909090885,3.4836363636363807,59.3290909090907,-0.5709090909090885,-21.737272727272604,16.436363636363804,-5.6202727272729245,-2.481363636363633,33.36018181818218,-39.140909090908785,6.900818181818257,-9.173000000000041,94.3933636363636,-57.39509090909078,110.49599999999991,0.3,0.09,0.06,0.09,0.27,0.8,0.23,0.02,0.23,0.7,0.4,0.35,0.05,0.35,0.12,0.9,0.12,0.11,0.12,0.82,0.7,0.51,0.31,0.51,0.48,0.8,0.04,0.16,0.04,0.79,2.0,1.45,0.2,1.45,1.3,1.4,1.01,0.07,1.01,0.86,1.0,0.98,0.28,0.98,0.14,0.6,0.47,0.09,0.47,0.28,1.1,-0.66,0.09,-0.66,0.68,0.2,-0.15,0.06,-0.15,0.02,0.09,0.6400000000000001,0.16,0.81,0.4899999999999999,0.6400000000000001,4.0,1.96,1.0,0.36,1.2100000000000002,0.04,0.0081,0.0529,0.1224999999999999,0.0144,0.2601,0.0016,2.1025,1.0201,0.9604,0.2208999999999999,0.4356,0.0225,0.0729,0.4899999999999999,0.0144,0.6723999999999999,0.2304,0.6241000000000001,1.6900000000000002,0.7395999999999999,0.0196,0.0784,0.4624000000000001,0.0004,0.0036,0.0004,0.0025,0.0121,0.0961,0.0256,0.04,0.0049,0.0784,0.0081,0.0081,0.0036
6.636999999999992,63.606060606060346,3.3715151515151724,60.6472727272725,-0.5921212121212068,-22.531212121211983,15.436363636363794,-4.540878787878931,-2.3586363636364225,31.362909090909362,-40.42242424242419,6.524454545454586,-8.901787878787932,94.57336363636361,-58.06751515151506,110.99236363636356,0.3,0.07787878787879311,0.06,0.07787878787879311,0.2639393939393966,0.8,0.22393939393939657,0.026060606060603442,0.22393939393939657,0.6939393939393965,0.4,0.35,0.056060606060603445,0.35,0.13818181818181033,0.9,0.11393939393939656,0.09787878787879312,0.11393939393939656,0.82,0.8212121212120689,0.5948484848484482,0.3948484848484482,0.5948484848484482,0.576969696969655,0.8,0.01575757575758623,0.16606060606060344,0.01575757575758623,0.7778787878787932,1.878787878787931,1.3469696969697416,0.08484848484853459,1.3469696969697416,1.2818181818181897,1.4,1.0221212121212069,0.05787878787879312,1.0221212121212069,0.8660606060606034,1.0606060606060346,1.0345454545454311,0.3224242424242241,1.0345454545454311,0.1824242424242241,0.5393939393939655,0.45181818181818967,0.10818181818181033,0.45181818181818967,0.26787878787879316,1.1,-0.6842424242424138,0.07787878787879311,-0.6842424242424138,0.6496969696969828,0.13939393939396558,-0.14393939393939656,0.06606060606060345,-0.14393939393939656,0.026060606060603442,0.09,0.6400000000000001,0.16,0.81,0.6839393939393101,0.6400000000000001,3.5393939393941385,1.96,1.1272727272726724,0.29333333333336215,1.2100000000000002,0.021818181818189675,0.006160606060606898,0.05017272727272845,0.1224999999999999,0.013006060606061208,0.3585242424241999,0.0006303030303034491,1.8212272727273944,1.044827272727262,1.0722181818181336,0.20435454545455256,0.46856969696968265,0.020742424242425003,0.06968787878788017,0.4815757575757611,0.019309090909088788,0.6723999999999999,0.3390060606060137,0.6051909090909173,1.6432727272727474,0.7500848484848439,0.03444848484847837,0.07185454545454828,0.42270303030304746,0.0007030303030301721,0.0036,0.0007030303030301721,0.0031666666666663786,0.009675757575758623,0.16058484848482063,0.027599999999999136,0.015818181818192268,0.003445454545455174,0.10512727272726112,0.011918181818180168,0.006160606060606898,0.004387878787878448
6.686999999999991,65.12499999999973,3.250000000000021,61.967499999999774,-0.6224999999999947,-23.33624999999986,14.937500000000131,-4.19350000000003,-1.6226250000002371,30.60762500000008,-38.90237499999963,6.559624999999978,-8.538500000000138,94.63250000000004,-58.356374999999886,111.19337499999996,0.3,0.07,0.06,0.07,0.26,0.8,0.22,0.03,0.22,0.69,0.4,0.35,0.06,0.35,0.15,0.9,0.11,0.09,0.11,0.82,0.9,0.65,0.45,0.65,0.64,0.8,0.0,0.17,0.0,0.77,1.8,1.28,0.01,1.28,1.27,1.4,1.03,0.05,1.03,0.87,1.1,1.07,0.35,1.07,0.21,0.5,0.44,0.12,0.44,0.26,1.1,-0.7,0.07,-0.7,0.63,0.1,-0.14,0.07,-0.14,0.03,0.09,0.6400000000000001,0.16,0.81,0.81,0.6400000000000001,3.24,1.96,1.2100000000000002,0.25,1.2100000000000002,0.01,0.0049,0.0484,0.1224999999999999,0.0121,0.4225,0.0,1.6384,1.0609,1.1449,0.1936,0.4899999999999999,0.0196,0.0676,0.4760999999999999,0.0225,0.6723999999999999,0.4096,0.5929,1.6129,0.7569,0.0440999999999999,0.0676,0.3969,0.0009,0.0036,0.0009,0.0036,0.0081,0.2025,0.0289,0.0001,0.0025,0.1224999999999999,0.0144,0.0049,0.0049
6.736999999999991,66.6666666666664,3.133333333333352,63.2933333333331,-0.653333333333328,-24.15333333333319,14.166666666666801,-4.014000000000031,-0.22533333333357985,30.134333333333416,-40.465666666666536,6.690666666666644,-7.754666666666798,94.46733333333336,-59.04333333333321,111.41166666666662,0.3,0.07,0.06,0.07,0.26,0.8,0.22,0.03,0.22,0.69,0.4,0.35,0.06,0.35,0.15,0.9,0.11,0.09,0.11,0.82,0.9,0.65,0.45,0.65,0.64,0.8,0.0,0.17,0.0,0.77,1.8,1.28,0.01,1.28,1.27,1.4,1.03,0.05,1.03,0.87,1.1,1.07,0.35,1.07,0.21,0.5,0.44,0.12,0.44,0.26,1.1,-0.7,0.07,-0.7,0.63,0.1,-0.14,0.07,-0.14,0.03,0.09,0.6400000000000001,0.16,0.81,0.81,0.6400000000000001,3.24,1.96,1.2100000000000002,0.25,1.2100000000000002,0.01,0.0049,0.0484,0.1224999999999999,0.0121,0.4225,0.0,1.6384,1.0609,1.1449,0.1936,0.4899999999999999,0.0196,0.0676,0.4760999999999999,0.0225,0.6723999999999999,0.4096,0.5929,1.6129,0.7569,0.0440999999999999,0.0676,0.3969,0.0009,0.0036,0.0009,0.0036,0.0081,0.2025,0.0289,0.0001,0.0025,0.1224999999999999,0.0144,0.0049,0.0049
6.786999999999991,68.18749999999973,3.0031250000000242,64.59937499999977,-0.68,-24.981249999999854,13.681250000000027,-3.8362500000000317,1.030249999999841,29.66843750000008,-38.388249999999935,6.819937499999977,-7.196437500000105,94.36381250000002,-59.62668749999988,111.63087499999995,0.3,0.07,0.06,0.07,0.26,0.8,0.22,0.03,0.22,0.69,0.4,0.35,0.06,0.35,0.15,0.9,0.11,0.09,0.11,0.82,0.9,0.65,0.45,0.65,0.64,0.8,0.0,0.17,0.0,0.77,1.8,1.28,0.01,1.28,1.27,1.4,1.03,0.05,1.03,0.87,1.1,1.07,0.35,1.07,0.21,0.5,0.44,0.12,0.44,0.26,1.1,-0.7,0.07,-0.7,0.63,0.1,-0.14,0.07,-0.14,0.03,0.09,0.6400000000000001,0.16,0.81,0.81,0.6400000000000001,3.24,1.96,1.2100000000000002,0.25,1.2100000000000002,0.01,0.0049,0.0484,0.1224999999999999,0.0121,0.4225,0.0,1.6384,1.0609,1.1449,0.1936,0.4899999999999999,0.0196,0.0676,0.4760999999999999,0.0225,0.6723999999999999,0.4096,0.5929,1.6129,0.7569,0.0440999999999999,0.0676,0.3969,0.0009,0.0036,0.0009,0.0036,0.0081,0.2025,0.0289,0.0001,0.0025,0.1224999999999999,0.0144,0.0049,0.0049
6.836999999999991,69.72727272727245,2.8718181818182043,65.90818181818159,-0.68,-25.82727272727257,13.527272727272754,-3.738363636363638,1.7669090909089926,29.363727272727292,-38.90872727272715,6.949363636363614,-6.658727272727358,94.30145454545456,-60.30872727272715,111.94563636363631,0.3,0.07,0.06,0.07,0.26,0.8,0.22,0.03,0.22,0.69,0.4,0.35,0.06,0.35,0.15,0.9,0.11,0.09,0.11,0.82,0.9,0.65,0.45,0.65,0.64,0.8,0.0,0.17,0.0,0.77,1.8,1.28,0.01,1.28,1.27,1.4,1.03,0.05,1.03,0.87,1.1,1.07,0.35,1.07,0.21,0.5,0.44,0.12,0.44,0.26,1.1,-0.7,0.07,-0.7,0.63,0.1,-0.14,0.07,-0.14,0.03,0.09,0.6400000000000001,0.16,0.81,0.81,0.6400000000000001,3.24,1.96,1.2100000000000002,0.25,1.2100000000000002,0.01,0.0049,0.0484,0.1224999999999999,0.0121,0.4225,0.0,1.6384,1.0609,1.1449,0.1936,0.4899999999999999,0.0196,0.0676,0.4760999999999999,0.0225,0.6723999999999999,0.4096,0.5929,1.6129,0.7569,0.0440999999999999,0.0676,0.3969,0.0009,0.0036,0.0009,0.0036,0.0081,0.2025,0.0289,0.0001,0.0025,0.1224999999999999,0.0144,0.0049,0.0049
6.886999999999991,71.24999999999972,2.750000000000022,67.20249999999976,-0.6924999999999972,-26.657499999999846,13.575000000000028,-4.023749999999989,1.667750000000128,29.935749999999906,-38.57499999999993,7.03025000000002,-6.501750000000005,94.31649999999999,-61.05724999999989,112.36099999999993,0.3,0.07,0.06,0.07,0.26,0.8,0.22,0.03,0.22,0.69,0.4,0.35,0.06,0.35,0.15,0.9,0.11,0.09,0.11,0.82,0.9,0.65,0.45,0.65,0.64,0.8,0.0,0.17,0.0,0.77,1.8,1.28,0.01,1.28,1.27,1.4,1.03,0.05,1.03,0.87,1.1,1.07,0.35,1.07,0.21,0.5,0.44,0.12,0.44,0.26,1.1,-0.7,0.07,-0.7,0.63,0.1,-0.14,0.07,-0.14,0.03,0.09,0.6400000000000001,0.16,0.81,0.81,0.6400000000000001,3.24,1.96,1.2100000000000002,0.25,1.2100000000000002,0.01,0.0049,0.0484,0.1224999999999999,0.0121,0.4225,0.0,1.6384,1.0609,1.1449,0.1936,0.4899999999999999,0.0196,0.0676,0.4760999999999999,0.0225,0.6723999999999999,0.4096,0.5929,1.6129,0.7569,0.0440999999999999,0.0676,0.3969,0.0009,0.0036,0.0009,0.0036,0.0081,0.2025,0.0289,0.0001,0.0025,0.1224999999999999,0.0144,0.0049,0.0049
6.9369999999999905,72.81249999999972,2.6250000000000226,68.53062499999976,-0.7081249999999971,-27.52499999999984,13.337500000000057,-3.9449375000000377,0.7857500000001878,30.380374999999933,-39.21624999999984,6.852687500000044,-6.4881875,94.38512499999999,-61.656749999999896,112.74612499999994,0.3,0.07,0.06,0.07,0.26,0.8,0.22,0.03,0.22,0.69,0.4,0.35,0.06,0.35,0.15,0.9,0.11,0.09,0.11,0.82,0.9,0.65,0.45,0.65,0.64,0.8,0.0,0.17,0.0,0.77,1.8,1.28,0.01,1.28,1.27,1.4,1.03,0.05,1.03,0.87,1.1,1.07,0.35,1.07,0.21,0.5,0.44,0.12,0.44,0.26,1.1,-0.7,0.07,-0.7,0.63,0.1,-0.14,0.07,-0.14,0.03,0.09,0.6400000000000001,0.16,0.81,0.81,0.6400000000000001,3.24,1.96,1.2100000000000002,0.25,1.2100000000000002,0.01,0.0049,0.0484,0.1224999999999999,0.0121,0.4225,0.0,1.6384,1.0609,1.1449,0.1936,0.4899999999999999,0.0196,0.0676,0.4760999999999999,0.0225,0.6723999999999999,0.4096,0.5929,1.6129,0.7569,0.0440999999999999,0.0676,0.3969,0.0009,0.0036,0.0009,0.0036,0.0081,0.2025,0.0289,0.0001,0.0025,0.1224999999999999,0.0144,0.0049,0.0049
6.98699999999999,74.3437499999997,2.505937500000021,69.82874999999974,-0.723437499999997,-28.37249999999983,12.93125000000006,-3.2900312500001245,-0.5615624999997423,30.794343749999747,-39.80059375000028,6.4863437500000485,-6.470875000000013,94.36965625,-62.2020937499999,113.02937499999994,0.3,0.07,0.06,0.07,0.26,0.8,0.22,0.03,0.22,0.69,0.4,0.35,0.06,0.35,0.15,0.9,0.11,0.09,0.11,0.82,0.9,0.65,0.45,0.65,0.64,0.8,0.0,0.17,0.0,0.77,1.8,1.28,0.01,1.28,1.27,1.4,1.03,0.05,1.03,0.87,1.1,1.07,0.35,1.07,0.21,0.5,0.44,0.12,0.44,0.26,1.1,-0.7,0.07,-0.7,0.63,0.1,-0.14,0.07,-0.14,0.03,0.09,0.6400000000000001,0.16,0.81,0.81,0.6400000000000001,3.24,1.96,1.2100000000000002,0.25,1.2100000000000002,0.01,0.0049,0.0484,0.1224999999999999,0.0121,0.4225,0.0,1.6384,1.0609,1.1449,0.1936,0.4899999999999999,0.0196,0.0676,0.4760999999999999,0.0225,0.6723999999999999,0.4096,0.5929,1.6129,0.7569,0.0440999999999999,0.0676,0.3969,0.0009,0.0036,0.0009,0.0036,0.0081,0.2025,0.0289,0.0001,0.0025,0.1224999999999999,0.0144,0.0049,0.0049
7.03699999999999,75.90624999999969,2.3965625000000217,71.15031249999974,-0.7390624999999968,-29.23843749999983,12.70937500000003,-2.7009062500001084,-1.832499999999758,32.39678124999964,-37.50318750000057,6.320375000000021,-6.363156250000027,94.37715625,-62.784281249999886,113.35465624999993,0.3,0.07,0.06,0.07,0.26,0.8,0.22,0.03,0.22,0.69,0.4,0.35,0.06,0.35,0.15,0.9,0.11,0.09,0.11,0.82,0.9,0.65,0.45,0.65,0.64,0.8,0.0,0.17,0.0,0.77,1.8,1.28,0.01,1.28,1.27,1.4,1.03,0.05,1.03,0.87,1.1,1.07,0.35,1.07,0.21,0.5,0.44,0.12,0.44,0.26,1.1,-0.7,0.07,-0.7,0.63,0.1,-0.14,0.07,-0.14,0.03,0.09,0.6400000000000001,0.16,0.81,0.81,0.6400000000000001,3.24,1.96,1.2100000000000002,0.25,1.2100000000000002,0.01,0.0049,0.0484,0.1224999999999999,0.0121,0.4225,0.0,1.6384,1.0609,1.1449,0.1936,0.4899999999999999,0.0196,0.0676,0.4760999999999999,0.0225,0.6723999999999999,0.4096,0.5929,1.6129,0.7569,0.0440999999999999,0.0676,0.3969,0.0009,0.0036,0.0009,0.0036,0.0081,0.2025,0.0289,0.0001,0.0025,0.1224999999999999,0.0144,0.0049,0.0049
7.08699999999999,77.46874999999969,2.287187500000022,72.46374999999973,-0.7446874999999968,-30.122499999999825,12.993749999999936,-2.551906249999974,-2.679093749999834,33.211562499999836,-34.78246875000055,6.594249999999922,-5.957437500000085,94.35575000000001,-63.578499999999856,113.77949999999993,0.3,0.07,0.06,0.07,0.26,0.8,0.22,0.03,0.22,0.69,0.4,0.35,0.06,0.35,0.15,0.9,0.11,0.09,0.11,0.82,0.9,0.65,0.45,0.65,0.64,0.8,0.0,0.17,0.0,0.77,1.8,1.28,0.01,1.28,1.27,1.4,1.03,0.05,1.03,0.87,1.1,1.07,0.35,1.07,0.21,0.5,0.44,0.12,0.44,0.26,1.1,-0.7,0.07,-0.7,0.63,0.1,-0.14,0.07,-0.14,0.03,0.09,0.6400000000000001,0.16,0.81,0.81,0.6400000000000001,3.24,1.96,1.2100000000000002,0.25,1.2100000000000002,0.01,0.0049,0.0484,0.1224999999999999,0.0121,0.4225,0.0,1.6384,1.0609,1.1449,0.1936,0.4899999999999999,0.0196,0.0676,0.4760999999999999,0.0225,0.6723999999999999,0.4096,0.5929,1.6129,0.7569,0.0440999999999999,0.0676,0.3969,0.0009,0.0036,0.0009,0.0036,0.0081,0.2025,0.0289,0.0001,0.0025,0.1224999999999999,0.0144,0.0049,0.0049
7.13699999999999,79.03124999999967,2.1875000000000258,73.77593749999973,-0.7503124999999968,-30.997812499999817,13.378125000000226,-2.8977187499998482,-3.497343749999831,34.08115624999992,-32.09121875000056,7.044343749999986,-5.536625000000086,94.30796875,-64.22778124999996,114.10406249999998,0.3,0.07,0.05,0.07,0.26,0.8,0.21,0.03,0.21,0.7,0.4,0.34,0.03,0.34,0.16,0.9,0.1,0.1,0.1,0.85,0.9,0.73,0.44,0.73,0.59,0.9,0.0,0.09,0.0,0.82,1.7,1.22,0.07,1.22,1.25,1.4,1.05,0.01,1.05,0.9,1.2,1.1,0.38,1.1,0.27,0.5,0.46,0.12,0.46,0.22,1.0,-0.71,0.05,-0.71,0.59,0.1,-0.14,0.06,-0.14,0.03,0.09,0.6400000000000001,0.16,0.81,0.81,0.81,2.89,1.96,1.44,0.25,1.0,0.01,0.0049,0.0440999999999999,0.1156,0.01,0.5328999999999999,0.0,1.4884,1.1025,1.2100000000000002,0.2116,0.5041,0.0196,0.0676,0.4899999999999999,0.0256,0.7224999999999999,0.3480999999999999,0.6723999999999999,1.5625,0.81,0.0729,0.0484,0.3480999999999999,0.0009,0.0025,0.0009,0.0009,0.01,0.1936,0.0081,0.0049,0.0001,0.1444,0.0144,0.0025,0.0036
7.18699999999999,80.59374999999967,2.068437500000023,75.07281249999973,-0.76,-31.894374999999812,12.343750000000197,-3.657999999999831,-4.367968749999798,34.713281249999774,-29.389687500000573,7.004062500000046,-5.194468750000046,94.31768749999999,-64.49878124999991,114.26359374999994,0.3,0.07,0.05,0.07,0.26,0.8,0.21,0.03,0.21,0.7,0.4,0.34,0.03,0.34,0.16,0.9,0.1,0.1,0.1,0.85,0.9,0.73,0.44,0.73,0.59,0.9,0.0,0.09,0.0,0.82,1.7,1.22,0.07,1.22,1.25,1.4,1.05,0.01,1.05,0.9,1.2,1.1,0.38,1.1,0.27,0.5,0.46,0.12,0.46,0.22,1.0,-0.71,0.05,-0.71,0.59,0.1,-0.14,0.06,-0.14,0.03,0.09,0.6400000000000001,0.16,0.81,0.81,0.81,2.89,1.96,1.44,0.25,1.0,0.01,0.0049,0.0440999999999999,0.1156,0.01,0.5328999999999999,0.0,1.4884,1.1025,1.2100000000000002,0.2116,0.5041,0.0196,0.0676,0.4899999999999999,0.0256,0.7224999999999999,0.3480999999999999,0.6723999999999999,1.5625,0.81,0.0729,0.0484,0.3480999999999999,0.0009,0.0025,0.0009,0.0009,0.01,0.1936,0.0081,0.0049,0.0001,0.1444,0.0144,0.0025,0.0036
7.236999999999989,82.1612903225803,1.970322580645182,76.37387096774164,-0.77,-32.79193548387077,11.61935483870985,-4.465935483870889,-5.497999999999711,36.37887096774194,-26.621806451613523,6.434548387097035,-5.2336451612902355,94.38438709677416,-65.1440967741934,114.68435483870958,0.3,0.07,0.05,0.07,0.26,0.8,0.21,0.03,0.21,0.7,0.4,0.34,0.03,0.34,0.16,0.9,0.1,0.1,0.1,0.85,0.9,0.73,0.44,0.73,0.59,0.9,0.0,0.09,0.0,0.82,1.7,1.22,0.07,1.22,1.25,1.4,1.05,0.01,1.05,0.9,1.2,1.1,0.38,1.1,0.27,0.5,0.46,0.12,0.46,0.22,1.0,-0.71,0.05,-0.71,0.59,0.1,-0.14,0.06,-0.14,0.03,0.09,0.6400000000000001,0.16,0.81,0.81,0.81,2.89,1.96,1.44,0.25,1.0,0.01,0.0049,0.0440999999999999,0.1156,0.01,0.5328999999999999,0.0,1.4884,1.1025,1.2100000000000002,0.2116,0.5041,0.0196,0.0676,0.4899999999999999,0.0256,0.7224999999999999,0.3480999999999999,0.6723999999999999,1.5625,0.81,0.0729,0.0484,0.3480999999999999,0.0009,0.0025,0.0009,0.0009,0.01,0.1936,0.0081,0.0049,0.0001,0.1444,0.0144,0.0025,0.0036
7.286999999999989,83.74999999999967,1.87500000000002,77.69249999999973,-0.7774999999999967,-33.70499999999981,10.825000000000166,-4.716499999999974,-6.8322499999997195,36.09100000000012,-23.997500000000496,5.177500000000278,-5.684249999999894,94.51549999999997,-65.79074999999986,115.1629999999999,0.3,0.07,0.05,0.07,0.26,0.8,0.21,0.03,0.21,0.7,0.4,0.34,0.03,0.34,0.16,0.9,0.1,0.1,0.1,0.85,0.9,0.73,0.44,0.73,0.59,0.9,0.0,0.09,0.0,0.82,1.7,1.22,0.07,1.22,1.25,1.4,1.05,0.01,1.05,0.9,1.2,1.1,0.38,1.1,0.27,0.5,0.46,0.12,0.46,0.22,1.0,-0.71,0.05,-0.71,0.59,0.1,-0.14,0.06,-0.14,0.03,0.09,0.6400000000000001,0.16,0.81,0.81,0.81,2.89,1.96,1.44,0.25,1.0,0.01,0.0049,0.0440999999999999,0.1156,0.01,0.5328999999999999,0.0,1.4884,1.1025,1.2100000000000002,0.2116,0.5041,0.0196,0.0676,0.4899999999999999,0.0256,0.7224999999999999,0.3480999999999999,0.6723999999999999,1.5625,0.81,0.0729,0.0484,0.3480999999999999,0.0009,0.0025,0.0009,0.0009,0.01,0.1936,0.0081,0.0049,0.0001,0.1444,0.0144,0.0025,0.0036
7.336999999999989,85.34374999999967,1.77937500000002,79.00531249999972,-0.7934374999999967,-34.61937499999981,10.131250000000065,-4.44784375000011,-8.0583749999998,35.294625000000075,-22.60906250000043,3.883656250000222,-6.302937499999865,94.59196875,-66.38346874999989,115.56631249999994,0.3,0.07,0.05,0.07,0.26,0.8,0.21,0.03,0.21,0.7,0.4,0.34,0.03,0.34,0.16,0.9,0.1,0.1,0.1,0.85,0.9,0.73,0.44,0.73,0.59,0.9,0.0,0.09,0.0,0.82,1.7,1.22,0.07,1.22,1.25,1.4,1.05,0.01,1.05,0.9,1.2,1.1,0.38,1.1,0.27,0.5,0.46,0.12,0.46,0.22,1.0,-0.71,0.05,-0.71,0.59,0.1,-0.14,0.06,-0.14,0.03,0.09,0.6400000000000001,0.16,0.81,0.81,0.81,2.89,1.96,1.44,0.25,1.0,0.01,0.0049,0.0440999999999999,0.1156,0.01,0.5328999999999999,0.0,1.4884,1.1025,1.2100000000000002,0.2116,0.5041,0.0196,0.0676,0.4899999999999999,0.0256,0.7224999999999999,0.3480999999999999,0.6723999999999999,1.5625,0.81,0.0729,0.0484,0.3480999999999999,0.0009,0.0025,0.0009,0.0009,0.01,0.1936,0.0081,0.0049,0.0001,0.1444,0.0144,0.0025,0.0036
7.386999999999989,86.93548387096737,1.6838709677419572,80.31709677419326,-0.8093548387096738,-35.54258064516108,9.812903225806526,-3.8407096774195058,-8.921193548386917,35.03929032258068,-20.213129032258664,2.9330967741937464,-6.949935483870821,94.56006451612905,-66.88732258064505,115.83225806451607,0.3,0.05129032258065245,0.05935483870967378,0.05129032258065245,0.2506451612903262,0.8,0.20064516129032622,0.03,0.20064516129032622,0.7,0.4,0.3119354838709787,0.011290322580652445,0.3119354838709787,0.18806451612902134,0.9,0.08129032258065244,0.10935483870967377,0.08129032258065244,0.8687096774193476,1.1806451612902134,1.0387096774192348,0.6083870967741281,1.0387096774192348,0.47774193548391464,0.9,0.018709677419347558,0.061935483870978664,0.018709677419347558,0.8387096774193475,1.7,1.1825806451613048,0.12612903225804267,1.1825806451613048,1.2312903225806524,1.4,1.0406451612903262,0.01,1.0406451612903262,0.9280645161290214,1.2935483870967377,1.1187096774193477,0.3893548387096738,1.1187096774193477,0.3074193548386951,0.5,0.46935483870967376,0.12,0.46935483870967376,0.17322580645163113,1.0,-0.7193548387096738,0.031290322580652445,-0.7193548387096738,0.5619354838709787,0.1,-0.13064516129032622,0.06,-0.13064516129032622,0.03,0.09,0.6400000000000001,0.16,0.81,1.3993548387094479,0.81,2.89,1.96,1.6738709677418446,0.25,1.0,0.01,0.0026548387096782936,0.04026451612903374,0.09735806451613613,0.00663225806451744,1.0854903225804302,0.0003741935483869512,1.398593548387132,1.0829483870967818,1.2515354838709518,0.22029999999999653,0.5174774193548335,0.01707419354838808,0.06282903225806637,0.4899999999999999,0.035422580645157464,0.7546806451612778,0.22910645161294946,0.7034580645161168,1.516100000000018,0.8613580645161092,0.09460322580644318,0.03015806451613613,0.31582580645162545,0.0009,0.0035290322580641157,0.0009,0.00015161290322609773,0.011964516129031492,0.3720903225805757,0.0038903225806467996,0.01612580645160853,0.0001,0.15160322580644883,0.0144,0.0010032258064521953,0.0036
7.436999999999989,88.54838709677384,1.602580645161308,81.63967741935456,-0.8254838709677383,-36.48806451612883,10.054838709677384,-3.4125806451613414,-9.22741935483867,32.8227741935488,-19.022806451613047,3.038870967741852,-7.227548387096741,94.5832258064516,-67.27632258064507,116.07996774193542,0.3,0.05,0.06,0.05,0.25,0.8,0.2,0.03,0.2,0.7,0.4,0.31,0.01,0.31,0.19,0.9,0.08,0.11,0.08,0.87,1.2,1.06,0.62,1.06,0.47,0.9,0.02,0.06,0.02,0.84,1.7,1.18,0.13,1.18,1.23,1.4,1.04,0.01,1.04,0.93,1.3,1.12,0.39,1.12,0.31,0.5,0.47,0.12,0.47,0.17,1.0,-0.72,0.03,-0.72,0.56,0.1,-0.13,0.06,-0.13,0.03,0.09,0.6400000000000001,0.16,0.81,1.44,0.81,2.89,1.96,1.6900000000000002,0.25,1.0,0.01,0.0025,0.04,0.0961,0.0064,1.1236000000000002,0.0004,1.3924,1.0816,1.2544000000000002,0.2208999999999999,0.5184,0.0169,0.0625,0.4899999999999999,0.0361,0.7569,0.2208999999999999,0.7055999999999999,1.5129,0.8649000000000001,0.0961,0.0289,0.3136,0.0009,0.0036,0.0009,0.0001,0.0121,0.3844,0.0036,0.0169,0.0001,0.1521,0.0144,0.0009,0.0036
7.4869999999999886,90.12903225806416,1.5335483870967923,82.9358064516126,-0.8425806451612831,-37.40612903225785,10.203225806451325,-3.430290322580619,-9.258935483870996,31.5403225806454,-18.948322580645232,3.7111290322578854,-7.226548387096804,94.7118387096774,-67.65322580645149,116.40345161290314,0.3,0.05,0.06,0.05,0.25,0.8,0.2,0.03,0.2,0.7,0.4,0.31,0.01,0.31,0.19,0.9,0.08,0.11,0.08,0.87,1.2,1.06,0.62,1.06,0.47,0.9,0.02,0.06,0.02,0.84,1.7,1.18,0.13,1.18,1.23,1.4,1.04,0.01,1.04,0.93,1.3,1.12,0.39,1.12,0.31,0.5,0.47,0.12,0.47,0.17,1.0,-0.72,0.03,-0.72,0.56,0.1,-0.13,0.06,-0.13,0.03,0.09,0.6400000000000001,0.16,0.81,1.44,0.81,2.89,1.96,1.6900000000000002,0.25,1.0,0.01,0.0025,0.04,0.0961,0.0064,1.1236000000000002,0.0004,1.3924,1.0816,1.2544000000000002,0.2208999999999999,0.5184,0.0169,0.0625,0.4899999999999999,0.0361,0.7569,0.2208999999999999,0.7055999999999999,1.5129,0.8649000000000001,0.0961,0.0289,0.3136,0.0009,0.0036,0.0009,0.0001,0.0121,0.3844,0.0036,0.0169,0.0001,0.1521,0.0144,0.0009,0.0036
7.536999999999988,91.74193548387059,1.4529032258064702,84.25838709677389,-0.8674193548387059,-38.357741935483645,11.419354838709415,-3.5998387096773654,-9.100483870967789,30.68822580645175,-18.504193548387235,4.50754838709659,-7.097387096774223,94.77654838709677,-68.19280645161277,116.7677741935483,0.3,0.05,0.06,0.05,0.25,0.8,0.2,0.03,0.2,0.7,0.4,0.31,0.01,0.31,0.19,0.9,0.08,0.11,0.08,0.87,1.2,1.06,0.62,1.06,0.47,0.9,0.02,0.06,0.02,0.84,1.7,1.18,0.13,1.18,1.23,1.4,1.04,0.01,1.04,0.93,1.3,1.12,0.39,1.12,0.31,0.5,0.47,0.12,0.47,0.17,1.0,-0.72,0.03,-0.72,0.56,0.1,-0.13,0.06,-0.13,0.03,0.09,0.6400000000000001,0.16,0.81,1.44,0.81,2.89,1.96,1.6900000000000002,0.25,1.0,0.01,0.0025,0.04,0.0961,0.0064,1.1236000000000002,0.0004,1.3924,1.0816,1.2544000000000002,0.2208999999999999,0.5184,0.0169,0.0625,0.4899999999999999,0.0361,0.7569,0.2208999999999999,0.7055999999999999,1.5129,0.8649000000000001,0.0961,0.0289,0.3136,0.0009,0.0036,0.0009,0.0001,0.0121,0.3844,0.0036,0.0169,0.0001,0.1521,0.0144,0.0009,0.0036
7.586999999999988,93.35483870967704,1.3958064516129183,85.5674193548384,-0.8835483870967704,-39.30935483870945,12.241935483870817,-4.156451612903067,-8.754580645161385,31.1692580645161,-17.48351612903248,5.248451612903078,-7.0315483870967705,94.7453870967742,-68.64454838709668,117.00538709677414,0.3,0.05,0.06,0.05,0.25,0.8,0.2,0.03,0.2,0.7,0.4,0.31,0.01,0.31,0.19,0.9,0.08,0.11,0.08,0.87,1.2,1.06,0.62,1.06,0.47,0.9,0.02,0.06,0.02,0.84,1.7,1.18,0.13,1.18,1.23,1.4,1.04,0.01,1.04,0.93,1.3,1.12,0.39,1.12,0.31,0.5,0.47,0.12,0.47,0.17,1.0,-0.72,0.03,-0.72,0.56,0.1,-0.13,0.06,-0.13,0.03,0.09,0.6400000000000001,0.16,0.81,1.44,0.81,2.89,1.96,1.6900000000000002,0.25,1.0,0.01,0.0025,0.04,0.0961,0.0064,1.1236000000000002,0.0004,1.3924,1.0816,1.2544000000000002,0.2208999999999999,0.5184,0.0169,0.0625,0.4899999999999999,0.0361,0.7569,0.2208999999999999,0.7055999999999999,1.5129,0.8649000000000001,0.0961,0.0289,0.3136,0.0009,0.0036,0.0009,0.0001,0.0121,0.3844,0.0036,0.0169,0.0001,0.1521,0.0144,0.0009,0.0036
7.636999999999988,94.99999999999962,1.3300000000000154,86.90999999999968,-0.8999999999999961,-40.279999999999774,12.799999999999885,-4.8889999999998235,-8.322000000000102,30.998000000000086,-16.583000000000197,5.846999999999868,-7.081999999999983,94.738,-69.0619999999999,117.24699999999994,0.20000000000003848,0.0100000000000154,0.06999999999999616,0.0100000000000154,0.24000000000000385,0.8,0.18000000000000768,0.03,0.18000000000000768,0.7,0.30000000000003846,0.2700000000000154,0.019999999999996153,0.2700000000000154,0.2099999999999923,0.9,0.08999999999999615,0.11,0.08999999999999615,0.87,1.2,1.0899999999999885,0.6299999999999961,1.0899999999999885,0.5599999999999654,0.9,0.01000000000000385,0.010000000000019243,0.01000000000000385,0.8699999999999884,1.7,1.18,0.13999999999999616,1.18,1.2499999999999922,1.4,1.0100000000000116,0.01,1.0100000000000116,0.9100000000000077,1.2000000000000384,1.0900000000000116,0.30000000000003463,1.0900000000000116,0.31,0.5,0.4899999999999923,0.10000000000000771,0.4899999999999923,0.16000000000000386,1.0,-0.6600000000000231,0.03999999999999615,-0.6600000000000231,0.5500000000000039,0.1,-0.13,0.06,-0.13,0.03999999999999615,0.04000000000001924,0.6400000000000001,0.09000000000002693,0.81,1.44,0.81,2.89,1.96,1.440000000000096,0.25,1.0,0.01,0.00010000000000092357,0.032400000000002926,0.07290000000000893,0.008099999999999346,1.1880999999999753,0.00010000000000011546,1.3924,1.0201000000000238,1.1881000000000257,0.2400999999999925,0.43560000000003185,0.0169,0.057600000000001886,0.4899999999999999,0.04409999999999682,0.7569,0.3135999999999643,0.7568999999999803,1.562499999999981,0.8281000000000143,0.0961,0.02560000000000127,0.30250000000000427,0.0015999999999997305,0.004899999999999499,0.0009,0.00039999999999988455,0.0121,0.39689999999999515,0.00010000000000134684,0.01959999999999896,0.0001,0.0900000000000239,0.010000000000001693,0.0015999999999997305,0.0036
7.686999999999988,96.61290322580606,1.2816129032258181,88.21645161290292,-0.9222580645161212,-41.23774193548363,13.445161290322424,-5.807774193548158,-7.588548387096969,29.014870967742365,-16.921548387096703,6.30987096774183,-7.261387096774145,94.86283870967739,-69.60980645161278,117.67209677419345,0.2,0.01,0.07,0.01,0.24,0.8,0.18,0.03,0.18,0.7,0.3,0.27,0.02,0.27,0.21,0.9,0.09,0.11,0.09,0.87,1.2,1.09,0.63,1.09,0.56,0.9,0.01,0.01,0.01,0.87,1.7,1.18,0.14,1.18,1.25,1.4,1.01,0.01,1.01,0.91,1.2,1.09,0.3,1.09,0.31,0.5,0.49,0.1,0.49,0.16,1.0,-0.66,0.04,-0.66,0.55,0.1,-0.13,0.06,-0.13,0.04,0.04,0.6400000000000001,0.09,0.81,1.44,0.81,2.89,1.96,1.44,0.25,1.0,0.01,0.0001,0.0324,0.0729,0.0081,1.1881000000000002,0.0001,1.3924,1.0201,1.1881000000000002,0.2400999999999999,0.4356,0.0169,0.0576,0.4899999999999999,0.0440999999999999,0.7569,0.3136,0.7569,1.5625,0.8281000000000001,0.0961,0.0256,0.3025,0.0016,0.0049,0.0009,0.0004,0.0121,0.3969,0.0001,0.0196,0.0001,0.09,0.01,0.0016,0.0036
7.736999999999988,98.25806451612863,1.232258064516141,89.54645161290291,-0.9425806451612863,-42.21483870967718,14.051612903225726,-6.811838709677192,-6.604677419355114,27.56106451612946,-16.936903225806706,6.661193548387063,-7.504225806451553,95.05716129032255,-70.08945161290313,118.11174193548379,0.2,0.01,0.07,0.01,0.24,0.8,0.18,0.03,0.18,0.7,0.3,0.27,0.02,0.27,0.21,0.9,0.09,0.11,0.09,0.87,1.2,1.09,0.63,1.09,0.56,0.9,0.01,0.01,0.01,0.87,1.7,1.18,0.14,1.18,1.25,1.4,1.01,0.01,1.01,0.91,1.2,1.09,0.3,1.09,0.31,0.5,0.49,0.1,0.49,0.16,1.0,-0.66,0.04,-0.66,0.55,0.1,-0.13,0.06,-0.13,0.04,0.04,0.6400000000000001,0.09,0.81,1.44,0.81,2.89,1.96,1.44,0.25,1.0,0.01,0.0001,0.0324,0.0729,0.0081,1.1881000000000002,0.0001,1.3924,1.0201,1.1881000000000002,0.2400999999999999,0.4356,0.0169,0.0576,0.4899999999999999,0.0440999999999999,0.7569,0.3136,0.7569,1.5625,0.8281000000000001,0.0961,0.0256,0.3025,0.0016,0.0049,0.0009,0.0004,0.0121,0.3969,0.0001,0.0196,0.0001,0.09,0.01,0.0016,0.0036
7.7869999999999875,99.87096774193508,1.1751612903225972,90.84548387096741,-0.9587096774193506,-43.17387096774169,14.374193548387014,-7.676451612903016,-5.467516129032554,25.817000000000448,-15.89577419354866,6.720645161290324,-7.7432903225805845,95.11329032258064,-70.4501612903225,118.37180645161284,0.2,0.01,0.07,0.01,0.24,0.8,0.18,0.03,0.18,0.7,0.3,0.27,0.02,0.27,0.21,0.9,0.09,0.11,0.09,0.87,1.2,1.09,0.63,1.09,0.56,0.9,0.01,0.01,0.01,0.87,1.7,1.18,0.14,1.18,1.25,1.4,1.01,0.01,1.01,0.91,1.2,1.09,0.3,1.09,0.31,0.5,0.49,0.1,0.49,0.16,1.0,-0.66,0.04,-0.66,0.55,0.1,-0.13,0.06,-0.13,0.04,0.04,0.6400000000000001,0.09,0.81,1.44,0.81,2.89,1.96,1.44,0.25,1.0,0.01,0.0001,0.0324,0.0729,0.0081,1.1881000000000002,0.0001,1.3924,1.0201,1.1881000000000002,0.2400999999999999,0.4356,0.0169,0.0576,0.4899999999999999,0.0440999999999999,0.7569,0.3136,0.7569,1.5625,0.8281000000000001,0.0961,0.0256,0.3025,0.0016,0.0049,0.0009,0.0004,0.0121,0.3969,0.0001,0.0196,0.0001,0.09,0.01,0.0016,0.0036
7.836999999999987,101.53333333333292,1.1240000000000125,92.17666666666634,-0.9853333333333292,-44.16999999999975,13.940000000000126,-7.995999999999962,-4.28140000000029,24.893466666667013,-17.401066666666196,6.131333333333523,-7.904066666666629,95.12433333333334,-70.59639999999997,118.47133333333332,0.2,0.01,0.07,0.01,0.24,0.8,0.18,0.03,0.18,0.7,0.3,0.27,0.02,0.27,0.21,0.9,0.09,0.11,0.09,0.87,1.2,1.09,0.63,1.09,0.56,0.9,0.01,0.01,0.01,0.87,1.7,1.18,0.14,1.18,1.25,1.4,1.01,0.01,1.01,0.91,1.2,1.09,0.3,1.09,0.31,0.5,0.49,0.1,0.49,0.16,1.0,-0.66,0.04,-0.66,0.55,0.1,-0.13,0.06,-0.13,0.04,0.04,0.6400000000000001,0.09,0.81,1.44,0.81,2.89,1.96,1.44,0.25,1.0,0.01,0.0001,0.0324,0.0729,0.0081,1.1881000000000002,0.0001,1.3924,1.0201,1.1881000000000002,0.2400999999999999,0.4356,0.0169,0.0576,0.4899999999999999,0.0440999999999999,0.7569,0.3136,0.7569,1.5625,0.8281000000000001,0.0961,0.0256,0.3025,0.0016,0.0049,0.0009,0.0004,0.0121,0.3969,0.0001,0.0196,0.0001,0.09,0.01,0.0016,0.0036
7.886999999999987,103.16666666666625,1.0733333333333501,93.48499999999966,-1.013333333333325,-45.139999999999745,13.216666666666876,-7.961833333333426,-3.2075000000002327,22.96433333333378,-19.613666666665644,5.231166666666946,-8.059833333333277,95.09783333333334,-70.73533333333322,118.53633333333327,0.2,0.0,0.1,0.0,0.21,0.8,0.17,0.02,0.17,0.71,0.3,0.17,0.04,0.17,0.27,0.9,0.08,0.1,0.08,0.86,1.3,1.15,0.67,1.15,0.64,0.9,-0.02,0.0,-0.02,0.89,1.6,1.14,0.23,1.14,1.17,1.4,1.0,0.01,1.0,0.91,1.1,1.0,0.18,1.0,0.24,0.5,0.52,0.06,0.52,0.17,0.9,-0.61,0.08,-0.61,0.54,0.1,-0.13,0.06,-0.13,0.04,0.04,0.6400000000000001,0.09,0.81,1.6900000000000002,0.81,2.5600000000000005,1.96,1.2100000000000002,0.25,0.81,0.01,0.0,0.0289,0.0289,0.0064,1.3224999999999998,0.0004,1.2996,1.0,1.0,0.2704,0.3721,0.0169,0.0440999999999999,0.5041,0.0729,0.7395999999999999,0.4096,0.7921,1.3688999999999998,0.8281000000000001,0.0576,0.0289,0.2916,0.0016,0.01,0.0004,0.0016,0.01,0.4489000000000001,0.0,0.0529,0.0001,0.0324,0.0036,0.0064,0.0036
7.936999999999987,104.80645161290282,1.0158064516129155,94.80516129032225,-1.0461290322580563,-46.12387096774169,12.477419354838874,-7.596161290322672,-2.385322580645344,21.25100000000042,-23.682483870966706,4.154419354838976,-8.33448387096766,95.07974193548388,-71.19280645161278,118.79783870967735,0.2,0.0,0.1,0.0,0.21,0.8,0.17,0.02,0.17,0.71,0.3,0.17,0.04,0.17,0.27,0.9,0.08,0.1,0.08,0.86,1.3,1.15,0.67,1.15,0.64,0.9,-0.02,0.0,-0.02,0.89,1.6,1.14,0.23,1.14,1.17,1.4,1.0,0.01,1.0,0.91,1.1,1.0,0.18,1.0,0.24,0.5,0.52,0.06,0.52,0.17,0.9,-0.61,0.08,-0.61,0.54,0.1,-0.13,0.06,-0.13,0.04,0.04,0.6400000000000001,0.09,0.81,1.6900000000000002,0.81,2.5600000000000005,1.96,1.2100000000000002,0.25,0.81,0.01,0.0,0.0289,0.0289,0.0064,1.3224999999999998,0.0004,1.2996,1.0,1.0,0.2704,0.3721,0.0169,0.0440999999999999,0.5041,0.0729,0.7395999999999999,0.4096,0.7921,1.3688999999999998,0.8281000000000001,0.0576,0.0289,0.2916,0.0016,0.01,0.0004,0.0016,0.01,0.4489000000000001,0.0,0.0529,0.0001,0.0324,0.0036,0.0064,0.0036
7.986999999999987,106.46666666666623,0.9613333333333509,96.13333333333298,-1.0646666666666624,-47.119999999999735,12.346666666666623,-7.571999999999934,-2.433933333333154,19.819200000000123,-26.545266666666162,3.347533333333505,-9.045399999999768,95.12653333333328,-71.50606666666651,119.02006666666654,0.2,0.0,0.1,0.0,0.21,0.8,0.17,0.02,0.17,0.71,0.3,0.17,0.04,0.17,0.27,0.9,0.08,0.1,0.08,0.86,1.3,1.15,0.67,1.15,0.64,0.9,-0.02,0.0,-0.02,0.89,1.6,1.14,0.23,1.14,1.17,1.4,1.0,0.01,1.0,0.91,1.1,1.0,0.18,1.0,0.24,0.5,0.52,0.06,0.52,0.17,0.9,-0.61,0.08,-0.61,0.54,0.1,-0.13,0.06,-0.13,0.04,0.04,0.6400000000000001,0.09,0.81,1.6900000000000002,0.81,2.5600000000000005,1.96,1.2100000000000002,0.25,0.81,0.01,0.0,0.0289,0.0289,0.0064,1.3224999999999998,0.0004,1.2996,1.0,1.0,0.2704,0.3721,0.0169,0.0440999999999999,0.5041,0.0729,0.7395999999999999,0.4096,0.7921,1.3688999999999998,0.8281000000000001,0.0576,0.0289,0.2916,0.0016,0.01,0.0004,0.0016,0.01,0.4489000000000001,0.0,0.0529,0.0001,0.0324,0.0036,0.0064,0.0036
8.036999999999987,108.1333333333329,0.894666666666684,97.46666666666631,-1.092666666666658,-48.12999999999974,12.713333333333289,-8.055533333333084,-3.6521333333327144,19.95100000000055,-27.5883333333337,2.797600000000145,-10.00739999999979,95.4165333333332,-72.34219999999983,119.75546666666645,0.2,0.0,0.1,0.0,0.21,0.8,0.17,0.02,0.17,0.71,0.3,0.17,0.04,0.17,0.27,0.9,0.08,0.1,0.08,0.86,1.3,1.15,0.67,1.15,0.64,0.9,-0.02,0.0,-0.02,0.89,1.6,1.14,0.23,1.14,1.17,1.4,1.0,0.01,1.0,0.91,1.1,1.0,0.18,1.0,0.24,0.5,0.52,0.06,0.52,0.17,0.9,-0.61,0.08,-0.61,0.54,0.1,-0.13,0.06,-0.13,0.04,0.04,0.6400000000000001,0.09,0.81,1.6900000000000002,0.81,2.5600000000000005,1.96,1.2100000000000002,0.25,0.81,0.01,0.0,0.0289,0.0289,0.0064,1.3224999999999998,0.0004,1.2996,1.0,1.0,0.2704,0.3721,0.0169,0.0440999999999999,0.5041,0.0729,0.7395999999999999,0.4096,0.7921,1.3688999999999998,0.8281000000000001,0.0576,0.0289,0.2916,0.0016,0.01,0.0004,0.0016,0.01,0.4489000000000001,0.0,0.0529,0.0001,0.0324,0.0036,0.0064,0.0036
8.086999999999986,109.79999999999951,0.8280000000000194,98.79199999999962,-1.1259999999999901,-49.1379999999997,12.8,-9.044999999999702,-6.185599999999212,17.735600000000673,-26.531200000000197,2.1930000000001915,-10.717199999999822,95.90539999999986,-73.00239999999981,120.55199999999977,0.2,0.0,0.1,0.0,0.21,0.8,0.17,0.02,0.17,0.71,0.3,0.17,0.04,0.17,0.27,0.9,0.08,0.1,0.08,0.86,1.3,1.15,0.67,1.15,0.64,0.9,-0.02,0.0,-0.02,0.89,1.6,1.14,0.23,1.14,1.17,1.4,1.0,0.01,1.0,0.91,1.1,1.0,0.18,1.0,0.24,0.5,0.52,0.06,0.52,0.17,0.9,-0.61,0.08,-0.61,0.54,0.1,-0.13,0.06,-0.13,0.04,0.04,0.6400000000000001,0.09,0.81,1.6900000000000002,0.81,2.5600000000000005,1.96,1.2100000000000002,0.25,0.81,0.01,0.0,0.0289,0.0289,0.0064,1.3224999999999998,0.0004,1.2996,1.0,1.0,0.2704,0.3721,0.0169,0.0440999999999999,0.5041,0.0729,0.7395999999999999,0.4096,0.7921,1.3688999999999998,0.8281000000000001,0.0576,0.0289,0.2916,0.0016,0.01,0.0004,0.0016,0.01,0.4489000000000001,0.0,0.0529,0.0001,0.0324,0.0036,0.0064,0.0036
8.136999999999986,111.46666666666621,0.7613333333333515,100.11866666666631,-1.1593333333333242,-50.14999999999973,11.633333333333788,-9.946466666666524,-9.636466666665598,15.520600000001002,-28.690133333333048,1.1253333333337054,-10.71366666666673,96.3437999999999,-73.73919999999981,121.35433333333314,0.2,0.0,0.1,0.0,0.21,0.8,0.17,0.02,0.17,0.71,0.3,0.17,0.04,0.17,0.27,0.9,0.08,0.1,0.08,0.86,1.3,1.15,0.67,1.15,0.64,0.9,-0.02,0.0,-0.02,0.89,1.6,1.14,0.23,1.14,1.17,1.4,1.0,0.01,1.0,0.91,1.1,1.0,0.18,1.0,0.24,0.5,0.52,0.06,0.52,0.17,0.9,-0.61,0.08,-0.61,0.54,0.1,-0.13,0.06,-0.13,0.04,0.04,0.6400000000000001,0.09,0.81,1.6900000000000002,0.81,2.5600000000000005,1.96,1.2100000000000002,0.25,0.81,0.01,0.0,0.0289,0.0289,0.0064,1.3224999999999998,0.0004,1.2996,1.0,1.0,0.2704,0.3721,0.0169,0.0440999999999999,0.5041,0.0729,0.7395999999999999,0.4096,0.7921,1.3688999999999998,0.8281000000000001,0.0576,0.0289,0.2916,0.0016,0.01,0.0004,0.0016,0.01,0.4489000000000001,0.0,0.0529,0.0001,0.0324,0.0036,0.0064,0.0036
8.186999999999987,113.16666666666622,0.6933333333333511,101.47166666666632,-1.2033333333333245,-51.181666666666395,9.68333333333391,-10.138333333333373,-14.003999999998758,10.642833333334266,-28.512999999999945,-0.44499999999966694,-10.305166666666885,96.68049999999982,-74.34466666666663,121.99316666666651,0.2,0.0,0.1,0.0,0.21,0.8,0.17,0.02,0.17,0.71,0.3,0.17,0.04,0.17,0.27,0.9,0.08,0.1,0.08,0.86,1.3,1.15,0.67,1.15,0.64,0.9,-0.02,0.0,-0.02,0.89,1.6,1.14,0.23,1.14,1.17,1.4,1.0,0.01,1.0,0.91,1.1,1.0,0.18,1.0,0.24,0.5,0.52,0.06,0.52,0.17,0.9,-0.61,0.08,-0.61,0.54,0.1,-0.13,0.06,-0.13,0.04,0.04,0.6400000000000001,0.09,0.81,1.6900000000000002,0.81,2.5600000000000005,1.96,1.2100000000000002,0.25,0.81,0.01,0.0,0.0289,0.0289,0.0064,1.3224999999999998,0.0004,1.2996,1.0,1.0,0.2704,0.3721,0.0169,0.0440999999999999,0.5041,0.0729,0.7395999999999999,0.4096,0.7921,1.3688999999999998,0.8281000000000001,0.0576,0.0289,0.2916,0.0016,0.01,0.0004,0.0016,0.01,0.4489000000000001,0.0,0.0529,0.0001,0.0324,0.0036,0.0064,0.0036
8.236999999999986,114.86206896551677,0.6255172413793294,102.81965517241342,-1.2372413793103354,-52.21586206896522,7.565517241379881,-10.032241379310362,-18.721068965515926,7.264413793104345,-28.40524137931046,-1.5803448275859255,-9.424448275862328,97.31799999999983,-74.56748275862061,122.63193103448258,0.2,0.0,0.1,0.0,0.21,0.8,0.17,0.02,0.17,0.71,0.3,0.17,0.04,0.17,0.27,0.9,0.08,0.1,0.08,0.86,1.3,1.15,0.67,1.15,0.64,0.9,-0.02,0.0,-0.02,0.89,1.6,1.14,0.23,1.14,1.17,1.4,1.0,0.01,1.0,0.91,1.1,1.0,0.18,1.0,0.24,0.5,0.52,0.06,0.52,0.17,0.9,-0.61,0.08,-0.61,0.54,0.1,-0.13,0.06,-0.13,0.04,0.04,0.6400000000000001,0.09,0.81,1.6900000000000002,0.81,2.5600000000000005,1.96,1.2100000000000002,0.25,0.81,0.01,0.0,0.0289,0.0289,0.0064,1.3224999999999998,0.0004,1.2996,1.0,1.0,0.2704,0.3721,0.0169,0.0440999999999999,0.5041,0.0729,0.7395999999999999,0.4096,0.7921,1.3688999999999998,0.8281000000000001,0.0576,0.0289,0.2916,0.0016,0.01,0.0004,0.0016,0.01,0.4489000000000001,0.0,0.0529,0.0001,0.0324,0.0036,0.0064,0.0036
8.286999999999985,116.55172413793049,0.5479310344827806,104.15586206896509,-1.2710344827586098,-53.256551724137594,6.524137931034757,-10.660517241379049,-22.683758620688536,3.953689655173484,-24.188206896552963,-1.4958965517242664,-8.299862068965943,97.61624137931027,-75.62717241379278,123.51041379310318,0.2,0.0,0.1,0.0,0.21,0.8,0.17,0.02,0.17,0.71,0.3,0.17,0.04,0.17,0.27,0.9,0.08,0.1,0.08,0.86,1.3,1.15,0.67,1.15,0.64,0.9,-0.02,0.0,-0.02,0.89,1.6,1.14,0.23,1.14,1.17,1.4,1.0,0.01,1.0,0.91,1.1,1.0,0.18,1.0,0.24,0.5,0.52,0.06,0.52,0.17,0.9,-0.61,0.08,-0.61,0.54,0.1,-0.13,0.06,-0.13,0.04,0.04,0.6400000000000001,0.09,0.81,1.6900000000000002,0.81,2.5600000000000005,1.96,1.2100000000000002,0.25,0.81,0.01,0.0,0.0289,0.0289,0.0064,1.3224999999999998,0.0004,1.2996,1.0,1.0,0.2704,0.3721,0.0169,0.0440999999999999,0.5041,0.0729,0.7395999999999999,0.4096,0.7921,1.3688999999999998,0.8281000000000001,0.0576,0.0289,0.2916,0.0016,0.01,0.0004,0.0016,0.01,0.4489000000000001,0.0,0.0529,0.0001,0.0324,0.0036,0.0064,0.0036
8.336999999999986,118.275862068965,0.47620689655175014,105.51793103448234,-1.3055172413793,-54.311034482758295,5.579310344828002,-11.851896551723431,-25.312827586206488,0.7438620689663085,-21.039172413794493,-0.797000000000211,-6.656034482759233,97.72496551724149,-76.41589655172399,124.07765517241378,0.2,0.0,0.1,0.0,0.21,0.8,0.17,0.02,0.17,0.71,0.3,0.17,0.04,0.17,0.27,0.9,0.08,0.1,0.08,0.86,1.3,1.15,0.67,1.15,0.64,0.9,-0.02,0.0,-0.02,0.89,1.6,1.14,0.23,1.14,1.17,1.4,1.0,0.01,1.0,0.91,1.1,1.0,0.18,1.0,0.24,0.5,0.52,0.06,0.52,0.17,0.9,-0.61,0.08,-0.61,0.54,0.1,-0.13,0.06,-0.13,0.04,0.04,0.6400000000000001,0.09,0.81,1.6900000000000002,0.81,2.5600000000000005,1.96,1.2100000000000002,0.25,0.81,0.01,0.0,0.0289,0.0289,0.0064,1.3224999999999998,0.0004,1.2996,1.0,1.0,0.2704,0.3721,0.0169,0.0440999999999999,0.5041,0.0729,0.7395999999999999,0.4096,0.7921,1.3688999999999998,0.8281000000000001,0.0576,0.0289,0.2916,0.0016,0.01,0.0004,0.0016,0.01,0.4489000000000001,0.0,0.0529,0.0001,0.0324,0.0036,0.0064,0.0036
8.386999999999986,119.99999999999952,0.3900000000000245,106.87999999999961,-1.3399999999999903,-55.3799999999997,4.10000000000044,-14.486999999999192,-26.393999999999746,-1.7349999999993257,-15.951000000001546,-0.12700000000018424,-4.545000000000616,97.23600000000017,-76.84799999999989,123.95700000000005,0.2,-0.0199999999999902,0.1099999999999951,-0.0199999999999902,0.1900000000000098,0.8,0.17,0.02,0.17,0.7199999999999951,0.3,0.1300000000000196,0.04,0.1300000000000196,0.28999999999999015,0.9,0.0700000000000049,0.1,0.0700000000000049,0.8899999999999854,1.499999999999902,1.2999999999999265,0.7399999999999657,1.2999999999999265,0.5700000000000343,0.999999999999951,-0.1399999999999412,0.13999999999993143,-0.1399999999999412,1.0099999999999412,1.6999999999999509,1.2199999999999607,0.16000000000003428,1.2199999999999607,1.1899999999999902,1.3000000000000491,0.9900000000000049,0.0399999999999853,0.9900000000000049,0.8500000000000294,1.1,0.9700000000000146,0.1300000000000245,0.9700000000000146,0.1900000000000245,0.599999999999951,0.5399999999999903,0.040000000000009805,0.5399999999999903,0.16000000000000492,0.9,-0.6000000000000049,0.09999999999999021,-0.6000000000000049,0.5000000000000197,0.1,-0.1200000000000049,0.06,-0.1200000000000049,0.030000000000004898,0.04,0.6400000000000001,0.09,0.81,2.2499999999997256,0.9999999999999069,2.8899999999998385,1.6900000000001325,1.2100000000000002,0.3599999999999461,0.81,0.01,0.000399999999999804,0.0289,0.01690000000000588,0.004900000000000735,1.68999999999982,0.01959999999999059,1.4883999999999074,0.9801000000000097,0.9409000000000289,0.29159999999998965,0.3600000000000059,0.014400000000001224,0.03610000000000392,0.518399999999993,0.08409999999999451,0.7920999999999743,0.32490000000004143,1.0200999999998883,1.4160999999999768,0.7225000000000517,0.03610000000001053,0.025600000000001618,0.2500000000000204,0.0009000000000003429,0.012099999999998971,0.0004,0.0016,0.01,0.5475999999999516,0.019599999999990396,0.02560000000001338,0.001599999999999265,0.016900000000007596,0.00160000000000098,0.009999999999998236,0.0036
8.436999999999985,121.72413793103397,0.2965517241379624,108.22482758620649,-1.3672413793103397,-56.44896551724106,2.0034482758626426,-19.673655172412207,-25.75727586206916,-5.579965517240375,-10.601793103449875,-0.06031034482757734,-2.0127931034490283,96.94272413793111,-77.85755172413758,124.34779310344813,0.2,-0.02,0.11,-0.02,0.19,0.8,0.17,0.02,0.17,0.72,0.3,0.13,0.04,0.13,0.29,0.9,0.07,0.1,0.07,0.89,1.5,1.3,0.74,1.3,0.57,1.0,-0.14,0.14,-0.14,1.01,1.7,1.22,0.16,1.22,1.19,1.3,0.99,0.04,0.99,0.85,1.1,0.97,0.13,0.97,0.19,0.6,0.54,0.04,0.54,0.16,0.9,-0.6,0.1,-0.6,0.5,0.1,-0.12,0.06,-0.12,0.03,0.04,0.6400000000000001,0.09,0.81,2.25,1.0,2.89,1.6900000000000002,1.2100000000000002,0.36,0.81,0.01,0.0004,0.0289,0.0169,0.0049,1.6900000000000002,0.0196,1.4884,0.9801,0.9409,0.2916,0.36,0.0144,0.0361,0.5184,0.0841,0.7921,0.3248999999999999,1.0201,1.4161,0.7224999999999999,0.0361,0.0256,0.25,0.0009,0.0121,0.0004,0.0016,0.01,0.5476,0.0196,0.0256,0.0016,0.0169,0.0016,0.01,0.0036
8.486999999999984,123.44827586206841,0.17862068965521116,109.56517241379268,-1.384482758620684,-57.5424137931031,1.1344827586205237,-25.083379310343105,-25.49262068965486,-6.4570000000003045,-6.042896551725132,-0.4627586206894814,0.23648275862004214,96.46272413793154,-79.36241379310307,124.91786206896566,0.2,-0.02,0.11,-0.02,0.19,0.8,0.17,0.02,0.17,0.72,0.3,0.13,0.04,0.13,0.29,0.9,0.07,0.1,0.07,0.89,1.5,1.3,0.74,1.3,0.57,1.0,-0.14,0.14,-0.14,1.01,1.7,1.22,0.16,1.22,1.19,1.3,0.99,0.04,0.99,0.85,1.1,0.97,0.13,0.97,0.19,0.6,0.54,0.04,0.54,0.16,0.9,-0.6,0.1,-0.6,0.5,0.1,-0.12,0.06,-0.12,0.03,0.04,0.6400000000000001,0.09,0.81,2.25,1.0,2.89,1.6900000000000002,1.2100000000000002,0.36,0.81,0.01,0.0004,0.0289,0.0169,0.0049,1.6900000000000002,0.0196,1.4884,0.9801,0.9409,0.2916,0.36,0.0144,0.0361,0.5184,0.0841,0.7921,0.3248999999999999,1.0201,1.4161,0.7224999999999999,0.0361,0.0256,0.25,0.0009,0.0121,0.0004,0.0016,0.01,0.5476,0.0196,0.0256,0.0016,0.0169,0.0016,0.01,0.0036
8.536999999999985,125.18518518518462,0.04888888888892237,110.8914814814811,-1.4018518518518461,-58.64370370370339,2.4888888888892238,-30.306592592591272,-27.841703703701686,-4.524925925926375,-4.241407407407159,-0.9879259259259533,1.8317777777780555,94.29048148148159,-79.58640740740915,123.39855555555677,0.2,-0.02,0.11,-0.02,0.19,0.8,0.17,0.02,0.17,0.72,0.3,0.13,0.04,0.13,0.29,0.9,0.07,0.1,0.07,0.89,1.5,1.3,0.74,1.3,0.57,1.0,-0.14,0.14,-0.14,1.01,1.7,1.22,0.16,1.22,1.19,1.3,0.99,0.04,0.99,0.85,1.1,0.97,0.13,0.97,0.19,0.6,0.54,0.04,0.54,0.16,0.9,-0.6,0.1,-0.6,0.5,0.1,-0.12,0.06,-0.12,0.03,0.04,0.6400000000000001,0.09,0.81,2.25,1.0,2.89,1.6900000000000002,1.2100000000000002,0.36,0.81,0.01,0.0004,0.0289,0.0169,0.0049,1.6900000000000002,0.0196,1.4884,0.9801,0.9409,0.2916,0.36,0.0144,0.0361,0.5184,0.0841,0.7921,0.3248999999999999,1.0201,1.4161,0.7224999999999999,0.0361,0.0256,0.25,0.0009,0.0121,0.0004,0.0016,0.01,0.5476,0.0196,0.0256,0.0016,0.0169,0.0016,0.01,0.0036
