Position,Height above ground [m],Time,X [m],Y [m],Z [m],Opening Angle [°],Stalling Angle Left [°],Stalling Angle Right [°],Roll Angle Left [°],Roll Angle Right [°],Yaw Angle Left [°],Yaw Angle Right [°],Speed hor. [km/h],Speed vert. [km/h],Speed resulting [km/h],W1_Speed,W1_Tangent,W1_Turbulence,W1_CleanTan,W1_Cross,W2_Speed,W2_Tangent,W2_Turbulence,W2_CleanTan,W2_Cross,W3_Speed,W3_Tangent,W3_Turbulence,W3_CleanTan,W3_Cross,W4_Speed,W4_Tangent,W4_Turbulence,W4_CleanTan,W4_Cross,W5_Speed,W5_Tangent,W5_Turbulence,W5_CleanTan,W5_Cross,W6_Speed,W6_Tangent,W6_Turbulence,W6_CleanTan,W6_Cross,W7_Speed,W7_Tangent,W7_Turbulence,W7_CleanTan,W7_Cross,W8_Speed,W8_Tangent,W8_Turbulence,W8_CleanTan,W8_Cross,W9_Speed,W9_Tangent,W9_Turbulence,W9_CleanTan,W9_Cross,W10_Speed,W10_Tangent,W10_Turbulence,W10_CleanTan,W10_Cross,W11_Speed,W11_Tangent,W11_Turbulence,W11_CleanTan,W11_Cross,W12_Speed,W12_Tangent,W12_Turbulence,W12_CleanTan,W12_Cross
-96.37,,0.0,-83.89,-0.0,45.07,,,,,,,,0.0,0.0,0.0,0.6,0.43,0.02,0.43,0.34,1.8,0.25,0.15,0.25,1.58,0.9,-0.27,0.3,-0.27,0.11,0.6,-0.48,0.01,-0.48,0.35,0.7,-0.15,0.08,-0.15,0.63,1.8,-0.76,0.27,-0.76,1.63,2.0,1.05,0.24,1.05,1.7,1.6,-0.12,0.03,-0.12,1.63,1.3,-1.26,0.04,-1.26,0.15,1.1,-0.15,0.05,-0.15,1.03,0.7,-0.33,0.06,-0.33,0.55,1.3,1.3,0.28,1.3,0.0
0.0,2.93,4.216,0.03,-0.0,-0.01,0.0,-11.5,-11.5,0.0,0.0,0.0,0.0,98.39,-20.018,100.406,0.4,0.21,0.08,0.21,0.38,1.3,0.51,0.33,0.51,0.93,1.0,-0.52,0.17,-0.52,0.34,0.9,-0.15,0.18,-0.15,0.91,0.8,-0.32,0.0,-0.32,0.67,1.9,-0.29,0.03,-0.29,1.82,2.8,1.39,0.07,1.39,2.38,1.8,-0.27,0.03,-0.27,1.75,1.1,-0.61,0.04,-0.61,0.41,1.3,-0.57,0.08,-0.57,1.09,0.4,-0.26,0.09,-0.26,0.34,1.3,1.26,0.03,1.26,0.33
1.0,2.87,4.369,1.34,-0.0,-0.22,4.0,-9.727,-10.173,-6.249,6.211,2.178,-1.885,97.988,-10.522,98.552,0.4,0.21,0.07,0.21,0.39,1.2,0.49,0.37,0.49,0.86,1.1,-0.52,0.23,-0.52,0.4,1.0,-0.1,0.22,-0.1,0.96,0.8,-0.32,0.0,-0.32,0.67,1.9,-0.29,0.03,-0.29,1.82,2.8,1.39,0.07,1.39,2.38,1.8,-0.36,0.07,-0.36,1.77,1.1,-0.61,0.04,-0.61,0.41,1.3,-0.57,0.08,-0.57,1.09,0.4,-0.26,0.09,-0.26,0.34,1.2,1.17,0.11,1.17,0.3
2.0,2.89,4.445,2.38,-0.01,-0.34,5.2,-7.89,-7.913,-4.252,6.521,3.064,-2.161,97.223,-11.916,97.952,0.4,0.21,0.07,0.21,0.39,1.2,0.49,0.37,0.49,0.86,1.1,-0.52,0.23,-0.52,0.4,1.0,-0.1,0.22,-0.1,0.96,0.8,-0.32,0.0,-0.32,0.67,1.9,-0.29,0.03,-0.29,1.82,2.8,1.39,0.07,1.39,2.38,1.8,-0.36,0.07,-0.36,1.77,1.1,-0.61,0.04,-0.61,0.41,1.3,-0.57,0.08,-0.57,1.09,0.4,-0.26,0.09,-0.26,0.34,1.2,1.17,0.11,1.17,0.3
3.0,2.95,4.486,3.42,-0.01,-0.45,7.1,-4.232,-3.432,3.19,5.504,4.274,-2.848,98.151,-10.904,98.755,0.4,0.2,0.06,0.2,0.4,1.2,0.48,0.38,0.48,0.79,1.2,-0.58,0.26,-0.58,0.32,1.1,-0.04,0.28,-0.04,1.04,0.7,-0.25,0.06,-0.25,0.64,1.8,-0.28,0.0,-0.28,1.77,2.7,1.47,0.01,1.47,2.25,1.8,-0.4,0.04,-0.4,1.74,0.9,-0.74,0.12,-0.74,0.29,1.2,-0.55,0.01,-0.55,1.01,0.5,-0.31,0.02,-0.31,0.39,1.2,1.13,0.15,1.13,0.14
4.0,2.99,4.524,4.46,-0.03,-0.58,9.4,-0.931,0.57,0.798,5.619,6.335,-3.859,98.839,-12.152,99.583,0.4,0.2,0.06,0.2,0.4,1.2,0.48,0.38,0.48,0.79,1.2,-0.58,0.26,-0.58,0.32,1.1,-0.04,0.28,-0.04,1.04,0.7,-0.25,0.06,-0.25,0.64,1.8,-0.28,0.0,-0.28,1.77,2.7,1.47,0.01,1.47,2.25,1.8,-0.4,0.04,-0.4,1.74,0.9,-0.74,0.12,-0.74,0.29,1.2,-0.55,0.01,-0.55,1.01,0.5,-0.31,0.02,-0.31,0.39,1.2,1.13,0.15,1.13,0.14
5.0,3.05,4.561,5.49,-0.02,-0.71,12.0,1.739,4.223,-4.399,6.464,8.799,-5.054,99.004,-14.081,100.001,0.4,0.2,0.06,0.2,0.4,1.2,0.48,0.38,0.48,0.79,1.2,-0.58,0.26,-0.58,0.32,1.1,-0.04,0.28,-0.04,1.04,0.7,-0.25,0.06,-0.25,0.64,1.8,-0.28,0.0,-0.28,1.77,2.7,1.47,0.01,1.47,2.25,1.8,-0.4,0.04,-0.4,1.74,0.9,-0.74,0.12,-0.74,0.29,1.2,-0.55,0.01,-0.55,1.01,0.5,-0.31,0.02,-0.31,0.39,1.2,1.13,0.15,1.13,0.14
6.0,3.14,4.6,6.53,0.06,-0.82,14.3,3.584,7.935,-1.83,7.323,11.055,-6.267,98.425,-14.202,99.451,0.4,0.2,0.06,0.2,0.4,1.2,0.48,0.38,0.48,0.79,1.2,-0.58,0.26,-0.58,0.32,1.1,-0.04,0.28,-0.04,1.04,0.7,-0.25,0.06,-0.25,0.64,1.8,-0.28,0.0,-0.28,1.77,2.7,1.47,0.01,1.47,2.25,1.8,-0.4,0.04,-0.4,1.74,0.9,-0.74,0.12,-0.74,0.29,1.2,-0.55,0.01,-0.55,1.01,0.5,-0.31,0.02,-0.31,0.39,1.2,1.13,0.15,1.13,0.14
7.0,3.18,4.637,7.56,0.0,-1.01,19.9,5.378,9.772,0.667,4.846,13.248,-7.615,98.983,-16.809,100.401,0.4,0.2,0.06,0.2,0.4,1.2,0.48,0.38,0.48,0.79,1.2,-0.58,0.26,-0.58,0.32,1.1,-0.04,0.28,-0.04,1.04,0.7,-0.25,0.06,-0.25,0.64,1.8,-0.28,0.0,-0.28,1.77,2.7,1.47,0.01,1.47,2.25,1.8,-0.4,0.04,-0.4,1.74,0.9,-0.74,0.12,-0.74,0.29,1.2,-0.55,0.01,-0.55,1.01,0.5,-0.31,0.02,-0.31,0.39,1.2,1.13,0.15,1.13,0.14
8.0,3.24,4.674,8.58,-0.01,-1.19,24.0,6.225,9.955,2.811,2.46,15.304,-8.919,98.915,-17.76,100.497,0.4,0.2,0.06,0.2,0.4,1.2,0.48,0.38,0.48,0.79,1.2,-0.58,0.26,-0.58,0.32,1.1,-0.04,0.28,-0.04,1.04,0.7,-0.25,0.06,-0.25,0.64,1.8,-0.28,0.0,-0.28,1.77,2.7,1.47,0.01,1.47,2.25,1.8,-0.4,0.04,-0.4,1.74,0.9,-0.74,0.12,-0.74,0.29,1.2,-0.55,0.01,-0.55,1.01,0.5,-0.31,0.02,-0.31,0.39,1.2,1.13,0.15,1.13,0.14
9.0,3.3,4.711,9.61,-0.01,-1.38,27.0,6.674,9.343,5.488,-1.311,17.143,-10.168,98.596,-18.311,100.283,0.4,0.2,0.06,0.2,0.4,1.2,0.48,0.38,0.48,0.79,1.2,-0.58,0.26,-0.58,0.32,1.1,-0.04,0.28,-0.04,1.04,0.7,-0.25,0.06,-0.25,0.64,1.8,-0.28,0.0,-0.28,1.77,2.7,1.47,0.01,1.47,2.25,1.8,-0.4,0.04,-0.4,1.74,0.9,-0.74,0.12,-0.74,0.29,1.2,-0.55,0.01,-0.55,1.01,0.5,-0.31,0.02,-0.31,0.39,1.2,1.13,0.15,1.13,0.14
10.0,3.36,4.749,10.63,-0.01,-1.58,29.7,7.395,8.956,9.833,-8.423,18.653,-11.349,98.501,-20.053,100.522,0.4,0.19,0.06,0.19,0.4,1.1,0.5,0.4,0.5,0.7,1.2,-0.61,0.26,-0.61,0.28,1.1,-0.02,0.26,-0.02,1.05,0.7,-0.27,0.04,-0.27,0.64,1.8,-0.24,0.05,-0.24,1.72,2.7,1.41,0.05,1.41,2.28,1.8,-0.38,0.02,-0.38,1.73,0.9,-0.72,0.16,-0.72,0.17,1.0,-0.32,0.14,-0.32,0.96,0.6,-0.38,0.1,-0.38,0.47,1.1,1.08,0.18,1.08,0.04
11.0,3.43,4.786,11.65,-0.01,-1.79,31.7,7.94,8.122,12.289,-10.898,19.69,-12.346,98.316,-20.615,100.454,0.4,0.19,0.06,0.19,0.4,1.1,0.5,0.4,0.5,0.7,1.2,-0.61,0.26,-0.61,0.28,1.1,-0.02,0.26,-0.02,1.05,0.7,-0.27,0.04,-0.27,0.64,1.8,-0.24,0.05,-0.24,1.72,2.7,1.41,0.05,1.41,2.28,1.8,-0.38,0.02,-0.38,1.73,0.9,-0.72,0.16,-0.72,0.17,1.0,-0.32,0.14,-0.32,0.96,0.6,-0.38,0.1,-0.38,0.47,1.1,1.08,0.18,1.08,0.04
12.0,3.51,4.823,12.66,-0.01,-2.0,33.7,8.478,7.272,14.681,-13.214,20.71,-13.336,98.127,-21.136,100.377,0.4,0.19,0.06,0.19,0.4,1.1,0.5,0.4,0.5,0.7,1.2,-0.61,0.26,-0.61,0.28,1.1,-0.02,0.26,-0.02,1.05,0.7,-0.27,0.04,-0.27,0.64,1.8,-0.24,0.05,-0.24,1.72,2.7,1.41,0.05,1.41,2.28,1.8,-0.38,0.02,-0.38,1.73,0.9,-0.72,0.16,-0.72,0.17,1.0,-0.32,0.14,-0.32,0.96,0.6,-0.38,0.1,-0.38,0.47,1.1,1.08,0.18,1.08,0.04
13.0,3.59,4.861,13.68,-0.01,-2.22,35.5,8.972,6.405,16.726,-15.116,21.655,-14.2,97.976,-21.717,100.354,0.4,0.19,0.06,0.19,0.4,1.1,0.5,0.4,0.5,0.7,1.2,-0.61,0.26,-0.61,0.28,1.1,-0.02,0.26,-0.02,1.05,0.7,-0.27,0.04,-0.27,0.64,1.8,-0.24,0.05,-0.24,1.72,2.7,1.41,0.05,1.41,2.28,1.8,-0.38,0.02,-0.38,1.73,0.9,-0.72,0.16,-0.72,0.17,1.0,-0.32,0.14,-0.32,0.96,0.6,-0.38,0.1,-0.38,0.47,1.1,1.08,0.18,1.08,0.04
14.0,3.67,4.898,14.69,-0.01,-2.45,36.8,9.356,5.494,17.899,-15.971,22.409,-14.749,97.922,-22.445,100.461,0.4,0.19,0.06,0.19,0.4,1.1,0.5,0.4,0.5,0.7,1.2,-0.61,0.26,-0.61,0.28,1.1,-0.02,0.26,-0.02,1.05,0.7,-0.27,0.04,-0.27,0.64,1.8,-0.24,0.05,-0.24,1.72,2.7,1.41,0.05,1.41,2.28,1.8,-0.38,0.02,-0.38,1.73,0.9,-0.72,0.16,-0.72,0.17,1.0,-0.32,0.14,-0.32,0.96,0.6,-0.38,0.1,-0.38,0.47,1.1,1.08,0.18,1.08,0.04
15.0,3.75,4.935,15.7,-0.01,-2.69,37.3,9.855,5.393,20.502,-17.625,22.792,-14.841,98.018,-23.246,100.737,0.4,0.19,0.06,0.19,0.4,1.1,0.5,0.4,0.5,0.7,1.2,-0.61,0.26,-0.61,0.28,1.1,-0.02,0.26,-0.02,1.05,0.7,-0.27,0.04,-0.27,0.64,1.8,-0.24,0.05,-0.24,1.72,2.7,1.41,0.05,1.41,2.28,1.8,-0.38,0.02,-0.38,1.73,0.9,-0.72,0.16,-0.72,0.17,1.0,-0.32,0.14,-0.32,0.96,0.6,-0.38,0.1,-0.38,0.47,1.1,1.08,0.18,1.08,0.04
16.0,3.84,4.972,16.71,-0.01,-2.93,37.8,9.947,5.035,22.159,-18.07,23.186,-14.956,97.856,-24.027,100.763,0.4,0.17,0.06,0.17,0.4,1.0,0.52,0.43,0.52,0.61,1.2,-0.63,0.25,-0.63,0.31,1.1,0.02,0.22,0.02,1.05,0.7,-0.26,0.07,-0.26,0.62,1.8,-0.24,0.05,-0.24,1.72,2.7,1.41,0.05,1.41,2.28,1.8,-0.34,0.02,-0.34,1.74,0.9,-0.7,0.17,-0.7,0.06,1.0,-0.32,0.14,-0.32,0.96,0.6,-0.38,0.1,-0.38,0.47,1.1,1.02,0.2,1.02,0.14
17.0,3.93,4.886,17.71,-0.01,-3.18,38.2,9.599,4.47,23.402,-18.083,23.5,-15.025,97.588,-24.823,100.696,0.4,0.19,0.06,0.19,0.4,1.1,0.5,0.4,0.5,0.7,1.2,-0.61,0.26,-0.61,0.28,1.1,-0.02,0.26,-0.02,1.05,0.7,-0.27,0.04,-0.27,0.64,1.8,-0.24,0.05,-0.24,1.72,2.7,1.41,0.05,1.41,2.28,1.8,-0.38,0.02,-0.38,1.73,0.9,-0.72,0.16,-0.72,0.17,1.0,-0.32,0.14,-0.32,0.96,0.6,-0.38,0.1,-0.38,0.47,1.1,1.08,0.18,1.08,0.04
18.0,4.02,4.408,18.71,-0.0,-3.44,38.1,8.769,3.925,25.606,-19.494,23.489,-14.842,97.57,-25.722,100.904,0.4,0.21,0.07,0.21,0.39,1.2,0.49,0.37,0.49,0.86,1.1,-0.52,0.23,-0.52,0.4,1.0,-0.1,0.22,-0.1,0.96,0.8,-0.32,0.0,-0.32,0.67,1.9,-0.29,0.03,-0.29,1.82,2.8,1.39,0.07,1.39,2.38,1.8,-0.36,0.07,-0.36,1.77,1.1,-0.61,0.04,-0.61,0.41,1.3,-0.57,0.08,-0.57,1.09,0.4,-0.26,0.09,-0.26,0.34,1.2,1.17,0.11,1.17,0.3
19.0,4.11,4.838,19.71,0.01,-3.7,37.9,7.938,3.379,27.813,-20.906,23.477,-14.659,97.552,-26.623,101.119,0.4,0.19,0.06,0.19,0.4,1.1,0.5,0.4,0.5,0.7,1.2,-0.61,0.26,-0.61,0.28,1.1,-0.02,0.26,-0.02,1.05,0.7,-0.27,0.04,-0.27,0.64,1.8,-0.24,0.05,-0.24,1.72,2.7,1.41,0.05,1.41,2.28,1.8,-0.38,0.02,-0.38,1.73,0.9,-0.72,0.16,-0.72,0.17,1.0,-0.32,0.14,-0.32,0.96,0.6,-0.38,0.1,-0.38,0.47,1.1,1.08,0.18,1.08,0.04
20.0,4.2,5.119,20.71,-0.0,-3.98,37.7,7.112,2.69,30.007,-22.549,23.466,-14.403,97.643,-27.529,101.45,0.4,0.17,0.06,0.17,0.4,1.0,0.52,0.43,0.52,0.61,1.2,-0.63,0.25,-0.63,0.31,1.1,0.02,0.22,0.02,1.05,0.7,-0.26,0.07,-0.26,0.62,1.8,-0.24,0.05,-0.24,1.72,2.7,1.41,0.05,1.41,2.28,1.8,-0.34,0.02,-0.34,1.74,0.9,-0.7,0.17,-0.7,0.06,1.0,-0.32,0.14,-0.32,0.96,0.6,-0.38,0.1,-0.38,0.47,1.1,1.02,0.2,1.02,0.14
21.0,4.28,5.156,21.7,-0.02,-4.26,37.4,6.255,1.839,32.062,-24.104,23.402,-14.102,97.797,-28.507,101.867,0.4,0.17,0.06,0.17,0.4,1.0,0.52,0.43,0.52,0.61,1.2,-0.63,0.25,-0.63,0.31,1.1,0.02,0.22,0.02,1.05,0.7,-0.26,0.07,-0.26,0.62,1.8,-0.24,0.05,-0.24,1.72,2.7,1.41,0.05,1.41,2.28,1.8,-0.34,0.02,-0.34,1.74,0.9,-0.7,0.17,-0.7,0.06,1.0,-0.32,0.14,-0.32,0.96,0.6,-0.38,0.1,-0.38,0.47,1.1,1.02,0.2,1.02,0.14
22.0,4.36,5.192,22.68,-0.02,-4.56,36.9,5.203,0.821,33.422,-24.029,23.051,-13.906,97.744,-29.855,102.202,0.4,0.17,0.06,0.17,0.4,1.0,0.52,0.43,0.52,0.61,1.2,-0.63,0.25,-0.63,0.31,1.1,0.02,0.22,0.02,1.05,0.7,-0.26,0.07,-0.26,0.62,1.8,-0.24,0.05,-0.24,1.72,2.7,1.41,0.05,1.41,2.28,1.8,-0.34,0.02,-0.34,1.74,0.9,-0.7,0.17,-0.7,0.06,1.0,-0.32,0.14,-0.32,0.96,0.6,-0.38,0.1,-0.38,0.47,1.1,1.02,0.2,1.02,0.14
23.0,4.44,5.228,23.66,-0.03,-4.86,36.2,4.225,-0.074,33.594,-24.283,22.663,-13.581,97.771,-30.659,102.466,0.4,0.15,0.07,0.15,0.39,1.0,0.53,0.42,0.53,0.57,1.2,-0.64,0.22,-0.64,0.34,1.1,0.07,0.19,0.07,1.06,0.7,-0.23,0.1,-0.23,0.6,1.7,-0.26,0.16,-0.26,1.6,2.7,1.24,0.07,1.24,2.39,1.8,-0.32,0.0,-0.32,1.74,0.9,-0.67,0.13,-0.67,0.28,1.0,-0.15,0.17,-0.15,0.96,0.7,-0.4,0.16,-0.4,0.52,1.1,1.02,0.16,1.02,0.17
24.0,4.52,5.264,24.64,-0.03,-5.17,35.4,3.348,-0.946,33.804,-24.628,22.179,-13.242,97.776,-31.527,102.733,0.4,0.15,0.07,0.15,0.39,1.0,0.53,0.42,0.53,0.57,1.2,-0.64,0.22,-0.64,0.34,1.1,0.07,0.19,0.07,1.06,0.7,-0.23,0.1,-0.23,0.6,1.7,-0.26,0.16,-0.26,1.6,2.7,1.24,0.07,1.24,2.39,1.8,-0.32,0.0,-0.32,1.74,0.9,-0.67,0.13,-0.67,0.28,1.0,-0.15,0.17,-0.15,0.96,0.7,-0.4,0.16,-0.4,0.52,1.1,1.02,0.16,1.02,0.17
25.0,4.6,5.3,25.62,-0.03,-5.48,34.5,2.593,-1.836,34.597,-24.965,21.564,-12.943,97.711,-32.731,103.048,0.4,0.15,0.07,0.15,0.39,1.0,0.53,0.42,0.53,0.57,1.2,-0.64,0.22,-0.64,0.34,1.1,0.07,0.19,0.07,1.06,0.7,-0.23,0.1,-0.23,0.6,1.7,-0.26,0.16,-0.26,1.6,2.7,1.24,0.07,1.24,2.39,1.8,-0.32,0.0,-0.32,1.74,0.9,-0.67,0.13,-0.67,0.28,1.0,-0.15,0.17,-0.15,0.96,0.7,-0.4,0.16,-0.4,0.52,1.1,1.02,0.16,1.02,0.17
26.0,4.66,5.336,26.59,-0.03,-5.82,33.8,1.897,-2.668,33.654,-24.277,21.137,-12.707,97.8,-33.557,103.397,0.4,0.15,0.07,0.15,0.39,1.0,0.53,0.42,0.53,0.57,1.2,-0.64,0.22,-0.64,0.34,1.1,0.07,0.19,0.07,1.06,0.7,-0.23,0.1,-0.23,0.6,1.7,-0.26,0.16,-0.26,1.6,2.7,1.24,0.07,1.24,2.39,1.8,-0.32,0.0,-0.32,1.74,0.9,-0.67,0.13,-0.67,0.28,1.0,-0.15,0.17,-0.15,0.96,0.7,-0.4,0.16,-0.4,0.52,1.1,1.02,0.16,1.02,0.17
27.0,4.72,5.371,27.55,-0.03,-6.15,33.4,1.31,-3.413,32.846,-24.005,20.757,-12.454,97.81,-34.488,103.712,0.4,0.15,0.07,0.15,0.39,1.0,0.53,0.42,0.53,0.57,1.2,-0.64,0.22,-0.64,0.34,1.1,0.07,0.19,0.07,1.06,0.7,-0.23,0.1,-0.23,0.6,1.7,-0.26,0.16,-0.26,1.6,2.7,1.24,0.07,1.24,2.39,1.8,-0.32,0.0,-0.32,1.74,0.9,-0.67,0.13,-0.67,0.28,1.0,-0.15,0.17,-0.15,0.96,0.7,-0.4,0.16,-0.4,0.52,1.1,1.02,0.16,1.02,0.17
28.0,4.79,5.407,28.52,-0.04,-6.49,33.2,0.796,-4.077,32.13,-23.733,20.41,-12.217,97.762,-35.435,103.987,0.4,0.15,0.07,0.15,0.39,1.0,0.53,0.42,0.53,0.57,1.2,-0.64,0.22,-0.64,0.34,1.1,0.07,0.19,0.07,1.06,0.7,-0.23,0.1,-0.23,0.6,1.7,-0.26,0.16,-0.26,1.6,2.7,1.24,0.07,1.24,2.39,1.8,-0.32,0.0,-0.32,1.74,0.9,-0.67,0.13,-0.67,0.28,1.0,-0.15,0.17,-0.15,0.96,0.7,-0.4,0.16,-0.4,0.52,1.1,1.02,0.16,1.02,0.17
29.0,4.84,5.442,29.47,-0.05,-6.84,33.0,0.289,-4.656,31.422,-22.344,20.066,-12.089,97.694,-36.168,104.176,0.4,0.15,0.07,0.15,0.39,1.0,0.53,0.42,0.53,0.57,1.2,-0.64,0.22,-0.64,0.34,1.1,0.07,0.19,0.07,1.06,0.7,-0.23,0.1,-0.23,0.6,1.7,-0.26,0.16,-0.26,1.6,2.7,1.24,0.07,1.24,2.39,1.8,-0.32,0.0,-0.32,1.74,0.9,-0.67,0.13,-0.67,0.28,1.0,-0.15,0.17,-0.15,0.96,0.7,-0.4,0.16,-0.4,0.52,1.1,1.02,0.16,1.02,0.17
30.0,4.89,5.477,30.43,-0.06,-7.19,32.9,-0.218,-5.174,30.715,-21.178,19.722,-11.92,97.606,-36.999,104.386,0.4,0.12,0.08,0.12,0.37,1.0,0.54,0.41,0.54,0.59,1.1,-0.6,0.15,-0.6,0.35,1.1,0.11,0.18,0.11,1.07,0.7,-0.21,0.09,-0.21,0.62,1.6,-0.31,0.23,-0.31,1.51,2.8,1.07,0.05,1.07,2.53,1.8,-0.29,0.02,-0.29,1.77,0.9,-0.56,0.1,-0.56,0.45,1.0,0.0,0.14,0.0,1.0,0.7,-0.42,0.18,-0.42,0.54,1.1,0.96,0.22,0.96,0.01
31.0,4.94,5.512,31.38,-0.07,-7.55,32.7,-0.724,-5.69,30.009,-20.275,19.38,-11.725,97.504,-37.811,104.581,0.4,0.12,0.08,0.12,0.37,1.0,0.54,0.41,0.54,0.59,1.1,-0.6,0.15,-0.6,0.35,1.1,0.11,0.18,0.11,1.07,0.7,-0.21,0.09,-0.21,0.62,1.6,-0.31,0.23,-0.31,1.51,2.8,1.07,0.05,1.07,2.53,1.8,-0.29,0.02,-0.29,1.77,0.9,-0.56,0.1,-0.56,0.45,1.0,0.0,0.14,0.0,1.0,0.7,-0.42,0.18,-0.42,0.54,1.1,0.96,0.22,0.96,0.01
32.0,4.98,5.547,32.32,-0.07,-7.92,32.5,-1.228,-6.229,29.306,-19.731,19.038,-11.508,97.386,-38.539,104.737,0.4,0.12,0.08,0.12,0.37,1.0,0.54,0.41,0.54,0.59,1.1,-0.6,0.15,-0.6,0.35,1.1,0.11,0.18,0.11,1.07,0.7,-0.21,0.09,-0.21,0.62,1.6,-0.31,0.23,-0.31,1.51,2.8,1.07,0.05,1.07,2.53,1.8,-0.29,0.02,-0.29,1.77,0.9,-0.56,0.1,-0.56,0.45,1.0,0.0,0.14,0.0,1.0,0.7,-0.42,0.18,-0.42,0.54,1.1,0.96,0.22,0.96,0.01
33.0,5.01,5.582,33.26,-0.08,-8.3,32.3,-1.729,-6.795,28.607,-19.872,18.699,-11.322,97.315,-39.472,105.018,0.4,0.12,0.08,0.12,0.37,1.0,0.54,0.41,0.54,0.59,1.1,-0.6,0.15,-0.6,0.35,1.1,0.11,0.18,0.11,1.07,0.7,-0.21,0.09,-0.21,0.62,1.6,-0.31,0.23,-0.31,1.51,2.8,1.07,0.05,1.07,2.53,1.8,-0.29,0.02,-0.29,1.77,0.9,-0.56,0.1,-0.56,0.45,1.0,0.0,0.14,0.0,1.0,0.7,-0.42,0.18,-0.42,0.54,1.1,0.96,0.22,0.96,0.01
34.0,5.04,5.617,34.2,-0.09,-8.68,32.1,-2.23,-7.318,27.908,-19.896,18.36,-11.204,97.297,-40.347,105.333,0.4,0.12,0.08,0.12,0.37,1.0,0.54,0.41,0.54,0.59,1.1,-0.6,0.15,-0.6,0.35,1.1,0.11,0.18,0.11,1.07,0.7,-0.21,0.09,-0.21,0.62,1.6,-0.31,0.23,-0.31,1.51,2.8,1.07,0.05,1.07,2.53,1.8,-0.29,0.02,-0.29,1.77,0.9,-0.56,0.1,-0.56,0.45,1.0,0.0,0.14,0.0,1.0,0.7,-0.42,0.18,-0.42,0.54,1.1,0.96,0.22,0.96,0.01
35.0,5.06,5.652,35.13,-0.09,-9.06,32.0,-2.73,-7.786,27.211,-19.738,18.021,-11.164,97.329,-41.144,105.67,0.4,0.12,0.08,0.12,0.37,1.0,0.54,0.41,0.54,0.59,1.1,-0.6,0.15,-0.6,0.35,1.1,0.11,0.18,0.11,1.07,0.7,-0.21,0.09,-0.21,0.62,1.6,-0.31,0.23,-0.31,1.51,2.8,1.07,0.05,1.07,2.53,1.8,-0.29,0.02,-0.29,1.77,0.9,-0.56,0.1,-0.56,0.45,1.0,0.0,0.14,0.0,1.0,0.7,-0.42,0.18,-0.42,0.54,1.1,0.96,0.22,0.96,0.01
36.0,5.05,5.685,36.05,-0.08,-9.48,29.7,-3.214,-8.053,26.536,-19.527,17.693,-11.281,97.338,-41.912,105.98,0.4,0.12,0.08,0.12,0.37,1.0,0.54,0.41,0.54,0.59,1.1,-0.6,0.15,-0.6,0.35,1.1,0.11,0.18,0.11,1.07,0.7,-0.21,0.09,-0.21,0.62,1.6,-0.31,0.23,-0.31,1.51,2.8,1.07,0.05,1.07,2.53,1.8,-0.29,0.02,-0.29,1.77,0.9,-0.56,0.1,-0.56,0.45,1.0,0.0,0.14,0.0,1.0,0.7,-0.42,0.18,-0.42,0.54,1.1,0.96,0.22,0.96,0.01
37.0,5.05,5.719,36.97,-0.08,-9.89,28.9,-3.154,-8.278,26.518,-19.164,17.565,-11.478,97.374,-42.717,106.334,0.4,0.12,0.08,0.12,0.37,1.0,0.54,0.41,0.54,0.59,1.1,-0.6,0.15,-0.6,0.35,1.1,0.11,0.18,0.11,1.07,0.7,-0.21,0.09,-0.21,0.62,1.6,-0.31,0.23,-0.31,1.51,2.8,1.07,0.05,1.07,2.53,1.8,-0.29,0.02,-0.29,1.77,0.9,-0.56,0.1,-0.56,0.45,1.0,0.0,0.14,0.0,1.0,0.7,-0.42,0.18,-0.42,0.54,1.1,0.96,0.22,0.96,0.01
38.0,5.05,5.753,37.89,-0.09,-10.3,29.1,-2.667,-8.458,27.016,-18.712,17.593,-11.747,97.428,-43.549,106.72,0.4,0.11,0.09,0.11,0.36,0.9,0.5,0.43,0.5,0.62,1.1,-0.57,0.1,-0.57,0.35,1.1,0.13,0.2,0.13,1.1,0.7,-0.19,0.08,-0.19,0.64,1.5,-0.37,0.25,-0.37,1.46,2.8,0.66,0.11,0.66,2.64,1.8,-0.28,0.04,-0.28,1.79,0.9,-0.5,0.04,-0.5,0.54,1.1,0.11,0.07,0.11,1.07,0.7,-0.44,0.22,-0.44,0.57,1.1,0.96,0.21,0.96,0.07
39.0,5.04,5.787,38.8,-0.09,-10.7,29.5,-2.185,-8.517,27.509,-18.551,17.62,-12.074,97.46,-44.349,107.08,0.4,0.11,0.09,0.11,0.36,0.9,0.5,0.43,0.5,0.62,1.1,-0.57,0.1,-0.57,0.35,1.1,0.13,0.2,0.13,1.1,0.7,-0.19,0.08,-0.19,0.64,1.5,-0.37,0.25,-0.37,1.46,2.8,0.66,0.11,0.66,2.64,1.8,-0.28,0.04,-0.28,1.79,0.9,-0.5,0.04,-0.5,0.54,1.1,0.11,0.07,0.11,1.07,0.7,-0.44,0.22,-0.44,0.57,1.1,0.96,0.21,0.96,0.07
40.0,5.03,5.821,39.72,-0.1,-11.12,29.8,-1.703,-8.509,28.002,-18.022,17.648,-12.41,97.507,-45.105,107.438,0.4,0.11,0.09,0.11,0.36,0.9,0.5,0.43,0.5,0.62,1.1,-0.57,0.1,-0.57,0.35,1.1,0.13,0.2,0.13,1.1,0.7,-0.19,0.08,-0.19,0.64,1.5,-0.37,0.25,-0.37,1.46,2.8,0.66,0.11,0.66,2.64,1.8,-0.28,0.04,-0.28,1.79,0.9,-0.5,0.04,-0.5,0.54,1.1,0.11,0.07,0.11,1.07,0.7,-0.44,0.22,-0.44,0.57,1.1,0.96,0.21,0.96,0.07
41.0,5.02,5.855,40.63,-0.11,-11.53,30.1,-1.222,-8.438,28.494,-17.28,17.676,-12.743,97.56,-45.826,107.79,0.4,0.11,0.09,0.11,0.36,0.9,0.5,0.43,0.5,0.62,1.1,-0.57,0.1,-0.57,0.35,1.1,0.13,0.2,0.13,1.1,0.7,-0.19,0.08,-0.19,0.64,1.5,-0.37,0.25,-0.37,1.46,2.8,0.66,0.11,0.66,2.64,1.8,-0.28,0.04,-0.28,1.79,0.9,-0.5,0.04,-0.5,0.54,1.1,0.11,0.07,0.11,1.07,0.7,-0.44,0.22,-0.44,0.57,1.1,0.96,0.21,0.96,0.07
42.0,4.99,5.888,41.53,-0.13,-11.96,30.4,-0.747,-8.231,28.98,-16.635,17.703,-13.027,97.592,-46.495,108.106,0.4,0.11,0.09,0.11,0.36,0.9,0.5,0.43,0.5,0.62,1.1,-0.57,0.1,-0.57,0.35,1.1,0.13,0.2,0.13,1.1,0.7,-0.19,0.08,-0.19,0.64,1.5,-0.37,0.25,-0.37,1.46,2.8,0.66,0.11,0.66,2.64,1.8,-0.28,0.04,-0.28,1.79,0.9,-0.5,0.04,-0.5,0.54,1.1,0.11,0.07,0.11,1.07,0.7,-0.44,0.22,-0.44,0.57,1.1,0.96,0.21,0.96,0.07
43.0,4.96,5.921,42.43,-0.14,-12.39,30.6,-0.272,-7.95,29.465,-15.973,17.73,-13.236,97.623,-47.134,108.41,0.4,0.11,0.09,0.11,0.36,0.9,0.5,0.43,0.5,0.62,1.1,-0.57,0.1,-0.57,0.35,1.1,0.13,0.2,0.13,1.1,0.7,-0.19,0.08,-0.19,0.64,1.5,-0.37,0.25,-0.37,1.46,2.8,0.66,0.11,0.66,2.64,1.8,-0.28,0.04,-0.28,1.79,0.9,-0.5,0.04,-0.5,0.54,1.1,0.11,0.07,0.11,1.07,0.7,-0.44,0.22,-0.44,0.57,1.1,0.96,0.21,0.96,0.07
44.0,4.91,5.954,43.33,-0.15,-12.83,30.8,0.201,-7.604,29.95,-15.438,17.758,-13.39,97.645,-47.747,108.697,0.4,0.11,0.09,0.11,0.36,0.9,0.5,0.43,0.5,0.62,1.1,-0.57,0.1,-0.57,0.35,1.1,0.13,0.2,0.13,1.1,0.7,-0.19,0.08,-0.19,0.64,1.5,-0.37,0.25,-0.37,1.46,2.8,0.66,0.11,0.66,2.64,1.8,-0.28,0.04,-0.28,1.79,0.9,-0.5,0.04,-0.5,0.54,1.1,0.11,0.07,0.11,1.07,0.7,-0.44,0.22,-0.44,0.57,1.1,0.96,0.21,0.96,0.07
45.0,4.86,5.987,44.22,-0.15,-13.27,30.9,0.67,-7.12,30.43,-15.773,17.785,-13.461,97.605,-48.314,108.912,0.4,0.12,0.09,0.12,0.34,0.9,0.43,0.41,0.43,0.66,1.0,-0.55,0.07,-0.55,0.37,1.1,0.11,0.19,0.11,1.11,0.7,-0.18,0.1,-0.18,0.62,1.5,-0.36,0.24,-0.36,1.43,2.8,0.53,0.14,0.53,2.64,1.8,-0.25,0.04,-0.25,1.8,0.9,-0.49,0.04,-0.49,0.56,1.2,0.17,0.0,0.17,1.14,0.9,-0.52,0.31,-0.52,0.68,1.1,0.95,0.21,0.95,0.1
46.0,4.81,6.02,45.11,-0.17,-13.71,31.2,1.141,-6.617,30.911,-15.602,17.812,-13.621,97.383,-48.522,108.807,0.4,0.12,0.09,0.12,0.34,0.9,0.43,0.41,0.43,0.66,1.0,-0.55,0.07,-0.55,0.37,1.1,0.11,0.19,0.11,1.11,0.7,-0.18,0.1,-0.18,0.62,1.5,-0.36,0.24,-0.36,1.43,2.8,0.53,0.14,0.53,2.64,1.8,-0.25,0.04,-0.25,1.8,0.9,-0.49,0.04,-0.49,0.56,1.2,0.17,0.0,0.17,1.14,0.9,-0.52,0.31,-0.52,0.68,1.1,0.95,0.21,0.95,0.1
47.0,4.76,6.054,46.0,-0.18,-14.15,31.7,1.593,-6.088,31.387,-15.067,17.847,-13.845,97.075,-48.554,108.547,0.4,0.12,0.09,0.12,0.34,0.9,0.43,0.41,0.43,0.66,1.0,-0.55,0.07,-0.55,0.37,1.1,0.11,0.19,0.11,1.11,0.7,-0.18,0.1,-0.18,0.62,1.5,-0.36,0.24,-0.36,1.43,2.8,0.53,0.14,0.53,2.64,1.8,-0.25,0.04,-0.25,1.8,0.9,-0.49,0.04,-0.49,0.56,1.2,0.17,0.0,0.17,1.14,0.9,-0.52,0.31,-0.52,0.68,1.1,0.95,0.21,0.95,0.1
48.0,4.71,6.087,46.91,-0.19,-14.61,32.0,1.873,-5.425,31.803,-14.143,17.952,-14.149,97.01,-49.01,108.694,0.4,0.12,0.09,0.12,0.34,0.9,0.43,0.41,0.43,0.66,1.0,-0.55,0.07,-0.55,0.37,1.1,0.11,0.19,0.11,1.11,0.7,-0.18,0.1,-0.18,0.62,1.5,-0.36,0.24,-0.36,1.43,2.8,0.53,0.14,0.53,2.64,1.8,-0.25,0.04,-0.25,1.8,0.9,-0.49,0.04,-0.49,0.56,1.2,0.17,0.0,0.17,1.14,0.9,-0.52,0.31,-0.52,0.68,1.1,0.95,0.21,0.95,0.1
49.0,4.64,6.121,47.81,-0.2,-15.08,32.3,2.153,-4.856,32.22,-13.414,18.057,-14.462,96.886,-49.497,108.803,0.4,0.12,0.09,0.12,0.34,0.9,0.43,0.41,0.43,0.66,1.0,-0.55,0.07,-0.55,0.37,1.1,0.11,0.19,0.11,1.11,0.7,-0.18,0.1,-0.18,0.62,1.5,-0.36,0.24,-0.36,1.43,2.8,0.53,0.14,0.53,2.64,1.8,-0.25,0.04,-0.25,1.8,0.9,-0.49,0.04,-0.49,0.56,1.2,0.17,0.0,0.17,1.14,0.9,-0.52,0.31,-0.52,0.68,1.1,0.95,0.21,0.95,0.1
50.0,4.58,6.154,48.71,-0.21,-15.54,32.6,2.433,-4.357,32.636,-12.939,18.162,-14.78,96.739,-49.991,108.897,0.4,0.12,0.09,0.12,0.34,0.9,0.43,0.41,0.43,0.66,1.0,-0.55,0.07,-0.55,0.37,1.1,0.11,0.19,0.11,1.11,0.7,-0.18,0.1,-0.18,0.62,1.5,-0.36,0.24,-0.36,1.43,2.8,0.53,0.14,0.53,2.64,1.8,-0.25,0.04,-0.25,1.8,0.9,-0.49,0.04,-0.49,0.56,1.2,0.17,0.0,0.17,1.14,0.9,-0.52,0.31,-0.52,0.68,1.1,0.95,0.21,0.95,0.1
51.0,4.53,6.188,49.61,-0.22,-16.01,32.9,2.712,-3.93,33.051,-13.38,18.267,-15.101,96.699,-50.397,109.047,0.4,0.12,0.09,0.12,0.34,0.9,0.43,0.41,0.43,0.66,1.0,-0.55,0.07,-0.55,0.37,1.1,0.11,0.19,0.11,1.11,0.7,-0.18,0.1,-0.18,0.62,1.5,-0.36,0.24,-0.36,1.43,2.8,0.53,0.14,0.53,2.64,1.8,-0.25,0.04,-0.25,1.8,0.9,-0.49,0.04,-0.49,0.56,1.2,0.17,0.0,0.17,1.14,0.9,-0.52,0.31,-0.52,0.68,1.1,0.95,0.21,0.95,0.1
52.0,4.47,6.221,50.51,-0.23,-16.49,33.3,2.991,-3.581,33.465,-13.296,18.372,-15.468,96.658,-50.774,109.185,0.4,0.14,0.1,0.14,0.32,0.8,0.27,0.42,0.27,0.67,1.0,-0.55,0.02,-0.55,0.33,1.1,0.1,0.18,0.1,1.11,0.7,-0.17,0.11,-0.17,0.6,1.5,-0.36,0.22,-0.36,1.41,2.6,0.37,0.23,0.37,2.57,1.8,-0.25,0.02,-0.25,1.78,0.9,-0.44,0.04,-0.44,0.58,1.1,0.18,0.01,0.18,1.13,0.9,-0.53,0.3,-0.53,0.67,1.1,0.93,0.2,0.93,0.1
53.0,4.4,6.254,51.41,-0.23,-16.97,33.7,3.269,-3.27,33.879,-12.978,18.476,-15.862,96.615,-51.105,109.301,0.4,0.14,0.1,0.14,0.32,0.8,0.27,0.42,0.27,0.67,1.0,-0.55,0.02,-0.55,0.33,1.1,0.1,0.18,0.1,1.11,0.7,-0.17,0.11,-0.17,0.6,1.5,-0.36,0.22,-0.36,1.41,2.6,0.37,0.23,0.37,2.57,1.8,-0.25,0.02,-0.25,1.78,0.9,-0.44,0.04,-0.44,0.58,1.1,0.18,0.01,0.18,1.13,0.9,-0.53,0.3,-0.53,0.67,1.1,0.93,0.2,0.93,0.1
54.0,4.34,6.288,52.3,-0.23,-17.45,34.1,3.547,-2.902,34.293,-13.197,18.581,-16.239,96.55,-51.247,109.31,0.4,0.14,0.1,0.14,0.32,0.8,0.27,0.42,0.27,0.67,1.0,-0.55,0.02,-0.55,0.33,1.1,0.1,0.18,0.1,1.11,0.7,-0.17,0.11,-0.17,0.6,1.5,-0.36,0.22,-0.36,1.41,2.6,0.37,0.23,0.37,2.57,1.8,-0.25,0.02,-0.25,1.78,0.9,-0.44,0.04,-0.44,0.58,1.1,0.18,0.01,0.18,1.13,0.9,-0.53,0.3,-0.53,0.67,1.1,0.93,0.2,0.93,0.1
55.0,4.29,6.321,53.2,-0.24,-17.93,34.4,3.826,-2.475,34.706,-13.145,18.685,-16.57,96.441,-51.373,109.272,0.4,0.14,0.1,0.14,0.32,0.8,0.27,0.42,0.27,0.67,1.0,-0.55,0.02,-0.55,0.33,1.1,0.1,0.18,0.1,1.11,0.7,-0.17,0.11,-0.17,0.6,1.5,-0.36,0.22,-0.36,1.41,2.6,0.37,0.23,0.37,2.57,1.8,-0.25,0.02,-0.25,1.78,0.9,-0.44,0.04,-0.44,0.58,1.1,0.18,0.01,0.18,1.13,0.9,-0.53,0.3,-0.53,0.67,1.1,0.93,0.2,0.93,0.1
56.0,4.23,6.354,54.09,-0.24,-18.41,34.7,4.104,-2.004,35.12,-13.106,18.79,-16.852,96.295,-51.495,109.2,0.4,0.14,0.1,0.14,0.32,0.8,0.27,0.42,0.27,0.67,1.0,-0.55,0.02,-0.55,0.33,1.1,0.1,0.18,0.1,1.11,0.7,-0.17,0.11,-0.17,0.6,1.5,-0.36,0.22,-0.36,1.41,2.6,0.37,0.23,0.37,2.57,1.8,-0.25,0.02,-0.25,1.78,0.9,-0.44,0.04,-0.44,0.58,1.1,0.18,0.01,0.18,1.13,0.9,-0.53,0.3,-0.53,0.67,1.1,0.93,0.2,0.93,0.1
57.0,4.18,6.388,54.99,-0.24,-18.89,34.8,4.382,-1.471,35.533,-14.235,18.894,-16.994,96.087,-51.636,109.083,0.4,0.14,0.1,0.14,0.32,0.8,0.27,0.42,0.27,0.67,1.0,-0.55,0.02,-0.55,0.33,1.1,0.1,0.18,0.1,1.11,0.7,-0.17,0.11,-0.17,0.6,1.5,-0.36,0.22,-0.36,1.41,2.6,0.37,0.23,0.37,2.57,1.8,-0.25,0.02,-0.25,1.78,0.9,-0.44,0.04,-0.44,0.58,1.1,0.18,0.01,0.18,1.13,0.9,-0.53,0.3,-0.53,0.67,1.1,0.93,0.2,0.93,0.1
58.0,4.13,6.421,55.88,-0.24,-19.37,35.0,4.66,-1.09,35.947,-15.222,18.999,-17.122,95.954,-51.763,109.026,0.4,0.14,0.1,0.14,0.32,0.8,0.27,0.42,0.27,0.67,1.0,-0.55,0.02,-0.55,0.33,1.1,0.1,0.18,0.1,1.11,0.7,-0.17,0.11,-0.17,0.6,1.5,-0.36,0.22,-0.36,1.41,2.6,0.37,0.23,0.37,2.57,1.8,-0.25,0.02,-0.25,1.78,0.9,-0.44,0.04,-0.44,0.58,1.1,0.18,0.01,0.18,1.13,0.9,-0.53,0.3,-0.53,0.67,1.1,0.93,0.2,0.93,0.1
59.0,4.08,6.454,56.77,-0.24,-19.86,35.2,4.938,-0.845,36.361,-16.145,19.103,-17.231,95.896,-52.063,109.117,0.4,0.14,0.1,0.14,0.32,0.8,0.27,0.42,0.27,0.67,1.0,-0.55,0.02,-0.55,0.33,1.1,0.1,0.18,0.1,1.11,0.7,-0.17,0.11,-0.17,0.6,1.5,-0.36,0.22,-0.36,1.41,2.6,0.37,0.23,0.37,2.57,1.8,-0.25,0.02,-0.25,1.78,0.9,-0.44,0.04,-0.44,0.58,1.1,0.18,0.01,0.18,1.13,0.9,-0.53,0.3,-0.53,0.67,1.1,0.93,0.2,0.93,0.1
60.0,4.03,6.488,57.65,-0.26,-20.35,36.1,5.217,-0.915,36.775,-17.204,19.208,-17.265,96.044,-53.596,109.987,0.3,0.16,0.1,0.16,0.29,0.8,0.15,0.44,0.15,0.65,1.0,-0.52,0.0,-0.52,0.34,1.1,0.06,0.14,0.06,1.09,0.7,-0.17,0.11,-0.17,0.6,1.5,-0.36,0.22,-0.36,1.41,2.6,0.37,0.23,0.37,2.57,1.8,-0.25,0.02,-0.25,1.78,0.9,-0.44,0.04,-0.44,0.58,1.1,0.18,0.01,0.18,1.13,0.9,-0.53,0.3,-0.53,0.67,1.0,0.92,0.19,0.92,0.1
61.0,3.98,6.521,58.54,-0.27,-20.85,36.4,4.791,-1.25,36.82,-18.725,19.177,-17.234,96.046,-54.452,110.408,0.3,0.16,0.1,0.16,0.29,0.8,0.15,0.44,0.15,0.65,1.0,-0.52,0.0,-0.52,0.34,1.1,0.06,0.14,0.06,1.09,0.7,-0.17,0.11,-0.17,0.6,1.5,-0.36,0.22,-0.36,1.41,2.6,0.37,0.23,0.37,2.57,1.8,-0.25,0.02,-0.25,1.78,0.9,-0.44,0.04,-0.44,0.58,1.1,0.18,0.01,0.18,1.13,0.9,-0.53,0.3,-0.53,0.67,1.0,0.92,0.19,0.92,0.1
62.0,3.92,6.554,59.42,-0.27,-21.35,36.2,3.919,-1.775,36.5,-20.662,19.054,-17.154,95.976,-54.914,110.575,0.3,0.16,0.1,0.16,0.29,0.8,0.15,0.44,0.15,0.65,1.0,-0.52,0.0,-0.52,0.34,1.1,0.06,0.14,0.06,1.09,0.7,-0.17,0.11,-0.17,0.6,1.5,-0.36,0.22,-0.36,1.41,2.6,0.37,0.23,0.37,2.57,1.8,-0.25,0.02,-0.25,1.78,0.9,-0.44,0.04,-0.44,0.58,1.1,0.18,0.01,0.18,1.13,0.9,-0.53,0.3,-0.53,0.67,1.0,0.92,0.19,0.92,0.1
63.0,3.88,6.587,60.31,-0.27,-21.85,36.1,2.796,-2.549,35.091,-23.666,18.844,-17.003,96.007,-55.417,110.853,0.3,0.16,0.1,0.16,0.29,0.8,0.15,0.44,0.15,0.65,1.0,-0.52,0.0,-0.52,0.34,1.1,0.06,0.14,0.06,1.09,0.7,-0.17,0.11,-0.17,0.6,1.5,-0.36,0.22,-0.36,1.41,2.6,0.37,0.23,0.37,2.57,1.8,-0.25,0.02,-0.25,1.78,0.9,-0.44,0.04,-0.44,0.58,1.1,0.18,0.01,0.18,1.13,0.9,-0.53,0.3,-0.53,0.67,1.0,0.92,0.19,0.92,0.1
64.0,3.82,6.62,61.18,-0.27,-22.36,35.7,1.691,-3.464,33.703,-25.543,18.638,-16.928,96.014,-55.92,111.111,0.3,0.16,0.1,0.16,0.29,0.8,0.15,0.44,0.15,0.65,1.0,-0.52,0.0,-0.52,0.34,1.1,0.06,0.14,0.06,1.09,0.7,-0.17,0.11,-0.17,0.6,1.5,-0.36,0.22,-0.36,1.41,2.6,0.37,0.23,0.37,2.57,1.8,-0.25,0.02,-0.25,1.78,0.9,-0.44,0.04,-0.44,0.58,1.1,0.18,0.01,0.18,1.13,0.9,-0.53,0.3,-0.53,0.67,1.0,0.92,0.19,0.92,0.1
65.0,3.75,6.653,62.06,-0.27,-22.88,35.3,0.596,-4.468,32.291,-26.732,18.423,-16.903,96.0,-56.415,111.35,0.3,0.16,0.1,0.16,0.29,0.8,0.15,0.44,0.15,0.65,1.0,-0.52,0.0,-0.52,0.34,1.1,0.06,0.14,0.06,1.09,0.7,-0.17,0.11,-0.17,0.6,1.5,-0.36,0.22,-0.36,1.41,2.6,0.37,0.23,0.37,2.57,1.8,-0.25,0.02,-0.25,1.78,0.9,-0.44,0.04,-0.44,0.58,1.1,0.18,0.01,0.18,1.13,0.9,-0.53,0.3,-0.53,0.67,1.0,0.92,0.19,0.92,0.1
66.0,3.69,6.686,62.93,-0.27,-23.4,35.0,-0.489,-5.511,30.472,-27.902,18.096,-16.924,95.941,-56.833,111.511,0.3,0.16,0.1,0.16,0.29,0.8,0.15,0.44,0.15,0.65,1.0,-0.52,0.0,-0.52,0.34,1.1,0.06,0.14,0.06,1.09,0.7,-0.17,0.11,-0.17,0.6,1.5,-0.36,0.22,-0.36,1.41,2.6,0.37,0.23,0.37,2.57,1.8,-0.25,0.02,-0.25,1.78,0.9,-0.44,0.04,-0.44,0.58,1.1,0.18,0.01,0.18,1.13,0.9,-0.53,0.3,-0.53,0.67,1.0,0.92,0.19,0.92,0.1
67.0,3.64,6.718,63.8,-0.27,-23.92,34.6,-1.487,-6.593,29.109,-28.927,17.727,-16.983,95.921,-57.323,111.744,0.3,0.16,0.1,0.16,0.29,0.8,0.15,0.44,0.15,0.65,1.0,-0.52,0.0,-0.52,0.34,1.1,0.06,0.14,0.06,1.09,0.7,-0.17,0.11,-0.17,0.6,1.5,-0.36,0.22,-0.36,1.41,2.6,0.37,0.23,0.37,2.57,1.8,-0.25,0.02,-0.25,1.78,0.9,-0.44,0.04,-0.44,0.58,1.1,0.18,0.01,0.18,1.13,0.9,-0.53,0.3,-0.53,0.67,1.0,0.92,0.19,0.92,0.1
68.0,3.58,6.751,64.67,-0.27,-24.44,34.3,-2.412,-7.706,28.067,-29.806,17.332,-17.078,95.931,-57.869,112.034,0.3,0.16,0.12,0.16,0.26,0.8,0.07,0.42,0.07,0.61,1.0,-0.51,0.01,-0.51,0.36,1.1,0.06,0.08,0.06,1.05,0.6,-0.14,0.11,-0.14,0.6,1.6,-0.3,0.16,-0.3,1.43,2.5,0.26,0.32,0.26,2.48,1.7,-0.22,0.05,-0.22,1.7,1.0,-0.51,0.05,-0.51,0.74,1.1,0.2,0.05,0.2,1.09,0.9,-0.56,0.26,-0.56,0.63,1.0,0.86,0.22,0.86,0.11
69.0,3.53,6.784,65.54,-0.26,-24.96,34.2,-3.211,-8.815,26.101,-29.756,17.086,-17.293,95.93,-58.422,112.32,0.3,0.16,0.12,0.16,0.26,0.8,0.07,0.42,0.07,0.61,1.0,-0.51,0.01,-0.51,0.36,1.1,0.06,0.08,0.06,1.05,0.6,-0.14,0.11,-0.14,0.6,1.6,-0.3,0.16,-0.3,1.43,2.5,0.26,0.32,0.26,2.48,1.7,-0.22,0.05,-0.22,1.7,1.0,-0.51,0.05,-0.51,0.74,1.1,0.2,0.05,0.2,1.09,0.9,-0.56,0.26,-0.56,0.63,1.0,0.86,0.22,0.86,0.11
70.0,3.47,6.816,66.4,-0.26,-25.49,34.2,-3.978,-9.976,24.846,-29.531,16.869,-17.552,95.964,-58.992,112.646,0.3,0.16,0.12,0.16,0.26,0.8,0.07,0.42,0.07,0.61,1.0,-0.51,0.01,-0.51,0.36,1.1,0.06,0.08,0.06,1.05,0.6,-0.14,0.11,-0.14,0.6,1.6,-0.3,0.16,-0.3,1.43,2.5,0.26,0.32,0.26,2.48,1.7,-0.22,0.05,-0.22,1.7,1.0,-0.51,0.05,-0.51,0.74,1.1,0.2,0.05,0.2,1.09,0.9,-0.56,0.26,-0.56,0.63,1.0,0.86,0.22,0.86,0.11
71.0,3.42,6.848,67.27,-0.26,-26.02,34.2,-4.714,-11.191,24.326,-29.126,16.683,-17.857,96.033,-59.58,113.014,0.3,0.16,0.12,0.16,0.26,0.8,0.07,0.42,0.07,0.61,1.0,-0.51,0.01,-0.51,0.36,1.1,0.06,0.08,0.06,1.05,0.6,-0.14,0.11,-0.14,0.6,1.6,-0.3,0.16,-0.3,1.43,2.5,0.26,0.32,0.26,2.48,1.7,-0.22,0.05,-0.22,1.7,1.0,-0.51,0.05,-0.51,0.74,1.1,0.2,0.05,0.2,1.09,0.9,-0.56,0.26,-0.56,0.63,1.0,0.86,0.22,0.86,0.11
72.0,3.36,6.881,68.13,-0.26,-26.56,34.2,-5.457,-12.17,22.987,-28.645,16.622,-18.033,96.113,-60.132,113.374,0.3,0.16,0.12,0.16,0.26,0.8,0.07,0.42,0.07,0.61,1.0,-0.51,0.01,-0.51,0.36,1.1,0.06,0.08,0.06,1.05,0.6,-0.14,0.11,-0.14,0.6,1.6,-0.3,0.16,-0.3,1.43,2.5,0.26,0.32,0.26,2.48,1.7,-0.22,0.05,-0.22,1.7,1.0,-0.51,0.05,-0.51,0.74,1.1,0.2,0.05,0.2,1.09,0.9,-0.56,0.26,-0.56,0.63,1.0,0.86,0.22,0.86,0.11
73.0,3.3,6.913,68.98,-0.26,-27.1,34.1,-6.112,-12.989,22.393,-27.651,16.475,-18.168,96.226,-60.602,113.719,0.3,0.16,0.12,0.16,0.26,0.8,0.07,0.42,0.07,0.61,1.0,-0.51,0.01,-0.51,0.36,1.1,0.06,0.08,0.06,1.05,0.6,-0.14,0.11,-0.14,0.6,1.6,-0.3,0.16,-0.3,1.43,2.5,0.26,0.32,0.26,2.48,1.7,-0.22,0.05,-0.22,1.7,1.0,-0.51,0.05,-0.51,0.74,1.1,0.2,0.05,0.2,1.09,0.9,-0.56,0.26,-0.56,0.63,1.0,0.86,0.22,0.86,0.11
74.0,3.25,6.945,69.84,-0.27,-27.64,33.9,-6.635,-13.583,22.986,-25.891,16.187,-18.249,96.386,-60.952,114.042,0.3,0.16,0.12,0.16,0.26,0.8,0.07,0.42,0.07,0.61,1.0,-0.51,0.01,-0.51,0.36,1.1,0.06,0.08,0.06,1.05,0.6,-0.14,0.11,-0.14,0.6,1.6,-0.3,0.16,-0.3,1.43,2.5,0.26,0.32,0.26,2.48,1.7,-0.22,0.05,-0.22,1.7,1.0,-0.51,0.05,-0.51,0.74,1.1,0.2,0.05,0.2,1.09,0.9,-0.56,0.26,-0.56,0.63,1.0,0.86,0.22,0.86,0.11
75.0,3.19,6.977,70.7,-0.27,-28.19,33.4,-6.956,-13.805,22.927,-24.973,15.836,-18.131,96.508,-61.348,114.357,0.3,0.17,0.12,0.17,0.23,0.7,0.05,0.44,0.05,0.52,1.0,-0.52,0.03,-0.52,0.35,1.0,0.07,0.05,0.07,1.03,0.6,-0.13,0.11,-0.13,0.6,1.6,-0.16,0.09,-0.16,1.54,2.3,0.16,0.43,0.16,2.31,1.7,-0.26,0.11,-0.26,1.63,1.0,-0.51,0.05,-0.51,0.75,1.1,0.23,0.08,0.23,1.06,0.8,-0.56,0.21,-0.56,0.57,1.0,0.86,0.16,0.86,0.19
76.0,3.14,7.008,71.55,-0.27,-28.73,32.8,-7.187,-13.869,22.868,-24.339,15.472,-17.938,96.618,-61.768,114.676,0.3,0.17,0.12,0.17,0.23,0.7,0.05,0.44,0.05,0.52,1.0,-0.52,0.03,-0.52,0.35,1.0,0.07,0.05,0.07,1.03,0.6,-0.13,0.11,-0.13,0.6,1.6,-0.16,0.09,-0.16,1.54,2.3,0.16,0.43,0.16,2.31,1.7,-0.26,0.11,-0.26,1.63,1.0,-0.51,0.05,-0.51,0.75,1.1,0.23,0.08,0.23,1.06,0.8,-0.56,0.21,-0.56,0.57,1.0,0.86,0.16,0.86,0.19
77.0,3.1,7.04,72.4,-0.27,-29.28,32.2,-7.278,-13.696,23.157,-24.043,15.104,-17.648,96.721,-62.231,115.012,0.3,0.17,0.12,0.17,0.23,0.7,0.05,0.44,0.05,0.52,1.0,-0.52,0.03,-0.52,0.35,1.0,0.07,0.05,0.07,1.03,0.6,-0.13,0.11,-0.13,0.6,1.6,-0.16,0.09,-0.16,1.54,2.3,0.16,0.43,0.16,2.31,1.7,-0.26,0.11,-0.26,1.63,1.0,-0.51,0.05,-0.51,0.75,1.1,0.23,0.08,0.23,1.06,0.8,-0.56,0.21,-0.56,0.57,1.0,0.86,0.16,0.86,0.19
78.0,3.05,7.072,73.25,-0.28,-29.83,31.7,-7.342,-13.394,23.338,-23.574,14.879,-17.338,96.823,-62.682,115.343,0.3,0.17,0.12,0.17,0.23,0.7,0.05,0.44,0.05,0.52,1.0,-0.52,0.03,-0.52,0.35,1.0,0.07,0.05,0.07,1.03,0.6,-0.13,0.11,-0.13,0.6,1.6,-0.16,0.09,-0.16,1.54,2.3,0.16,0.43,0.16,2.31,1.7,-0.26,0.11,-0.26,1.63,1.0,-0.51,0.05,-0.51,0.75,1.1,0.23,0.08,0.23,1.06,0.8,-0.56,0.21,-0.56,0.57,1.0,0.86,0.16,0.86,0.19
79.0,3.0,7.103,74.1,-0.29,-30.38,31.3,-7.388,-13.029,23.553,-22.979,14.76,-17.004,96.92,-63.133,115.672,0.3,0.17,0.12,0.17,0.23,0.7,0.05,0.44,0.05,0.52,1.0,-0.52,0.03,-0.52,0.35,1.0,0.07,0.05,0.07,1.03,0.6,-0.13,0.11,-0.13,0.6,1.6,-0.16,0.09,-0.16,1.54,2.3,0.16,0.43,0.16,2.31,1.7,-0.26,0.11,-0.26,1.63,1.0,-0.51,0.05,-0.51,0.75,1.1,0.23,0.08,0.23,1.06,0.8,-0.56,0.21,-0.56,0.57,1.0,0.86,0.16,0.86,0.19
80.0,2.96,7.135,74.95,-0.3,-30.93,31.5,-7.366,-12.609,24.462,-21.947,15.009,-16.537,96.992,-63.634,116.006,0.3,0.17,0.12,0.17,0.23,0.7,0.05,0.44,0.05,0.52,1.0,-0.52,0.03,-0.52,0.35,1.0,0.07,0.05,0.07,1.03,0.6,-0.13,0.11,-0.13,0.6,1.6,-0.16,0.09,-0.16,1.54,2.3,0.16,0.43,0.16,2.31,1.7,-0.26,0.11,-0.26,1.63,1.0,-0.51,0.05,-0.51,0.75,1.1,0.23,0.08,0.23,1.06,0.8,-0.56,0.21,-0.56,0.57,1.0,0.86,0.16,0.86,0.19
81.0,2.92,7.167,75.79,-0.31,-31.49,31.8,-7.344,-12.189,25.37,-20.916,15.257,-16.07,97.063,-64.135,116.342,0.3,0.17,0.12,0.17,0.23,0.7,0.05,0.44,0.05,0.52,1.0,-0.52,0.03,-0.52,0.35,1.0,0.07,0.05,0.07,1.03,0.6,-0.13,0.11,-0.13,0.6,1.6,-0.16,0.09,-0.16,1.54,2.3,0.16,0.43,0.16,2.31,1.7,-0.26,0.11,-0.26,1.63,1.0,-0.51,0.05,-0.51,0.75,1.1,0.23,0.08,0.23,1.06,0.8,-0.56,0.21,-0.56,0.57,1.0,0.86,0.16,0.86,0.19
82.0,2.88,7.198,76.64,-0.32,-32.04,32.0,-7.323,-11.769,26.279,-19.884,15.506,-15.604,97.134,-64.635,116.679,0.3,0.17,0.12,0.17,0.23,0.7,0.05,0.44,0.05,0.52,1.0,-0.52,0.03,-0.52,0.35,1.0,0.07,0.05,0.07,1.03,0.6,-0.13,0.11,-0.13,0.6,1.6,-0.16,0.09,-0.16,1.54,2.3,0.16,0.43,0.16,2.31,1.7,-0.26,0.11,-0.26,1.63,1.0,-0.51,0.05,-0.51,0.75,1.1,0.23,0.08,0.23,1.06,0.8,-0.56,0.21,-0.56,0.57,1.0,0.86,0.16,0.86,0.19
83.0,2.82,7.228,77.47,-0.32,-32.62,30.9,-7.196,-11.371,27.532,-18.907,15.933,-15.162,97.07,-64.883,116.764,0.3,0.16,0.14,0.16,0.21,0.7,0.06,0.44,0.06,0.48,1.1,-0.53,0.06,-0.53,0.36,1.0,0.07,0.01,0.07,1.0,0.7,-0.14,0.09,-0.14,0.61,1.6,-0.11,0.08,-0.11,1.58,2.3,0.15,0.4,0.15,2.31,1.6,-0.28,0.13,-0.28,1.6,1.0,-0.48,0.03,-0.48,0.73,1.1,0.27,0.08,0.27,1.05,0.8,-0.56,0.17,-0.56,0.54,1.0,0.83,0.18,0.83,0.15
84.0,2.77,7.259,78.31,-0.32,-33.19,30.1,-7.061,-11.0,28.827,-17.954,16.377,-14.714,97.044,-65.207,116.922,0.3,0.16,0.14,0.16,0.21,0.7,0.06,0.44,0.06,0.48,1.1,-0.53,0.06,-0.53,0.36,1.0,0.07,0.01,0.07,1.0,0.7,-0.14,0.09,-0.14,0.61,1.6,-0.11,0.08,-0.11,1.58,2.3,0.15,0.4,0.15,2.31,1.6,-0.28,0.13,-0.28,1.6,1.0,-0.48,0.03,-0.48,0.73,1.1,0.27,0.08,0.27,1.05,0.8,-0.56,0.17,-0.56,0.54,1.0,0.83,0.18,0.83,0.15
85.0,2.75,7.291,79.15,-0.34,-33.74,30.6,-6.92,-10.694,30.182,-17.058,16.842,-14.247,97.134,-65.769,117.311,0.3,0.16,0.14,0.16,0.21,0.7,0.06,0.44,0.06,0.48,1.1,-0.53,0.06,-0.53,0.36,1.0,0.07,0.01,0.07,1.0,0.7,-0.14,0.09,-0.14,0.61,1.6,-0.11,0.08,-0.11,1.58,2.3,0.15,0.4,0.15,2.31,1.6,-0.28,0.13,-0.28,1.6,1.0,-0.48,0.03,-0.48,0.73,1.1,0.27,0.08,0.27,1.05,0.8,-0.56,0.17,-0.56,0.54,1.0,0.83,0.18,0.83,0.15
86.0,2.72,7.322,79.99,-0.35,-34.3,30.5,-6.563,-10.317,30.861,-16.104,17.2,-13.841,97.181,-65.979,117.467,0.3,0.16,0.14,0.16,0.21,0.7,0.06,0.44,0.06,0.48,1.1,-0.53,0.06,-0.53,0.36,1.0,0.07,0.01,0.07,1.0,0.7,-0.14,0.09,-0.14,0.61,1.6,-0.11,0.08,-0.11,1.58,2.3,0.15,0.4,0.15,2.31,1.6,-0.28,0.13,-0.28,1.6,1.0,-0.48,0.03,-0.48,0.73,1.1,0.27,0.08,0.27,1.05,0.8,-0.56,0.17,-0.56,0.54,1.0,0.83,0.18,0.83,0.15
87.0,2.68,7.352,80.82,-0.36,-34.88,30.1,-6.116,-9.895,31.259,-15.172,17.514,-13.467,97.206,-66.057,117.532,0.3,0.16,0.14,0.16,0.21,0.7,0.06,0.44,0.06,0.48,1.1,-0.53,0.06,-0.53,0.36,1.0,0.07,0.01,0.07,1.0,0.7,-0.14,0.09,-0.14,0.61,1.6,-0.11,0.08,-0.11,1.58,2.3,0.15,0.4,0.15,2.31,1.6,-0.28,0.13,-0.28,1.6,1.0,-0.48,0.03,-0.48,0.73,1.1,0.27,0.08,0.27,1.05,0.8,-0.56,0.17,-0.56,0.54,1.0,0.83,0.18,0.83,0.15
88.0,2.64,7.383,81.65,-0.37,-35.45,29.9,-5.671,-9.292,31.656,-14.775,17.826,-13.18,97.191,-66.298,117.655,0.3,0.16,0.14,0.16,0.21,0.7,0.06,0.44,0.06,0.48,1.1,-0.53,0.06,-0.53,0.36,1.0,0.07,0.01,0.07,1.0,0.7,-0.14,0.09,-0.14,0.61,1.6,-0.11,0.08,-0.11,1.58,2.3,0.15,0.4,0.15,2.31,1.6,-0.28,0.13,-0.28,1.6,1.0,-0.48,0.03,-0.48,0.73,1.1,0.27,0.08,0.27,1.05,0.8,-0.56,0.17,-0.56,0.54,1.0,0.83,0.18,0.83,0.15
89.0,2.61,7.414,82.48,-0.38,-36.03,29.7,-5.225,-8.62,32.054,-14.588,18.14,-12.984,97.176,-66.44,117.722,0.3,0.16,0.14,0.16,0.21,0.7,0.06,0.44,0.06,0.48,1.1,-0.53,0.06,-0.53,0.36,1.0,0.07,0.01,0.07,1.0,0.7,-0.14,0.09,-0.14,0.61,1.6,-0.11,0.08,-0.11,1.58,2.3,0.15,0.4,0.15,2.31,1.6,-0.28,0.13,-0.28,1.6,1.0,-0.48,0.03,-0.48,0.73,1.1,0.27,0.08,0.27,1.05,0.8,-0.56,0.17,-0.56,0.54,1.0,0.83,0.18,0.83,0.15
90.0,2.59,7.445,83.31,-0.38,-36.6,29.6,-4.777,-7.86,32.454,-14.659,18.454,-12.9,97.161,-66.461,117.719,0.3,0.16,0.14,0.16,0.21,0.7,0.06,0.44,0.06,0.48,1.1,-0.53,0.06,-0.53,0.36,1.0,0.07,0.01,0.07,1.0,0.7,-0.14,0.09,-0.14,0.61,1.6,-0.11,0.08,-0.11,1.58,2.3,0.15,0.4,0.15,2.31,1.6,-0.28,0.13,-0.28,1.6,1.0,-0.48,0.03,-0.48,0.73,1.1,0.27,0.08,0.27,1.05,0.8,-0.56,0.17,-0.56,0.54,1.0,0.83,0.18,0.83,0.15
91.0,2.57,7.475,84.14,-0.38,-37.17,30.9,-4.328,-7.014,32.855,-14.618,18.77,-13.017,97.249,-67.317,118.276,0.3,0.16,0.15,0.16,0.2,0.6,0.04,0.41,0.04,0.51,1.1,-0.59,0.08,-0.59,0.32,1.0,0.04,0.02,0.04,0.98,0.6,-0.12,0.09,-0.12,0.61,1.6,-0.06,0.08,-0.06,1.6,2.3,0.15,0.4,0.15,2.31,1.7,-0.31,0.11,-0.31,1.61,1.0,-0.41,0.0,-0.41,0.66,1.1,0.33,0.05,0.33,1.06,0.8,-0.59,0.15,-0.59,0.5,1.0,0.8,0.18,0.8,0.1
92.0,2.55,7.506,84.98,-0.39,-37.74,32.1,-3.918,-6.185,33.008,-14.737,19.081,-13.208,97.323,-68.137,118.805,0.3,0.16,0.15,0.16,0.2,0.6,0.04,0.41,0.04,0.51,1.1,-0.59,0.08,-0.59,0.32,1.0,0.04,0.02,0.04,0.98,0.6,-0.12,0.09,-0.12,0.61,1.6,-0.06,0.08,-0.06,1.6,2.3,0.15,0.4,0.15,2.31,1.7,-0.31,0.11,-0.31,1.61,1.0,-0.41,0.0,-0.41,0.66,1.1,0.33,0.05,0.33,1.06,0.8,-0.59,0.15,-0.59,0.5,1.0,0.8,0.18,0.8,0.1
93.0,2.54,7.537,85.81,-0.38,-38.32,32.4,-3.659,-5.487,32.216,-15.552,19.374,-13.523,97.264,-68.135,118.755,0.3,0.16,0.15,0.16,0.2,0.6,0.04,0.41,0.04,0.51,1.1,-0.59,0.08,-0.59,0.32,1.0,0.04,0.02,0.04,0.98,0.6,-0.12,0.09,-0.12,0.61,1.6,-0.06,0.08,-0.06,1.6,2.3,0.15,0.4,0.15,2.31,1.7,-0.31,0.11,-0.31,1.61,1.0,-0.41,0.0,-0.41,0.66,1.1,0.33,0.05,0.33,1.06,0.8,-0.59,0.15,-0.59,0.5,1.0,0.8,0.18,0.8,0.1
94.0,2.53,7.568,86.63,-0.38,-38.9,33.1,-3.404,-4.844,31.432,-16.895,19.663,-13.827,97.323,-68.356,118.93,0.3,0.16,0.15,0.16,0.2,0.6,0.04,0.41,0.04,0.51,1.1,-0.59,0.08,-0.59,0.32,1.0,0.04,0.02,0.04,0.98,0.6,-0.12,0.09,-0.12,0.61,1.6,-0.06,0.08,-0.06,1.6,2.3,0.15,0.4,0.15,2.31,1.7,-0.31,0.11,-0.31,1.61,1.0,-0.41,0.0,-0.41,0.66,1.1,0.33,0.05,0.33,1.06,0.8,-0.59,0.15,-0.59,0.5,1.0,0.8,0.18,0.8,0.1
95.0,2.51,7.598,87.45,-0.39,-39.48,34.0,-3.15,-4.24,30.653,-18.615,19.951,-14.124,97.467,-68.736,119.266,0.3,0.16,0.15,0.16,0.2,0.6,0.04,0.41,0.04,0.51,1.1,-0.59,0.08,-0.59,0.32,1.0,0.04,0.02,0.04,0.98,0.6,-0.12,0.09,-0.12,0.61,1.6,-0.06,0.08,-0.06,1.6,2.3,0.15,0.4,0.15,2.31,1.7,-0.31,0.11,-0.31,1.61,1.0,-0.41,0.0,-0.41,0.66,1.1,0.33,0.05,0.33,1.06,0.8,-0.59,0.15,-0.59,0.5,1.0,0.8,0.18,0.8,0.1
96.0,2.5,7.628,88.28,-0.39,-40.06,34.4,-2.932,-3.792,29.076,-20.498,20.087,-14.382,97.497,-68.848,119.355,0.3,0.16,0.15,0.16,0.2,0.6,0.04,0.41,0.04,0.51,1.1,-0.59,0.08,-0.59,0.32,1.0,0.04,0.02,0.04,0.98,0.6,-0.12,0.09,-0.12,0.61,1.6,-0.06,0.08,-0.06,1.6,2.3,0.15,0.4,0.15,2.31,1.7,-0.31,0.11,-0.31,1.61,1.0,-0.41,0.0,-0.41,0.66,1.1,0.33,0.05,0.33,1.06,0.8,-0.59,0.15,-0.59,0.5,1.0,0.8,0.18,0.8,0.1
97.0,2.49,7.659,89.1,-0.39,-40.64,34.7,-2.716,-3.365,27.713,-22.506,20.146,-14.595,97.502,-68.894,119.386,0.3,0.16,0.15,0.16,0.2,0.6,0.04,0.41,0.04,0.51,1.1,-0.59,0.08,-0.59,0.32,1.0,0.04,0.02,0.04,0.98,0.6,-0.12,0.09,-0.12,0.61,1.6,-0.06,0.08,-0.06,1.6,2.3,0.15,0.4,0.15,2.31,1.7,-0.31,0.11,-0.31,1.61,1.0,-0.41,0.0,-0.41,0.66,1.1,0.33,0.05,0.33,1.06,0.8,-0.59,0.15,-0.59,0.5,1.0,0.8,0.18,0.8,0.1
98.0,2.5,7.689,89.93,-0.38,-41.21,34.8,-2.496,-2.959,27.045,-24.798,20.044,-14.706,97.464,-68.826,119.316,0.3,0.16,0.15,0.16,0.2,0.6,0.04,0.41,0.04,0.51,1.1,-0.59,0.08,-0.59,0.32,1.0,0.04,0.02,0.04,0.98,0.6,-0.12,0.09,-0.12,0.61,1.6,-0.06,0.08,-0.06,1.6,2.3,0.15,0.4,0.15,2.31,1.7,-0.31,0.11,-0.31,1.61,1.0,-0.41,0.0,-0.41,0.66,1.1,0.33,0.05,0.33,1.06,0.8,-0.59,0.15,-0.59,0.5,1.0,0.8,0.18,0.8,0.1
99.0,2.47,7.719,90.73,-0.39,-41.81,34.8,-2.281,-2.772,26.395,-26.383,19.944,-14.834,97.547,-69.118,119.552,0.3,0.16,0.15,0.16,0.2,0.6,0.04,0.41,0.04,0.51,1.1,-0.59,0.08,-0.59,0.32,1.0,0.04,0.02,0.04,0.98,0.6,-0.12,0.09,-0.12,0.61,1.6,-0.06,0.08,-0.06,1.6,2.3,0.15,0.4,0.15,2.31,1.7,-0.31,0.11,-0.31,1.61,1.0,-0.41,0.0,-0.41,0.66,1.1,0.33,0.05,0.33,1.06,0.8,-0.59,0.15,-0.59,0.5,1.0,0.8,0.18,0.8,0.1
100.0,2.42,7.748,91.53,-0.39,-42.41,34.6,-2.07,-2.702,25.754,-27.585,19.846,-14.971,97.693,-69.604,119.953,0.3,0.16,0.15,0.16,0.2,0.6,0.04,0.41,0.04,0.51,1.1,-0.59,0.08,-0.59,0.32,1.0,0.04,0.02,0.04,0.98,0.6,-0.12,0.09,-0.12,0.61,1.6,-0.06,0.08,-0.06,1.6,2.4,0.11,0.33,0.11,2.35,1.7,-0.31,0.11,-0.31,1.61,1.0,-0.41,0.0,-0.41,0.66,1.1,0.36,0.05,0.36,1.05,0.8,-0.58,0.12,-0.58,0.49,1.0,0.8,0.18,0.8,0.1
101.0,2.44,7.779,92.36,-0.39,-42.98,34.6,-1.954,-2.63,24.842,-28.837,19.644,-15.114,97.662,-69.716,119.993,0.3,0.16,0.15,0.16,0.2,0.6,0.04,0.41,0.04,0.51,1.1,-0.59,0.08,-0.59,0.32,1.0,0.04,0.02,0.04,0.98,0.6,-0.12,0.09,-0.12,0.61,1.6,-0.06,0.08,-0.06,1.6,2.4,0.11,0.33,0.11,2.35,1.7,-0.31,0.11,-0.31,1.61,1.0,-0.41,0.0,-0.41,0.66,1.1,0.36,0.05,0.36,1.05,0.8,-0.58,0.12,-0.58,0.49,1.0,0.8,0.18,0.8,0.1
102.0,2.45,7.809,93.18,-0.39,-43.55,34.8,-1.91,-2.675,23.874,-30.194,19.409,-15.297,97.61,-69.962,120.093,0.3,0.16,0.15,0.16,0.2,0.6,0.04,0.41,0.04,0.51,1.1,-0.59,0.08,-0.59,0.32,1.0,0.04,0.02,0.04,0.98,0.6,-0.12,0.09,-0.12,0.61,1.6,-0.06,0.08,-0.06,1.6,2.4,0.11,0.33,0.11,2.35,1.7,-0.31,0.11,-0.31,1.61,1.0,-0.41,0.0,-0.41,0.66,1.1,0.36,0.05,0.36,1.05,0.8,-0.58,0.12,-0.58,0.49,1.0,0.8,0.18,0.8,0.1
103.0,2.45,7.84,94.0,-0.39,-44.12,35.0,-2.016,-2.979,22.817,-31.777,19.115,-15.568,97.529,-70.549,120.37,0.3,0.16,0.15,0.16,0.2,0.6,0.04,0.41,0.04,0.51,1.1,-0.59,0.08,-0.59,0.32,1.0,0.04,0.02,0.04,0.98,0.6,-0.12,0.09,-0.12,0.61,1.6,-0.06,0.08,-0.06,1.6,2.4,0.11,0.33,0.11,2.35,1.7,-0.31,0.11,-0.31,1.61,1.0,-0.41,0.0,-0.41,0.66,1.1,0.36,0.05,0.36,1.05,0.8,-0.58,0.12,-0.58,0.49,1.0,0.8,0.18,0.8,0.1
104.0,2.42,7.869,94.81,-0.39,-44.72,34.8,-2.119,-3.783,21.784,-32.265,18.828,-16.157,97.57,-70.429,120.334,0.3,0.16,0.15,0.16,0.2,0.6,0.04,0.41,0.04,0.51,1.1,-0.59,0.08,-0.59,0.32,1.0,0.04,0.02,0.04,0.98,0.6,-0.12,0.09,-0.12,0.61,1.6,-0.06,0.08,-0.06,1.6,2.4,0.11,0.33,0.11,2.35,1.7,-0.31,0.11,-0.31,1.61,1.0,-0.41,0.0,-0.41,0.66,1.1,0.36,0.05,0.36,1.05,0.8,-0.58,0.12,-0.58,0.49,1.0,0.8,0.18,0.8,0.1
105.0,2.39,7.898,95.61,-0.38,-45.32,34.2,-2.221,-4.845,20.763,-32.188,18.544,-16.91,97.674,-69.944,120.135,0.3,0.16,0.15,0.16,0.2,0.6,0.04,0.41,0.04,0.51,1.1,-0.59,0.08,-0.59,0.32,1.0,0.04,0.02,0.04,0.98,0.6,-0.12,0.09,-0.12,0.61,1.6,-0.06,0.08,-0.06,1.6,2.4,0.11,0.33,0.11,2.35,1.7,-0.31,0.11,-0.31,1.61,1.0,-0.41,0.0,-0.41,0.66,1.1,0.36,0.05,0.36,1.05,0.8,-0.58,0.12,-0.58,0.49,1.0,0.8,0.18,0.8,0.1
106.0,2.38,7.929,96.42,-0.38,-45.9,35.2,-2.304,-5.948,20.702,-32.107,18.101,-17.692,97.724,-70.638,120.581,0.3,0.16,0.15,0.16,0.2,0.6,0.04,0.41,0.04,0.51,1.1,-0.59,0.08,-0.59,0.32,1.0,0.04,0.02,0.04,0.98,0.6,-0.12,0.09,-0.12,0.61,1.6,-0.06,0.08,-0.06,1.6,2.4,0.11,0.33,0.11,2.35,1.7,-0.31,0.11,-0.31,1.61,1.0,-0.41,0.0,-0.41,0.66,1.1,0.36,0.05,0.36,1.05,0.8,-0.58,0.12,-0.58,0.49,1.0,0.8,0.18,0.8,0.1
107.0,2.38,7.959,97.24,-0.39,-46.48,35.8,-2.388,-6.747,20.466,-31.929,17.689,-18.262,97.774,-71.157,120.926,0.3,0.16,0.15,0.16,0.2,0.6,0.04,0.41,0.04,0.51,1.1,-0.59,0.08,-0.59,0.32,1.0,0.04,0.02,0.04,0.98,0.6,-0.12,0.09,-0.12,0.61,1.6,-0.06,0.08,-0.06,1.6,2.4,0.11,0.33,0.11,2.35,1.7,-0.31,0.11,-0.31,1.61,1.0,-0.41,0.0,-0.41,0.66,1.1,0.36,0.05,0.36,1.05,0.8,-0.58,0.12,-0.58,0.49,1.0,0.8,0.18,0.8,0.1
108.0,2.37,7.989,98.05,-0.39,-47.07,35.5,-2.474,-6.84,19.707,-31.526,17.367,-18.343,97.83,-71.124,120.952,0.3,0.17,0.12,0.17,0.2,0.7,-0.13,0.31,-0.13,0.62,1.1,-0.61,0.04,-0.61,0.22,1.0,0.01,0.03,0.01,0.98,0.7,-0.04,0.07,-0.04,0.64,1.6,0.04,0.13,0.04,1.54,2.4,0.13,0.24,0.13,2.41,1.6,-0.3,0.13,-0.3,1.58,0.9,-0.28,0.03,-0.28,0.66,1.1,0.35,0.06,0.35,1.03,0.8,-0.58,0.09,-0.58,0.47,1.0,0.79,0.18,0.79,0.02
109.0,2.36,8.019,98.86,-0.4,-47.66,35.2,-2.43,-6.933,20.063,-31.124,17.041,-18.423,97.88,-70.977,120.907,0.3,0.17,0.12,0.17,0.2,0.7,-0.13,0.31,-0.13,0.62,1.1,-0.61,0.04,-0.61,0.22,1.0,0.01,0.03,0.01,0.98,0.7,-0.04,0.07,-0.04,0.64,1.6,0.04,0.13,0.04,1.54,2.4,0.13,0.24,0.13,2.41,1.6,-0.3,0.13,-0.3,1.58,0.9,-0.28,0.03,-0.28,0.66,1.1,0.35,0.06,0.35,1.03,0.8,-0.58,0.09,-0.58,0.47,1.0,0.79,0.18,0.79,0.02
110.0,2.35,8.048,99.67,-0.4,-48.25,34.8,-2.308,-7.027,21.093,-30.722,16.713,-18.504,97.925,-70.762,120.819,0.3,0.17,0.12,0.17,0.2,0.7,-0.13,0.31,-0.13,0.62,1.1,-0.61,0.04,-0.61,0.22,1.0,0.01,0.03,0.01,0.98,0.7,-0.04,0.07,-0.04,0.64,1.6,0.04,0.13,0.04,1.54,2.4,0.13,0.24,0.13,2.41,1.6,-0.3,0.13,-0.3,1.58,0.9,-0.28,0.03,-0.28,0.66,1.1,0.35,0.06,0.35,1.03,0.8,-0.58,0.09,-0.58,0.47,1.0,0.79,0.18,0.79,0.02
111.0,2.35,8.078,100.49,-0.4,-48.83,34.5,-2.186,-7.12,22.124,-30.32,16.385,-18.584,97.97,-70.547,120.732,0.3,0.17,0.12,0.17,0.2,0.7,-0.13,0.31,-0.13,0.62,1.1,-0.61,0.04,-0.61,0.22,1.0,0.01,0.03,0.01,0.98,0.7,-0.04,0.07,-0.04,0.64,1.6,0.04,0.13,0.04,1.54,2.4,0.13,0.24,0.13,2.41,1.6,-0.3,0.13,-0.3,1.58,0.9,-0.28,0.03,-0.28,0.66,1.1,0.35,0.06,0.35,1.03,0.8,-0.58,0.09,-0.58,0.47,1.0,0.79,0.18,0.79,0.02
112.0,2.33,8.108,101.3,-0.41,-49.42,34.3,-1.981,-7.213,23.438,-29.919,16.055,-18.664,98.119,-70.543,120.851,0.3,0.17,0.12,0.17,0.2,0.7,-0.13,0.31,-0.13,0.62,1.1,-0.61,0.04,-0.61,0.22,1.0,0.01,0.03,0.01,0.98,0.7,-0.04,0.07,-0.04,0.64,1.6,0.04,0.13,0.04,1.54,2.4,0.13,0.24,0.13,2.41,1.6,-0.3,0.13,-0.3,1.58,0.9,-0.28,0.03,-0.28,0.66,1.1,0.35,0.06,0.35,1.03,0.8,-0.58,0.09,-0.58,0.47,1.0,0.79,0.18,0.79,0.02
113.0,2.31,8.137,102.1,-0.41,-50.02,34.3,-1.541,-7.306,25.566,-29.52,15.719,-18.744,98.565,-71.146,121.563,0.3,0.17,0.12,0.17,0.2,0.7,-0.13,0.31,-0.13,0.62,1.1,-0.61,0.04,-0.61,0.22,1.0,0.01,0.03,0.01,0.98,0.7,-0.04,0.07,-0.04,0.64,1.6,0.04,0.13,0.04,1.54,2.4,0.13,0.24,0.13,2.41,1.6,-0.3,0.13,-0.3,1.58,0.9,-0.28,0.03,-0.28,0.66,1.1,0.35,0.06,0.35,1.03,0.8,-0.58,0.09,-0.58,0.47,1.0,0.79,0.18,0.79,0.02
114.0,2.29,8.167,102.91,-0.42,-50.61,34.1,-1.212,-6.849,27.376,-28.962,15.49,-18.657,98.766,-71.597,121.989,0.3,0.17,0.12,0.17,0.2,0.7,-0.13,0.31,-0.13,0.62,1.1,-0.61,0.04,-0.61,0.22,1.0,0.01,0.03,0.01,0.98,0.7,-0.04,0.07,-0.04,0.64,1.6,0.04,0.13,0.04,1.54,2.4,0.13,0.24,0.13,2.41,1.6,-0.3,0.13,-0.3,1.58,0.9,-0.28,0.03,-0.28,0.66,1.1,0.35,0.06,0.35,1.03,0.8,-0.58,0.09,-0.58,0.47,1.0,0.79,0.18,0.79,0.02
115.0,2.29,8.196,103.72,-0.43,-51.2,33.7,-0.97,-5.967,28.941,-28.281,15.343,-18.44,98.776,-71.93,122.193,0.3,0.17,0.12,0.17,0.2,0.7,-0.13,0.31,-0.13,0.62,1.1,-0.61,0.04,-0.61,0.22,1.0,0.01,0.03,0.01,0.98,0.7,-0.04,0.07,-0.04,0.64,1.6,0.04,0.13,0.04,1.54,2.4,0.13,0.24,0.13,2.41,1.6,-0.3,0.13,-0.3,1.58,0.9,-0.28,0.03,-0.28,0.66,1.1,0.35,0.06,0.35,1.03,0.8,-0.58,0.09,-0.58,0.47,1.0,0.79,0.18,0.79,0.02
116.0,2.29,8.226,104.53,-0.44,-51.78,33.7,-0.754,-5.578,30.224,-28.017,15.314,-18.28,98.77,-71.945,122.196,0.3,0.17,0.09,0.17,0.22,0.7,-0.2,0.24,-0.2,0.65,1.1,-0.62,0.01,-0.62,0.14,1.0,-0.03,0.01,-0.03,1.04,0.6,0.02,0.08,0.02,0.62,1.5,0.35,0.14,0.35,1.44,2.5,0.18,0.18,0.18,2.45,1.5,-0.15,0.22,-0.15,1.47,0.9,-0.36,0.02,-0.36,0.56,1.0,0.34,0.09,0.34,0.99,0.7,-0.58,0.05,-0.58,0.42,0.9,0.71,0.22,0.71,0.02
117.0,2.29,8.256,105.34,-0.44,-52.37,33.7,-0.579,-5.263,31.327,-27.817,15.354,-18.129,98.758,-71.982,122.207,0.3,0.17,0.09,0.17,0.22,0.7,-0.2,0.24,-0.2,0.65,1.1,-0.62,0.01,-0.62,0.14,1.0,-0.03,0.01,-0.03,1.04,0.6,0.02,0.08,0.02,0.62,1.5,0.35,0.14,0.35,1.44,2.5,0.18,0.18,0.18,2.45,1.5,-0.15,0.22,-0.15,1.47,0.9,-0.36,0.02,-0.36,0.56,1.0,0.34,0.09,0.34,0.99,0.7,-0.58,0.05,-0.58,0.42,0.9,0.71,0.22,0.71,0.02
118.0,2.29,8.285,106.15,-0.45,-52.96,34.0,-0.558,-4.949,31.85,-27.616,15.607,-17.979,98.728,-72.312,122.379,0.3,0.17,0.09,0.17,0.22,0.7,-0.2,0.24,-0.2,0.65,1.1,-0.62,0.01,-0.62,0.14,1.0,-0.03,0.01,-0.03,1.04,0.6,0.02,0.08,0.02,0.62,1.5,0.35,0.14,0.35,1.44,2.5,0.18,0.18,0.18,2.45,1.5,-0.15,0.22,-0.15,1.47,0.9,-0.36,0.02,-0.36,0.56,1.0,0.34,0.09,0.34,0.99,0.7,-0.58,0.05,-0.58,0.42,0.9,0.71,0.22,0.71,0.02
119.0,2.27,8.314,106.95,-0.45,-53.56,33.9,-0.674,-4.643,32.419,-27.421,15.992,-17.832,98.669,-72.348,122.353,0.3,0.17,0.09,0.17,0.22,0.7,-0.2,0.24,-0.2,0.65,1.1,-0.62,0.01,-0.62,0.14,1.0,-0.03,0.01,-0.03,1.04,0.6,0.02,0.08,0.02,0.62,1.5,0.35,0.14,0.35,1.44,2.5,0.18,0.18,0.18,2.45,1.5,-0.15,0.22,-0.15,1.47,0.9,-0.36,0.02,-0.36,0.56,1.0,0.34,0.09,0.34,0.99,0.7,-0.58,0.05,-0.58,0.42,0.9,0.71,0.22,0.71,0.02
120.0,2.23,8.343,107.75,-0.44,-54.17,33.5,-0.919,-4.344,33.032,-27.23,16.504,-17.689,98.582,-72.1,122.14,0.3,0.17,0.09,0.17,0.22,0.7,-0.2,0.24,-0.2,0.65,1.1,-0.62,0.01,-0.62,0.14,1.0,-0.03,0.01,-0.03,1.04,0.6,0.02,0.08,0.02,0.62,1.5,0.35,0.14,0.35,1.44,2.5,0.18,0.18,0.18,2.45,1.5,-0.15,0.22,-0.15,1.47,0.9,-0.36,0.02,-0.36,0.56,1.0,0.34,0.09,0.34,0.99,0.7,-0.58,0.05,-0.58,0.42,0.9,0.71,0.22,0.71,0.02
121.0,2.24,8.373,108.57,-0.46,-54.75,34.2,-1.182,-4.767,33.689,-26.718,17.052,-17.255,98.718,-72.619,122.554,0.3,0.17,0.09,0.17,0.22,0.7,-0.2,0.24,-0.2,0.65,1.1,-0.62,0.01,-0.62,0.14,1.0,-0.03,0.01,-0.03,1.04,0.6,0.02,0.08,0.02,0.62,1.5,0.35,0.14,0.35,1.44,2.5,0.18,0.18,0.18,2.45,1.5,-0.15,0.22,-0.15,1.47,0.9,-0.36,0.02,-0.36,0.56,1.0,0.34,0.09,0.34,0.99,0.7,-0.58,0.05,-0.58,0.42,0.9,0.71,0.22,0.71,0.02
122.0,2.28,8.404,109.39,-0.48,-55.32,35.1,-1.468,-5.432,34.29,-26.102,17.623,-16.725,98.891,-73.273,123.08,0.3,0.17,0.09,0.17,0.22,0.7,-0.2,0.24,-0.2,0.65,1.1,-0.62,0.01,-0.62,0.14,1.0,-0.03,0.01,-0.03,1.04,0.6,0.02,0.08,0.02,0.62,1.5,0.35,0.14,0.35,1.44,2.5,0.18,0.18,0.18,2.45,1.5,-0.15,0.22,-0.15,1.47,0.9,-0.36,0.02,-0.36,0.56,1.0,0.34,0.09,0.34,0.99,0.7,-0.58,0.05,-0.58,0.42,0.9,0.71,0.22,0.71,0.02
123.0,2.24,8.432,110.18,-0.48,-55.93,34.7,-1.866,-6.054,34.424,-25.525,18.257,-16.23,98.806,-73.079,122.897,0.3,0.17,0.09,0.17,0.22,0.7,-0.2,0.24,-0.2,0.65,1.1,-0.62,0.01,-0.62,0.14,1.0,-0.03,0.01,-0.03,1.04,0.6,0.02,0.08,0.02,0.62,1.5,0.35,0.14,0.35,1.44,2.5,0.18,0.18,0.18,2.45,1.5,-0.15,0.22,-0.15,1.47,0.9,-0.36,0.02,-0.36,0.56,1.0,0.34,0.09,0.34,0.99,0.7,-0.58,0.05,-0.58,0.42,0.9,0.71,0.22,0.71,0.02
124.0,2.22,8.461,110.98,-0.48,-56.53,34.5,-2.276,-6.616,34.495,-25.044,18.884,-15.694,98.778,-73.024,122.842,0.3,0.17,0.09,0.17,0.22,0.7,-0.2,0.24,-0.2,0.65,1.1,-0.62,0.01,-0.62,0.14,1.0,-0.03,0.01,-0.03,1.04,0.6,0.02,0.08,0.02,0.62,1.5,0.35,0.14,0.35,1.44,2.5,0.18,0.18,0.18,2.45,1.5,-0.15,0.22,-0.15,1.47,0.9,-0.36,0.02,-0.36,0.56,1.0,0.34,0.09,0.34,0.99,0.7,-0.58,0.05,-0.58,0.42,0.9,0.71,0.22,0.71,0.02
125.0,2.21,8.491,111.79,-0.49,-57.13,34.5,-2.704,-7.083,34.466,-24.714,19.5,-15.092,98.84,-73.185,122.987,0.3,0.15,0.09,0.15,0.22,0.7,-0.2,0.24,-0.2,0.65,1.1,-0.59,0.0,-0.59,0.07,1.1,-0.04,0.03,-0.04,1.07,0.6,-0.01,0.05,-0.01,0.63,1.5,0.47,0.15,0.47,1.39,2.4,0.18,0.16,0.18,2.42,1.4,-0.02,0.32,-0.02,1.37,1.0,-0.53,0.0,-0.53,0.46,1.0,0.29,0.12,0.29,0.95,0.7,-0.55,0.0,-0.55,0.4,0.9,0.67,0.22,0.67,0.01
126.0,2.21,8.52,112.59,-0.49,-57.72,34.2,-2.989,-7.529,34.487,-24.343,19.871,-14.686,98.979,-73.208,123.112,0.3,0.15,0.09,0.15,0.22,0.7,-0.2,0.24,-0.2,0.65,1.1,-0.59,0.0,-0.59,0.07,1.1,-0.04,0.03,-0.04,1.07,0.6,-0.01,0.05,-0.01,0.63,1.5,0.47,0.15,0.47,1.39,2.4,0.18,0.16,0.18,2.42,1.4,-0.02,0.32,-0.02,1.37,1.0,-0.53,0.0,-0.53,0.46,1.0,0.29,0.12,0.29,0.95,0.7,-0.55,0.0,-0.55,0.4,0.9,0.67,0.22,0.67,0.01
127.0,2.2,8.549,113.4,-0.49,-58.32,33.9,-3.207,-7.965,34.531,-23.953,20.127,-14.373,99.155,-73.164,123.226,0.3,0.15,0.09,0.15,0.22,0.7,-0.2,0.24,-0.2,0.65,1.1,-0.59,0.0,-0.59,0.07,1.1,-0.04,0.03,-0.04,1.07,0.6,-0.01,0.05,-0.01,0.63,1.5,0.47,0.15,0.47,1.39,2.4,0.18,0.16,0.18,2.42,1.4,-0.02,0.32,-0.02,1.37,1.0,-0.53,0.0,-0.53,0.46,1.0,0.29,0.12,0.29,0.95,0.7,-0.55,0.0,-0.55,0.4,0.9,0.67,0.22,0.67,0.01
128.0,2.19,8.578,114.2,-0.5,-58.92,34.3,-3.424,-8.095,34.575,-24.076,20.382,-14.357,99.257,-73.494,123.505,0.3,0.15,0.09,0.15,0.22,0.7,-0.2,0.24,-0.2,0.65,1.1,-0.59,0.0,-0.59,0.07,1.1,-0.04,0.03,-0.04,1.07,0.6,-0.01,0.05,-0.01,0.63,1.5,0.47,0.15,0.47,1.39,2.4,0.18,0.16,0.18,2.42,1.4,-0.02,0.32,-0.02,1.37,1.0,-0.53,0.0,-0.53,0.46,1.0,0.29,0.12,0.29,0.95,0.7,-0.55,0.0,-0.55,0.4,0.9,0.67,0.22,0.67,0.01
129.0,2.19,8.608,115.01,-0.5,-59.51,34.6,-3.641,-8.215,34.619,-24.215,20.638,-14.349,99.358,-73.836,123.789,0.3,0.15,0.09,0.15,0.22,0.7,-0.2,0.24,-0.2,0.65,1.1,-0.59,0.0,-0.59,0.07,1.1,-0.04,0.03,-0.04,1.07,0.6,-0.01,0.05,-0.01,0.63,1.5,0.47,0.15,0.47,1.39,2.4,0.18,0.16,0.18,2.42,1.4,-0.02,0.32,-0.02,1.37,1.0,-0.53,0.0,-0.53,0.46,1.0,0.29,0.12,0.29,0.95,0.7,-0.55,0.0,-0.55,0.4,0.9,0.67,0.22,0.67,0.01
130.0,2.19,8.637,115.81,-0.5,-60.11,35.0,-3.858,-8.336,34.663,-24.354,20.893,-14.342,99.458,-74.177,124.074,0.3,0.15,0.09,0.15,0.22,0.7,-0.2,0.24,-0.2,0.65,1.1,-0.59,0.0,-0.59,0.07,1.1,-0.04,0.03,-0.04,1.07,0.6,-0.01,0.05,-0.01,0.63,1.5,0.47,0.15,0.47,1.39,2.4,0.18,0.16,0.18,2.42,1.4,-0.02,0.32,-0.02,1.37,1.0,-0.53,0.0,-0.53,0.46,1.0,0.29,0.12,0.29,0.95,0.7,-0.55,0.0,-0.55,0.4,0.9,0.67,0.22,0.67,0.01
131.0,2.19,8.666,116.62,-0.5,-60.71,35.2,-3.964,-8.456,34.181,-24.492,21.019,-14.334,99.532,-74.23,124.165,0.3,0.15,0.09,0.15,0.22,0.7,-0.2,0.24,-0.2,0.65,1.1,-0.59,0.0,-0.59,0.07,1.1,-0.04,0.03,-0.04,1.07,0.6,-0.01,0.05,-0.01,0.63,1.5,0.47,0.15,0.47,1.39,2.4,0.18,0.16,0.18,2.42,1.4,-0.02,0.32,-0.02,1.37,1.0,-0.53,0.0,-0.53,0.46,1.0,0.29,0.12,0.29,0.95,0.7,-0.55,0.0,-0.55,0.4,0.9,0.67,0.22,0.67,0.01
132.0,2.18,8.695,117.42,-0.5,-61.31,35.2,-3.982,-8.576,33.275,-24.629,21.04,-14.326,99.585,-74.05,124.099,0.3,0.15,0.09,0.15,0.22,0.7,-0.2,0.24,-0.2,0.65,1.1,-0.59,0.0,-0.59,0.07,1.1,-0.04,0.03,-0.04,1.07,0.6,-0.01,0.05,-0.01,0.63,1.5,0.47,0.15,0.47,1.39,2.4,0.18,0.16,0.18,2.42,1.4,-0.02,0.32,-0.02,1.37,1.0,-0.53,0.0,-0.53,0.46,1.0,0.29,0.12,0.29,0.95,0.7,-0.55,0.0,-0.55,0.4,0.9,0.67,0.22,0.67,0.01
133.0,2.17,8.724,118.22,-0.5,-61.91,35.0,-3.888,-8.677,33.347,-25.145,20.917,-14.428,99.604,-74.079,124.132,0.3,0.13,0.08,0.13,0.23,0.7,-0.27,0.2,-0.27,0.64,1.1,-0.59,0.01,-0.59,0.03,1.1,-0.06,0.05,-0.06,1.1,0.6,0.04,0.06,0.04,0.62,1.5,0.54,0.11,0.54,1.4,2.4,0.13,0.21,0.13,2.34,1.4,0.04,0.3,0.04,1.38,1.0,-0.64,0.04,-0.64,0.32,1.0,0.3,0.1,0.3,0.95,0.6,-0.45,0.13,-0.45,0.35,0.9,0.66,0.19,0.66,0.06
134.0,2.17,8.753,119.02,-0.5,-62.5,34.9,-3.794,-8.774,33.522,-25.74,20.789,-14.551,99.618,-74.164,124.194,0.3,0.13,0.08,0.13,0.23,0.7,-0.27,0.2,-0.27,0.64,1.1,-0.59,0.01,-0.59,0.03,1.1,-0.06,0.05,-0.06,1.1,0.6,0.04,0.06,0.04,0.62,1.5,0.54,0.11,0.54,1.4,2.4,0.13,0.21,0.13,2.34,1.4,0.04,0.3,0.04,1.38,1.0,-0.64,0.04,-0.64,0.32,1.0,0.3,0.1,0.3,0.95,0.6,-0.45,0.13,-0.45,0.35,0.9,0.66,0.19,0.66,0.06
135.0,2.17,8.782,119.83,-0.5,-63.1,35.2,-3.895,-8.872,32.85,-26.339,20.863,-14.676,99.639,-74.362,124.329,0.3,0.13,0.08,0.13,0.23,0.7,-0.27,0.2,-0.27,0.64,1.1,-0.59,0.01,-0.59,0.03,1.1,-0.06,0.05,-0.06,1.1,0.6,0.04,0.06,0.04,0.62,1.5,0.54,0.11,0.54,1.4,2.4,0.13,0.21,0.13,2.34,1.4,0.04,0.3,0.04,1.38,1.0,-0.64,0.04,-0.64,0.32,1.0,0.3,0.1,0.3,0.95,0.6,-0.45,0.13,-0.45,0.35,0.9,0.66,0.19,0.66,0.06
136.0,2.17,8.811,120.63,-0.5,-63.7,35.3,-3.995,-8.945,32.182,-26.616,20.936,-14.787,99.697,-74.514,124.467,0.3,0.13,0.08,0.13,0.23,0.7,-0.27,0.2,-0.27,0.64,1.1,-0.59,0.01,-0.59,0.03,1.1,-0.06,0.05,-0.06,1.1,0.6,0.04,0.06,0.04,0.62,1.5,0.54,0.11,0.54,1.4,2.4,0.13,0.21,0.13,2.34,1.4,0.04,0.3,0.04,1.38,1.0,-0.64,0.04,-0.64,0.32,1.0,0.3,0.1,0.3,0.95,0.6,-0.45,0.13,-0.45,0.35,0.9,0.66,0.19,0.66,0.06
137.0,2.16,8.84,121.43,-0.49,-64.3,35.4,-4.093,-8.979,31.523,-26.397,21.008,-14.879,99.811,-74.596,124.607,0.3,0.13,0.08,0.13,0.23,0.7,-0.27,0.2,-0.27,0.64,1.1,-0.59,0.01,-0.59,0.03,1.1,-0.06,0.05,-0.06,1.1,0.6,0.04,0.06,0.04,0.62,1.5,0.54,0.11,0.54,1.4,2.4,0.13,0.21,0.13,2.34,1.4,0.04,0.3,0.04,1.38,1.0,-0.64,0.04,-0.64,0.32,1.0,0.3,0.1,0.3,0.95,0.6,-0.45,0.13,-0.45,0.35,0.9,0.66,0.19,0.66,0.06
138.0,2.16,8.869,122.23,-0.49,-64.91,35.5,-4.192,-9.013,30.863,-26.178,21.081,-14.97,99.925,-74.678,124.748,0.3,0.13,0.08,0.13,0.23,0.7,-0.27,0.2,-0.27,0.64,1.1,-0.59,0.01,-0.59,0.03,1.1,-0.06,0.05,-0.06,1.1,0.6,0.04,0.06,0.04,0.62,1.5,0.54,0.11,0.54,1.4,2.4,0.13,0.21,0.13,2.34,1.4,0.04,0.3,0.04,1.38,1.0,-0.64,0.04,-0.64,0.32,1.0,0.3,0.1,0.3,0.95,0.6,-0.45,0.13,-0.45,0.35,0.9,0.66,0.19,0.66,0.06
139.0,2.15,8.897,123.03,-0.49,-65.51,35.6,-4.29,-9.047,30.204,-25.959,21.153,-15.062,100.039,-74.76,124.888,0.3,0.13,0.08,0.13,0.23,0.7,-0.27,0.2,-0.27,0.64,1.1,-0.59,0.01,-0.59,0.03,1.1,-0.06,0.05,-0.06,1.1,0.6,0.04,0.06,0.04,0.62,1.5,0.54,0.11,0.54,1.4,2.4,0.13,0.21,0.13,2.34,1.4,0.04,0.3,0.04,1.38,1.0,-0.64,0.04,-0.64,0.32,1.0,0.3,0.1,0.3,0.95,0.6,-0.45,0.13,-0.45,0.35,0.9,0.66,0.19,0.66,0.06
140.0,2.15,8.926,123.83,-0.48,-66.11,35.7,-4.389,-9.082,29.544,-25.74,21.226,-15.153,100.153,-74.841,125.028,0.3,0.13,0.08,0.13,0.23,0.7,-0.27,0.2,-0.27,0.64,1.1,-0.59,0.01,-0.59,0.03,1.1,-0.06,0.05,-0.06,1.1,0.6,0.04,0.06,0.04,0.62,1.5,0.54,0.11,0.54,1.4,2.4,0.13,0.21,0.13,2.34,1.4,0.04,0.3,0.04,1.38,1.0,-0.64,0.04,-0.64,0.32,1.0,0.3,0.1,0.3,0.95,0.6,-0.45,0.13,-0.45,0.35,0.9,0.66,0.19,0.66,0.06
141.0,2.15,8.955,124.63,-0.48,-66.71,35.8,-4.487,-9.116,28.885,-25.522,21.298,-15.244,100.267,-74.923,125.168,0.3,0.13,0.08,0.13,0.23,0.7,-0.27,0.2,-0.27,0.64,1.1,-0.59,0.01,-0.59,0.03,1.1,-0.06,0.05,-0.06,1.1,0.6,0.04,0.06,0.04,0.62,1.5,0.54,0.11,0.54,1.4,2.4,0.13,0.21,0.13,2.34,1.4,0.04,0.3,0.04,1.38,1.0,-0.64,0.04,-0.64,0.32,1.0,0.3,0.1,0.3,0.95,0.6,-0.45,0.13,-0.45,0.35,0.9,0.66,0.19,0.66,0.06
142.0,2.15,8.983,125.43,-0.48,-67.31,35.9,-4.586,-9.15,28.225,-25.303,21.37,-15.336,100.381,-75.005,125.309,0.3,0.11,0.08,0.11,0.23,0.7,-0.25,0.19,-0.25,0.62,1.1,-0.58,0.01,-0.58,0.02,1.1,-0.12,0.08,-0.12,1.13,0.6,0.02,0.03,0.02,0.64,1.5,0.54,0.11,0.54,1.4,2.4,0.13,0.21,0.13,2.34,1.4,0.03,0.24,0.03,1.43,1.0,-0.64,0.04,-0.64,0.32,1.0,0.33,0.08,0.33,0.94,0.6,-0.45,0.13,-0.45,0.35,0.9,0.67,0.15,0.67,0.09
143.0,2.15,9.012,126.23,-0.47,-67.92,35.8,-4.673,-9.184,28.212,-25.084,21.309,-15.427,100.444,-75.083,125.406,0.3,0.11,0.08,0.11,0.23,0.7,-0.25,0.19,-0.25,0.62,1.1,-0.58,0.01,-0.58,0.02,1.1,-0.12,0.08,-0.12,1.13,0.6,0.02,0.03,0.02,0.64,1.5,0.54,0.11,0.54,1.4,2.4,0.13,0.21,0.13,2.34,1.4,0.03,0.24,0.03,1.43,1.0,-0.64,0.04,-0.64,0.32,1.0,0.33,0.08,0.33,0.94,0.6,-0.45,0.13,-0.45,0.35,0.9,0.67,0.15,0.67,0.09
144.0,2.16,9.041,127.03,-0.47,-68.51,35.6,-4.743,-9.218,29.102,-24.865,21.062,-15.519,100.436,-75.154,125.442,0.3,0.11,0.08,0.11,0.23,0.7,-0.25,0.19,-0.25,0.62,1.1,-0.58,0.01,-0.58,0.02,1.1,-0.12,0.08,-0.12,1.13,0.6,0.02,0.03,0.02,0.64,1.5,0.54,0.11,0.54,1.4,2.4,0.13,0.21,0.13,2.34,1.4,0.03,0.24,0.03,1.43,1.0,-0.64,0.04,-0.64,0.32,1.0,0.33,0.08,0.33,0.94,0.6,-0.45,0.13,-0.45,0.35,0.9,0.67,0.15,0.67,0.09
145.0,2.17,9.069,127.83,-0.47,-69.11,35.3,-4.776,-9.252,28.738,-24.646,20.803,-15.61,100.525,-75.246,125.568,0.3,0.11,0.08,0.11,0.23,0.7,-0.25,0.19,-0.25,0.62,1.1,-0.58,0.01,-0.58,0.02,1.1,-0.12,0.08,-0.12,1.13,0.6,0.02,0.03,0.02,0.64,1.5,0.54,0.11,0.54,1.4,2.4,0.13,0.21,0.13,2.34,1.4,0.03,0.24,0.03,1.43,1.0,-0.64,0.04,-0.64,0.32,1.0,0.33,0.08,0.33,0.94,0.6,-0.45,0.13,-0.45,0.35,0.9,0.67,0.15,0.67,0.09
146.0,2.17,9.098,128.64,-0.47,-69.71,35.0,-4.792,-9.286,27.773,-24.428,20.538,-15.701,100.662,-75.348,125.739,0.3,0.11,0.08,0.11,0.23,0.7,-0.25,0.19,-0.25,0.62,1.1,-0.58,0.01,-0.58,0.02,1.1,-0.12,0.08,-0.12,1.13,0.6,0.02,0.03,0.02,0.64,1.5,0.54,0.11,0.54,1.4,2.4,0.13,0.21,0.13,2.34,1.4,0.03,0.24,0.03,1.43,1.0,-0.64,0.04,-0.64,0.32,1.0,0.33,0.08,0.33,0.94,0.6,-0.45,0.13,-0.45,0.35,0.9,0.67,0.15,0.67,0.09
147.0,2.18,9.126,129.44,-0.46,-70.31,34.8,-4.807,-9.32,26.808,-24.21,20.274,-15.792,100.798,-75.449,125.909,0.3,0.11,0.08,0.11,0.23,0.7,-0.25,0.19,-0.25,0.62,1.1,-0.58,0.01,-0.58,0.02,1.1,-0.12,0.08,-0.12,1.13,0.6,0.02,0.03,0.02,0.64,1.5,0.54,0.11,0.54,1.4,2.4,0.13,0.21,0.13,2.34,1.4,0.03,0.24,0.03,1.43,1.0,-0.64,0.04,-0.64,0.32,1.0,0.33,0.08,0.33,0.94,0.6,-0.45,0.13,-0.45,0.35,0.9,0.67,0.15,0.67,0.09
148.0,2.19,9.155,130.24,-0.46,-70.91,34.5,-4.819,-9.354,25.926,-23.992,20.006,-15.883,100.925,-75.548,126.069,0.3,0.11,0.08,0.11,0.23,0.7,-0.25,0.19,-0.25,0.62,1.1,-0.58,0.01,-0.58,0.02,1.1,-0.12,0.08,-0.12,1.13,0.6,0.02,0.03,0.02,0.64,1.5,0.54,0.11,0.54,1.4,2.4,0.13,0.21,0.13,2.34,1.4,0.03,0.24,0.03,1.43,1.0,-0.64,0.04,-0.64,0.32,1.0,0.33,0.08,0.33,0.94,0.6,-0.45,0.13,-0.45,0.35,0.9,0.67,0.15,0.67,0.09
149.0,2.2,9.183,131.04,-0.45,-71.51,34.2,-4.817,-9.388,25.435,-23.775,19.726,-15.974,101.009,-75.628,126.185,0.3,0.11,0.08,0.11,0.23,0.7,-0.25,0.19,-0.25,0.62,1.1,-0.58,0.01,-0.58,0.02,1.1,-0.12,0.08,-0.12,1.13,0.6,0.02,0.03,0.02,0.64,1.5,0.54,0.11,0.54,1.4,2.4,0.13,0.21,0.13,2.34,1.4,0.03,0.24,0.03,1.43,1.0,-0.64,0.04,-0.64,0.32,1.0,0.33,0.08,0.33,0.94,0.6,-0.45,0.13,-0.45,0.35,0.9,0.67,0.15,0.67,0.09
150.0,2.21,9.212,131.84,-0.45,-72.11,33.9,-4.814,-9.422,24.945,-23.558,19.445,-16.065,101.094,-75.709,126.301,0.3,0.11,0.08,0.11,0.23,0.7,-0.25,0.19,-0.25,0.62,1.1,-0.58,0.01,-0.58,0.02,1.1,-0.12,0.08,-0.12,1.13,0.6,0.02,0.03,0.02,0.64,1.5,0.54,0.11,0.54,1.4,2.4,0.13,0.21,0.13,2.34,1.4,0.03,0.24,0.03,1.43,1.0,-0.64,0.04,-0.64,0.32,1.0,0.33,0.08,0.33,0.94,0.6,-0.45,0.13,-0.45,0.35,0.9,0.67,0.15,0.67,0.09
151.0,2.23,9.24,132.65,-0.45,-72.71,33.7,-4.812,-9.456,24.454,-23.34,19.164,-16.155,101.178,-75.79,126.417,0.3,0.11,0.06,0.11,0.24,0.7,-0.29,0.12,-0.29,0.65,1.1,-0.55,0.02,-0.55,0.06,1.2,-0.19,0.12,-0.19,1.17,0.6,0.03,0.04,0.03,0.62,1.5,0.52,0.12,0.52,1.39,2.3,0.08,0.23,0.08,2.31,1.5,0.0,0.14,0.0,1.52,1.1,-0.53,0.11,-0.53,0.27,1.0,0.37,0.04,0.37,0.96,0.5,-0.42,0.18,-0.42,0.33,0.9,0.66,0.1,0.66,0.12
152.0,2.24,9.269,133.45,-0.44,-73.31,33.5,-4.816,-9.49,23.466,-23.123,19.03,-16.246,101.228,-75.756,126.437,0.3,0.11,0.06,0.11,0.24,0.7,-0.29,0.12,-0.29,0.65,1.1,-0.55,0.02,-0.55,0.06,1.2,-0.19,0.12,-0.19,1.17,0.6,0.03,0.04,0.03,0.62,1.5,0.52,0.12,0.52,1.39,2.3,0.08,0.23,0.08,2.31,1.5,0.0,0.14,0.0,1.52,1.1,-0.53,0.11,-0.53,0.27,1.0,0.37,0.04,0.37,0.96,0.5,-0.42,0.18,-0.42,0.33,0.9,0.66,0.1,0.66,0.12
153.0,2.25,9.297,134.25,-0.44,-73.91,33.5,-4.823,-9.524,22.224,-22.907,18.97,-16.336,101.262,-75.663,126.407,0.3,0.11,0.06,0.11,0.24,0.7,-0.29,0.12,-0.29,0.65,1.1,-0.55,0.02,-0.55,0.06,1.2,-0.19,0.12,-0.19,1.17,0.6,0.03,0.04,0.03,0.62,1.5,0.52,0.12,0.52,1.39,2.3,0.08,0.23,0.08,2.31,1.5,0.0,0.14,0.0,1.52,1.1,-0.53,0.11,-0.53,0.27,1.0,0.37,0.04,0.37,0.96,0.5,-0.42,0.18,-0.42,0.33,0.9,0.66,0.1,0.66,0.12
154.0,2.25,9.326,135.05,-0.44,-74.51,33.4,-4.828,-9.558,22.412,-22.689,18.879,-16.427,101.239,-75.57,126.334,0.3,0.11,0.06,0.11,0.24,0.7,-0.29,0.12,-0.29,0.65,1.1,-0.55,0.02,-0.55,0.06,1.2,-0.19,0.12,-0.19,1.17,0.6,0.03,0.04,0.03,0.62,1.5,0.52,0.12,0.52,1.39,2.3,0.08,0.23,0.08,2.31,1.5,0.0,0.14,0.0,1.52,1.1,-0.53,0.11,-0.53,0.27,1.0,0.37,0.04,0.37,0.96,0.5,-0.42,0.18,-0.42,0.33,0.9,0.66,0.1,0.66,0.12
155.0,2.26,9.354,135.84,-0.44,-75.11,33.3,-4.839,-9.591,22.694,-22.472,18.801,-16.518,101.226,-75.505,126.284,0.3,0.11,0.06,0.11,0.24,0.7,-0.29,0.12,-0.29,0.65,1.1,-0.55,0.02,-0.55,0.06,1.2,-0.19,0.12,-0.19,1.17,0.6,0.03,0.04,0.03,0.62,1.5,0.52,0.12,0.52,1.39,2.3,0.08,0.23,0.08,2.31,1.5,0.0,0.14,0.0,1.52,1.1,-0.53,0.11,-0.53,0.27,1.0,0.37,0.04,0.37,0.96,0.5,-0.42,0.18,-0.42,0.33,0.9,0.66,0.1,0.66,0.12
156.0,2.27,9.382,136.64,-0.44,-75.71,33.3,-4.893,-9.625,22.611,-22.256,18.816,-16.608,101.3,-75.606,126.404,0.3,0.11,0.06,0.11,0.24,0.7,-0.29,0.12,-0.29,0.65,1.1,-0.55,0.02,-0.55,0.06,1.2,-0.19,0.12,-0.19,1.17,0.6,0.03,0.04,0.03,0.62,1.5,0.52,0.12,0.52,1.39,2.3,0.08,0.23,0.08,2.31,1.5,0.0,0.14,0.0,1.52,1.1,-0.53,0.11,-0.53,0.27,1.0,0.37,0.04,0.37,0.96,0.5,-0.42,0.18,-0.42,0.33,0.9,0.66,0.1,0.66,0.12
157.0,2.27,9.411,137.44,-0.44,-76.31,33.3,-4.947,-9.659,22.527,-22.039,18.831,-16.699,101.374,-75.707,126.523,0.3,0.11,0.06,0.11,0.24,0.7,-0.29,0.12,-0.29,0.65,1.1,-0.55,0.02,-0.55,0.06,1.2,-0.19,0.12,-0.19,1.17,0.6,0.03,0.04,0.03,0.62,1.5,0.52,0.12,0.52,1.39,2.3,0.08,0.23,0.08,2.31,1.5,0.0,0.14,0.0,1.52,1.1,-0.53,0.11,-0.53,0.27,1.0,0.37,0.04,0.37,0.96,0.5,-0.42,0.18,-0.42,0.33,0.9,0.66,0.1,0.66,0.12
158.0,2.28,9.439,138.24,-0.44,-76.91,33.3,-5.001,-9.693,22.444,-21.823,18.846,-16.789,101.447,-75.808,126.643,0.3,0.11,0.06,0.11,0.24,0.7,-0.29,0.12,-0.29,0.65,1.1,-0.55,0.02,-0.55,0.06,1.2,-0.19,0.12,-0.19,1.17,0.6,0.03,0.04,0.03,0.62,1.5,0.52,0.12,0.52,1.39,2.3,0.08,0.23,0.08,2.31,1.5,0.0,0.14,0.0,1.52,1.1,-0.53,0.11,-0.53,0.27,1.0,0.37,0.04,0.37,0.96,0.5,-0.42,0.18,-0.42,0.33,0.9,0.66,0.1,0.66,0.12
159.0,2.25,9.468,139.03,-0.46,-77.53,33.8,-4.812,-9.727,22.402,-21.604,18.829,-16.88,101.463,-76.25,126.921,0.3,0.11,0.06,0.11,0.24,0.7,-0.29,0.12,-0.29,0.65,1.1,-0.55,0.02,-0.55,0.06,1.2,-0.19,0.12,-0.19,1.17,0.6,0.03,0.04,0.03,0.62,1.5,0.52,0.12,0.52,1.39,2.3,0.08,0.23,0.08,2.31,1.5,0.0,0.14,0.0,1.52,1.1,-0.53,0.11,-0.53,0.27,1.0,0.37,0.04,0.37,0.96,0.5,-0.42,0.18,-0.42,0.33,0.9,0.66,0.1,0.66,0.12
160.0,2.2,9.497,139.8,-0.49,-78.16,34.4,-4.472,-9.761,22.386,-21.384,18.793,-16.972,101.444,-76.903,127.299,0.3,0.14,0.02,0.14,0.27,0.8,-0.34,0.05,-0.34,0.68,1.1,-0.53,0.02,-0.53,0.18,1.2,-0.25,0.17,-0.25,1.22,0.6,0.09,0.03,0.09,0.63,1.5,0.51,0.11,0.51,1.38,2.3,0.03,0.2,0.03,2.33,1.6,-0.1,0.04,-0.1,1.61,1.0,-0.37,0.08,-0.37,0.49,1.1,0.43,0.01,0.43,0.98,0.5,-0.4,0.21,-0.4,0.32,0.9,0.64,0.13,0.64,0.2
161.0,2.15,9.526,140.57,-0.52,-78.79,35.1,-4.132,-9.796,22.37,-21.163,18.758,-17.065,101.424,-77.557,127.68,0.3,0.14,0.02,0.14,0.27,0.8,-0.34,0.05,-0.34,0.68,1.1,-0.53,0.02,-0.53,0.18,1.2,-0.25,0.17,-0.25,1.22,0.6,0.09,0.03,0.09,0.63,1.5,0.51,0.11,0.51,1.38,2.3,0.03,0.2,0.03,2.33,1.6,-0.1,0.04,-0.1,1.61,1.0,-0.37,0.08,-0.37,0.49,1.1,0.43,0.01,0.43,0.98,0.5,-0.4,0.21,-0.4,0.32,0.9,0.64,0.13,0.64,0.2
162.0,2.11,9.554,141.35,-0.54,-79.41,35.7,-3.794,-9.824,22.353,-20.851,18.722,-17.125,101.423,-78.064,127.989,0.3,0.14,0.02,0.14,0.27,0.8,-0.34,0.05,-0.34,0.68,1.1,-0.53,0.02,-0.53,0.18,1.2,-0.25,0.17,-0.25,1.22,0.6,0.09,0.03,0.09,0.63,1.5,0.51,0.11,0.51,1.38,2.3,0.03,0.2,0.03,2.33,1.6,-0.1,0.04,-0.1,1.61,1.0,-0.37,0.08,-0.37,0.49,1.1,0.43,0.01,0.43,0.98,0.5,-0.4,0.21,-0.4,0.32,0.9,0.64,0.13,0.64,0.2
163.0,2.12,9.582,142.16,-0.53,-80.0,35.5,-3.466,-9.819,22.338,-20.04,18.687,-17.011,101.523,-77.777,127.893,0.3,0.14,0.02,0.14,0.27,0.8,-0.34,0.05,-0.34,0.68,1.1,-0.53,0.02,-0.53,0.18,1.2,-0.25,0.17,-0.25,1.22,0.6,0.09,0.03,0.09,0.63,1.5,0.51,0.11,0.51,1.38,2.3,0.03,0.2,0.03,2.33,1.6,-0.1,0.04,-0.1,1.61,1.0,-0.37,0.08,-0.37,0.49,1.1,0.43,0.01,0.43,0.98,0.5,-0.4,0.21,-0.4,0.32,0.9,0.64,0.13,0.64,0.2
164.0,2.14,9.61,142.97,-0.51,-80.58,35.3,-3.139,-9.815,22.322,-19.23,18.652,-16.897,101.623,-77.49,127.797,0.3,0.14,0.02,0.14,0.27,0.8,-0.34,0.05,-0.34,0.68,1.1,-0.53,0.02,-0.53,0.18,1.2,-0.25,0.17,-0.25,1.22,0.6,0.09,0.03,0.09,0.63,1.5,0.51,0.11,0.51,1.38,2.3,0.03,0.2,0.03,2.33,1.6,-0.1,0.04,-0.1,1.61,1.0,-0.37,0.08,-0.37,0.49,1.1,0.43,0.01,0.43,0.98,0.5,-0.4,0.21,-0.4,0.32,0.9,0.64,0.13,0.64,0.2
165.0,2.15,9.638,143.78,-0.5,-81.17,35.2,-2.811,-9.81,22.306,-18.419,18.618,-16.783,101.724,-77.204,127.703,0.3,0.14,0.02,0.14,0.27,0.8,-0.34,0.05,-0.34,0.68,1.1,-0.53,0.02,-0.53,0.18,1.2,-0.25,0.17,-0.25,1.22,0.6,0.09,0.03,0.09,0.63,1.5,0.51,0.11,0.51,1.38,2.3,0.03,0.2,0.03,2.33,1.6,-0.1,0.04,-0.1,1.61,1.0,-0.37,0.08,-0.37,0.49,1.1,0.43,0.01,0.43,0.98,0.5,-0.4,0.21,-0.4,0.32,0.9,0.64,0.13,0.64,0.2
166.0,2.14,9.666,144.58,-0.49,-81.77,35.1,-2.443,-9.713,22.815,-17.716,18.584,-16.762,101.773,-77.15,127.71,0.3,0.14,0.02,0.14,0.27,0.8,-0.34,0.05,-0.34,0.68,1.1,-0.53,0.02,-0.53,0.18,1.2,-0.25,0.17,-0.25,1.22,0.6,0.09,0.03,0.09,0.63,1.5,0.51,0.11,0.51,1.38,2.3,0.03,0.2,0.03,2.33,1.6,-0.1,0.04,-0.1,1.61,1.0,-0.37,0.08,-0.37,0.49,1.1,0.43,0.01,0.43,0.98,0.5,-0.4,0.21,-0.4,0.32,0.9,0.64,0.13,0.64,0.2
167.0,2.13,9.694,145.37,-0.49,-82.37,35.2,-2.045,-9.545,23.725,-17.094,18.55,-16.813,101.782,-77.275,127.793,0.3,0.14,0.02,0.14,0.27,0.8,-0.34,0.05,-0.34,0.68,1.1,-0.53,0.02,-0.53,0.18,1.2,-0.25,0.17,-0.25,1.22,0.6,0.09,0.03,0.09,0.63,1.5,0.51,0.11,0.51,1.38,2.3,0.03,0.2,0.03,2.33,1.6,-0.1,0.04,-0.1,1.61,1.0,-0.37,0.08,-0.37,0.49,1.1,0.43,0.01,0.43,0.98,0.5,-0.4,0.21,-0.4,0.32,0.9,0.64,0.13,0.64,0.2
168.0,2.1,9.722,146.16,-0.49,-82.98,35.2,-1.807,-9.262,24.249,-16.687,18.641,-16.854,101.726,-77.396,127.821,0.3,0.15,0.0,0.15,0.28,0.8,-0.38,0.01,-0.38,0.71,1.0,-0.48,0.09,-0.48,0.27,1.3,-0.32,0.2,-0.32,1.25,0.6,0.06,0.02,0.06,0.63,1.3,0.42,0.22,0.42,1.25,2.4,-0.03,0.1,-0.03,2.39,1.7,-0.21,0.05,-0.21,1.69,1.1,-0.36,0.11,-0.36,0.64,1.1,0.55,0.03,0.55,0.95,0.4,-0.34,0.26,-0.34,0.27,0.8,0.64,0.16,0.64,0.25
169.0,2.07,9.75,146.95,-0.5,-83.59,35.3,-1.612,-8.948,24.669,-16.339,18.765,-16.894,101.652,-77.515,127.834,0.3,0.15,0.0,0.15,0.28,0.8,-0.38,0.01,-0.38,0.71,1.0,-0.48,0.09,-0.48,0.27,1.3,-0.32,0.2,-0.32,1.25,0.6,0.06,0.02,0.06,0.63,1.3,0.42,0.22,0.42,1.25,2.4,-0.03,0.1,-0.03,2.39,1.7,-0.21,0.05,-0.21,1.69,1.1,-0.36,0.11,-0.36,0.64,1.1,0.55,0.03,0.55,0.95,0.4,-0.34,0.26,-0.34,0.27,0.8,0.64,0.16,0.64,0.25
170.0,2.07,9.778,147.76,-0.49,-84.18,35.5,-1.414,-8.355,25.093,-16.117,18.891,-16.778,101.752,-77.739,128.05,0.3,0.15,0.0,0.15,0.28,0.8,-0.38,0.01,-0.38,0.71,1.0,-0.48,0.09,-0.48,0.27,1.3,-0.32,0.2,-0.32,1.25,0.6,0.06,0.02,0.06,0.63,1.3,0.42,0.22,0.42,1.25,2.4,-0.03,0.1,-0.03,2.39,1.7,-0.21,0.05,-0.21,1.69,1.1,-0.36,0.11,-0.36,0.64,1.1,0.55,0.03,0.55,0.95,0.4,-0.34,0.26,-0.34,0.27,0.8,0.64,0.16,0.64,0.25
171.0,2.06,9.807,148.56,-0.49,-84.77,35.7,-1.218,-7.764,25.362,-15.896,19.022,-16.663,101.827,-77.854,128.179,0.3,0.15,0.0,0.15,0.28,0.8,-0.38,0.01,-0.38,0.71,1.0,-0.48,0.09,-0.48,0.27,1.3,-0.32,0.2,-0.32,1.25,0.6,0.06,0.02,0.06,0.63,1.3,0.42,0.22,0.42,1.25,2.4,-0.03,0.1,-0.03,2.39,1.7,-0.21,0.05,-0.21,1.69,1.1,-0.36,0.11,-0.36,0.64,1.1,0.55,0.03,0.55,0.95,0.4,-0.34,0.26,-0.34,0.27,0.8,0.64,0.16,0.64,0.25
172.0,2.02,9.834,149.35,-0.49,-85.38,35.7,-1.023,-7.18,25.13,-15.676,19.173,-16.549,101.82,-77.616,128.03,0.3,0.15,0.0,0.15,0.28,0.8,-0.38,0.01,-0.38,0.71,1.0,-0.48,0.09,-0.48,0.27,1.3,-0.32,0.2,-0.32,1.25,0.6,0.06,0.02,0.06,0.63,1.3,0.42,0.22,0.42,1.25,2.4,-0.03,0.1,-0.03,2.39,1.7,-0.21,0.05,-0.21,1.69,1.1,-0.36,0.11,-0.36,0.64,1.1,0.55,0.03,0.55,0.95,0.4,-0.34,0.26,-0.34,0.27,0.8,0.64,0.16,0.64,0.25
173.0,1.98,9.863,150.14,-0.48,-85.99,35.7,-0.754,-6.625,25.335,-15.417,19.286,-16.453,101.858,-77.65,128.08,0.3,0.15,0.0,0.15,0.28,0.8,-0.38,0.01,-0.38,0.71,1.0,-0.48,0.09,-0.48,0.27,1.3,-0.32,0.2,-0.32,1.25,0.6,0.06,0.02,0.06,0.63,1.3,0.42,0.22,0.42,1.25,2.4,-0.03,0.1,-0.03,2.39,1.7,-0.21,0.05,-0.21,1.69,1.1,-0.36,0.11,-0.36,0.64,1.1,0.55,0.03,0.55,0.95,0.4,-0.34,0.26,-0.34,0.27,0.8,0.64,0.16,0.64,0.25
174.0,1.95,9.891,150.93,-0.47,-86.6,35.8,-0.39,-6.106,26.088,-15.107,19.35,-16.379,101.952,-78.024,128.382,0.3,0.15,0.0,0.15,0.28,0.8,-0.38,0.01,-0.38,0.71,1.0,-0.48,0.09,-0.48,0.27,1.3,-0.32,0.2,-0.32,1.25,0.6,0.06,0.02,0.06,0.63,1.3,0.42,0.22,0.42,1.25,2.4,-0.03,0.1,-0.03,2.39,1.7,-0.21,0.05,-0.21,1.69,1.1,-0.36,0.11,-0.36,0.64,1.1,0.55,0.03,0.55,0.95,0.4,-0.34,0.26,-0.34,0.27,0.8,0.64,0.16,0.64,0.25
175.0,1.91,9.919,151.72,-0.48,-87.2,35.8,-0.063,-5.59,26.007,-14.798,19.489,-16.305,101.926,-78.187,128.462,0.3,0.15,0.0,0.15,0.28,0.8,-0.38,0.01,-0.38,0.71,1.0,-0.48,0.09,-0.48,0.27,1.3,-0.32,0.2,-0.32,1.25,0.6,0.06,0.02,0.06,0.63,1.3,0.42,0.22,0.42,1.25,2.4,-0.03,0.1,-0.03,2.39,1.7,-0.21,0.05,-0.21,1.69,1.1,-0.36,0.11,-0.36,0.64,1.1,0.55,0.03,0.55,0.95,0.4,-0.34,0.26,-0.34,0.27,0.8,0.64,0.16,0.64,0.25
176.0,1.87,9.947,152.51,-0.48,-87.81,35.9,0.246,-5.075,25.514,-14.49,19.666,-16.231,101.842,-78.246,128.431,0.3,0.15,0.0,0.15,0.28,0.8,-0.38,0.01,-0.38,0.71,1.0,-0.48,0.09,-0.48,0.27,1.3,-0.32,0.2,-0.32,1.25,0.6,0.06,0.02,0.06,0.63,1.3,0.42,0.22,0.42,1.25,2.4,-0.03,0.1,-0.03,2.39,1.7,-0.21,0.05,-0.21,1.69,1.1,-0.36,0.11,-0.36,0.64,1.1,0.55,0.03,0.55,0.95,0.4,-0.34,0.26,-0.34,0.27,0.8,0.64,0.16,0.64,0.25
177.0,1.82,9.975,153.3,-0.48,-88.43,35.9,0.96,-4.77,24.978,-14.2,19.53,-16.251,101.802,-78.145,128.338,0.3,0.14,0.01,0.14,0.29,0.8,-0.38,0.01,-0.38,0.71,1.0,-0.48,0.09,-0.48,0.27,1.3,-0.32,0.2,-0.32,1.25,0.6,0.06,0.02,0.06,0.63,1.3,0.42,0.22,0.42,1.25,2.4,-0.03,0.1,-0.03,2.39,1.7,-0.21,0.05,-0.21,1.69,1.1,-0.36,0.11,-0.36,0.64,1.1,0.55,0.03,0.55,0.95,0.4,-0.34,0.26,-0.34,0.27,0.8,0.64,0.16,0.64,0.25
178.0,1.77,10.003,154.09,-0.48,-89.04,35.9,1.729,-4.487,24.436,-13.904,19.352,-16.278,101.765,-78.024,128.235,0.3,0.14,0.01,0.14,0.29,0.8,-0.38,0.01,-0.38,0.71,1.0,-0.48,0.09,-0.48,0.27,1.3,-0.32,0.2,-0.32,1.25,0.6,0.06,0.02,0.06,0.63,1.3,0.42,0.22,0.42,1.25,2.4,-0.03,0.1,-0.03,2.39,1.7,-0.21,0.05,-0.21,1.69,1.1,-0.36,0.11,-0.36,0.64,1.1,0.55,0.03,0.55,0.95,0.4,-0.34,0.26,-0.34,0.27,0.8,0.64,0.16,0.64,0.25
179.0,1.72,10.031,154.88,-0.47,-89.65,35.9,2.5,-4.157,23.892,-13.515,19.173,-16.262,101.69,-77.921,128.114,0.3,0.14,0.01,0.14,0.29,0.8,-0.38,0.01,-0.38,0.71,1.0,-0.48,0.09,-0.48,0.27,1.3,-0.32,0.2,-0.32,1.25,0.6,0.06,0.02,0.06,0.63,1.3,0.42,0.22,0.42,1.25,2.4,-0.03,0.1,-0.03,2.39,1.7,-0.21,0.05,-0.21,1.69,1.1,-0.36,0.11,-0.36,0.64,1.1,0.55,0.03,0.55,0.95,0.4,-0.34,0.26,-0.34,0.27,0.8,0.64,0.16,0.64,0.25
180.0,1.68,10.059,155.68,-0.46,-90.25,35.8,3.269,-3.915,23.35,-13.21,18.994,-16.186,101.709,-77.873,128.1,0.3,0.14,0.01,0.14,0.29,0.8,-0.38,0.01,-0.38,0.71,1.0,-0.48,0.09,-0.48,0.27,1.3,-0.32,0.2,-0.32,1.25,0.6,0.06,0.02,0.06,0.63,1.3,0.42,0.22,0.42,1.25,2.4,-0.03,0.1,-0.03,2.39,1.7,-0.21,0.05,-0.21,1.69,1.1,-0.36,0.11,-0.36,0.64,1.1,0.55,0.03,0.55,0.95,0.4,-0.34,0.26,-0.34,0.27,0.8,0.64,0.16,0.64,0.25
181.0,1.65,10.086,156.48,-0.42,-90.84,35.2,4.034,-3.873,22.81,-13.093,18.817,-15.977,101.934,-77.943,128.328,0.3,0.14,0.01,0.14,0.29,0.8,-0.38,0.01,-0.38,0.71,1.0,-0.48,0.09,-0.48,0.27,1.3,-0.32,0.2,-0.32,1.25,0.6,0.06,0.02,0.06,0.63,1.3,0.42,0.22,0.42,1.25,2.4,-0.03,0.1,-0.03,2.39,1.7,-0.21,0.05,-0.21,1.69,1.1,-0.36,0.11,-0.36,0.64,1.1,0.55,0.03,0.55,0.95,0.4,-0.34,0.26,-0.34,0.27,0.8,0.64,0.16,0.64,0.25
182.0,1.6,10.114,157.27,-0.41,-91.45,34.8,4.695,-3.83,22.142,-12.975,18.733,-15.767,101.944,-78.064,128.411,0.3,0.14,0.01,0.14,0.29,0.8,-0.38,0.01,-0.38,0.71,1.0,-0.48,0.09,-0.48,0.27,1.3,-0.32,0.2,-0.32,1.25,0.6,0.06,0.02,0.06,0.63,1.3,0.42,0.22,0.42,1.25,2.4,-0.03,0.1,-0.03,2.39,1.7,-0.21,0.05,-0.21,1.69,1.1,-0.36,0.11,-0.36,0.64,1.1,0.55,0.03,0.55,0.95,0.4,-0.34,0.26,-0.34,0.27,0.8,0.64,0.16,0.64,0.25
183.0,1.53,10.143,158.06,-0.41,-92.06,34.4,5.257,-3.788,21.355,-12.857,18.736,-15.557,101.753,-78.234,128.358,0.3,0.14,0.01,0.14,0.29,0.8,-0.38,0.01,-0.38,0.71,1.0,-0.48,0.09,-0.48,0.27,1.3,-0.32,0.2,-0.32,1.25,0.6,0.06,0.02,0.06,0.63,1.3,0.42,0.22,0.42,1.25,2.4,-0.03,0.1,-0.03,2.39,1.7,-0.21,0.05,-0.21,1.69,1.1,-0.36,0.11,-0.36,0.64,1.1,0.55,0.03,0.55,0.95,0.4,-0.34,0.26,-0.34,0.27,0.8,0.64,0.16,0.64,0.25
184.0,1.47,10.171,158.85,-0.41,-92.67,34.2,5.318,-4.168,20.703,-11.785,18.989,-15.217,101.642,-78.348,128.34,0.3,0.14,0.01,0.14,0.29,0.8,-0.38,0.01,-0.38,0.71,1.0,-0.48,0.09,-0.48,0.27,1.3,-0.32,0.2,-0.32,1.25,0.6,0.06,0.02,0.06,0.63,1.3,0.42,0.22,0.42,1.25,2.4,-0.03,0.1,-0.03,2.39,1.7,-0.21,0.05,-0.21,1.69,1.1,-0.36,0.11,-0.36,0.64,1.1,0.55,0.03,0.55,0.95,0.4,-0.34,0.26,-0.34,0.27,0.8,0.64,0.16,0.64,0.25
185.0,1.41,10.199,159.64,-0.4,-93.28,34.2,5.197,-4.701,20.101,-10.368,19.331,-14.831,101.561,-78.443,128.335,0.3,0.14,0.01,0.14,0.29,0.8,-0.38,0.01,-0.38,0.71,1.0,-0.48,0.09,-0.48,0.27,1.3,-0.32,0.2,-0.32,1.25,0.6,0.06,0.02,0.06,0.63,1.3,0.42,0.22,0.42,1.25,2.4,-0.03,0.1,-0.03,2.39,1.7,-0.21,0.05,-0.21,1.69,1.1,-0.36,0.11,-0.36,0.64,1.1,0.55,0.03,0.55,0.95,0.4,-0.34,0.26,-0.34,0.27,0.8,0.64,0.16,0.64,0.25
186.0,1.34,10.227,160.43,-0.39,-93.89,34.0,4.803,-5.727,19.502,-9.28,19.609,-14.35,101.719,-78.691,128.614,0.3,0.13,0.02,0.13,0.3,0.9,-0.46,0.1,-0.46,0.73,0.8,-0.34,0.23,-0.34,0.08,1.3,-0.37,0.23,-0.37,1.29,0.7,0.09,0.01,0.09,0.65,1.2,0.36,0.33,0.36,1.1,2.4,-0.2,0.1,-0.2,2.35,1.9,-0.31,0.2,-0.31,1.82,1.1,-0.42,0.08,-0.42,0.86,1.0,0.53,0.06,0.53,0.86,0.5,-0.23,0.21,-0.23,0.3,0.8,0.63,0.19,0.63,0.34
187.0,1.28,10.255,161.22,-0.37,-94.5,33.8,4.325,-6.81,18.697,-8.125,19.826,-13.831,101.836,-78.869,128.819,0.3,0.13,0.02,0.13,0.3,0.9,-0.46,0.1,-0.46,0.73,0.8,-0.34,0.23,-0.34,0.08,1.3,-0.37,0.23,-0.37,1.29,0.7,0.09,0.01,0.09,0.65,1.2,0.36,0.33,0.36,1.1,2.4,-0.2,0.1,-0.2,2.35,1.9,-0.31,0.2,-0.31,1.82,1.1,-0.42,0.08,-0.42,0.86,1.0,0.53,0.06,0.53,0.86,0.5,-0.23,0.21,-0.23,0.3,0.8,0.63,0.19,0.63,0.34
188.0,1.21,10.283,162.01,-0.34,-95.11,33.7,3.506,-8.042,16.865,-6.546,19.759,-13.147,101.688,-78.656,128.581,0.3,0.13,0.02,0.13,0.3,0.9,-0.46,0.1,-0.46,0.73,0.8,-0.34,0.23,-0.34,0.08,1.3,-0.37,0.23,-0.37,1.29,0.7,0.09,0.01,0.09,0.65,1.2,0.36,0.33,0.36,1.1,2.4,-0.2,0.1,-0.2,2.35,1.9,-0.31,0.2,-0.31,1.82,1.1,-0.42,0.08,-0.42,0.86,1.0,0.53,0.06,0.53,0.86,0.5,-0.23,0.21,-0.23,0.3,0.8,0.63,0.19,0.63,0.34
189.0,1.13,10.31,162.81,-0.33,-95.72,33.1,2.512,-9.265,15.242,-4.978,19.393,-12.467,101.948,-78.67,128.793,0.3,0.13,0.02,0.13,0.3,0.9,-0.46,0.1,-0.46,0.73,0.8,-0.34,0.23,-0.34,0.08,1.3,-0.37,0.23,-0.37,1.29,0.7,0.09,0.01,0.09,0.65,1.2,0.36,0.33,0.36,1.1,2.4,-0.2,0.1,-0.2,2.35,1.9,-0.31,0.2,-0.31,1.82,1.1,-0.42,0.08,-0.42,0.86,1.0,0.53,0.06,0.53,0.86,0.5,-0.23,0.21,-0.23,0.3,0.8,0.63,0.19,0.63,0.34
190.0,1.05,10.338,163.59,-0.37,-96.34,31.8,1.233,-10.473,13.962,-3.429,18.534,-11.796,102.877,-79.053,129.747,0.3,0.13,0.02,0.13,0.3,0.9,-0.46,0.1,-0.46,0.73,0.8,-0.34,0.23,-0.34,0.08,1.3,-0.37,0.23,-0.37,1.29,0.7,0.09,0.01,0.09,0.65,1.2,0.36,0.33,0.36,1.1,2.4,-0.2,0.1,-0.2,2.35,1.9,-0.31,0.2,-0.31,1.82,1.1,-0.42,0.08,-0.42,0.86,1.0,0.53,0.06,0.53,0.86,0.5,-0.23,0.21,-0.23,0.3,0.8,0.63,0.19,0.63,0.34
191.0,0.97,10.366,164.38,-0.32,-96.95,30.1,-0.081,-11.401,12.647,-2.054,17.652,-11.162,102.62,-79.321,129.712,0.3,0.13,0.02,0.13,0.3,0.9,-0.46,0.1,-0.46,0.73,0.8,-0.34,0.23,-0.34,0.08,1.3,-0.37,0.23,-0.37,1.29,0.7,0.09,0.01,0.09,0.65,1.2,0.36,0.33,0.36,1.1,2.4,-0.2,0.1,-0.2,2.35,1.9,-0.31,0.2,-0.31,1.82,1.1,-0.42,0.08,-0.42,0.86,1.0,0.53,0.06,0.53,0.86,0.5,-0.23,0.21,-0.23,0.3,0.8,0.63,0.19,0.63,0.34
192.0,0.9,10.395,165.18,-0.19,-97.56,28.2,-1.424,-12.104,11.303,-0.816,16.75,-10.559,101.421,-79.497,128.91,0.3,0.13,0.02,0.13,0.3,0.9,-0.46,0.1,-0.46,0.73,0.8,-0.34,0.23,-0.34,0.08,1.3,-0.37,0.23,-0.37,1.29,0.7,0.09,0.01,0.09,0.65,1.2,0.36,0.33,0.36,1.1,2.4,-0.2,0.1,-0.2,2.35,1.9,-0.31,0.2,-0.31,1.82,1.1,-0.42,0.08,-0.42,0.86,1.0,0.53,0.06,0.53,0.86,0.5,-0.23,0.21,-0.23,0.3,0.8,0.63,0.19,0.63,0.34
193.0,0.81,10.422,165.97,-0.2,-98.17,25.9,-3.896,-12.773,11.329,0.361,15.577,-9.986,102.098,-79.455,129.412,0.3,0.13,0.02,0.13,0.3,0.9,-0.46,0.1,-0.46,0.73,0.8,-0.34,0.23,-0.34,0.08,1.3,-0.37,0.23,-0.37,1.29,0.7,0.09,0.01,0.09,0.65,1.2,0.36,0.33,0.36,1.1,2.4,-0.2,0.1,-0.2,2.35,1.9,-0.31,0.2,-0.31,1.82,1.1,-0.42,0.08,-0.42,0.86,1.0,0.53,0.06,0.53,0.86,0.5,-0.23,0.21,-0.23,0.3,0.8,0.63,0.19,0.63,0.34
194.0,0.73,10.449,166.76,-0.25,-98.79,23.4,-6.612,-13.434,11.652,1.524,14.346,-9.419,103.181,-79.365,130.198,0.3,0.13,0.02,0.13,0.3,0.9,-0.46,0.1,-0.46,0.73,0.8,-0.34,0.23,-0.34,0.08,1.3,-0.37,0.23,-0.37,1.29,0.7,0.09,0.01,0.09,0.65,1.2,0.36,0.33,0.36,1.1,2.4,-0.2,0.1,-0.2,2.35,1.9,-0.31,0.2,-0.31,1.82,1.1,-0.42,0.08,-0.42,0.86,1.0,0.53,0.06,0.53,0.86,0.5,-0.23,0.21,-0.23,0.3,0.8,0.63,0.19,0.63,0.34
195.0,0.65,10.477,167.56,-0.25,-99.39,22.9,-10.439,-14.04,9.227,0.804,12.899,-8.952,103.425,-78.609,129.935,0.3,0.1,0.01,0.1,0.3,0.8,-0.46,0.07,-0.46,0.69,0.7,-0.27,0.3,-0.27,0.15,1.3,-0.38,0.22,-0.38,1.28,0.7,0.09,0.01,0.09,0.65,1.2,0.36,0.33,0.36,1.1,2.4,-0.2,0.1,-0.2,2.35,1.9,-0.31,0.2,-0.31,1.82,1.1,-0.42,0.08,-0.42,0.86,1.0,0.53,0.06,0.53,0.86,0.5,-0.23,0.21,-0.23,0.3,0.7,0.63,0.23,0.63,0.26
196.0,0.57,10.504,168.36,-0.25,-99.99,22.4,-14.293,-14.687,6.736,0.182,11.448,-8.531,103.509,-78.305,129.82,0.3,0.1,0.01,0.1,0.3,0.8,-0.46,0.07,-0.46,0.69,0.7,-0.27,0.3,-0.27,0.15,1.3,-0.38,0.22,-0.38,1.28,0.7,0.09,0.01,0.09,0.65,1.2,0.36,0.33,0.36,1.1,2.4,-0.2,0.1,-0.2,2.35,1.9,-0.31,0.2,-0.31,1.82,1.1,-0.42,0.08,-0.42,0.86,1.0,0.53,0.06,0.53,0.86,0.5,-0.23,0.21,-0.23,0.3,0.7,0.63,0.23,0.63,0.26
197.0,0.48,10.532,169.15,-0.25,-100.6,22.2,-18.142,-15.574,4.248,0.351,9.999,-8.35,102.825,-80.591,130.666,0.3,0.1,0.01,0.1,0.3,0.8,-0.46,0.07,-0.46,0.69,0.7,-0.27,0.3,-0.27,0.15,1.3,-0.38,0.22,-0.38,1.28,0.7,0.09,0.01,0.09,0.65,1.2,0.36,0.33,0.36,1.1,2.4,-0.2,0.1,-0.2,2.35,1.9,-0.31,0.2,-0.31,1.82,1.1,-0.42,0.08,-0.42,0.86,1.0,0.53,0.06,0.53,0.86,0.5,-0.23,0.21,-0.23,0.3,0.7,0.63,0.23,0.63,0.26
198.0,0.36,10.559,169.93,-0.21,-101.23,20.6,-21.962,-17.326,1.779,0.626,8.56,-8.136,103.129,-83.051,132.435,0.3,0.1,0.01,0.1,0.3,0.8,-0.46,0.07,-0.46,0.69,0.7,-0.27,0.3,-0.27,0.15,1.3,-0.38,0.22,-0.38,1.28,0.7,0.09,0.01,0.09,0.65,1.2,0.36,0.33,0.36,1.1,2.4,-0.2,0.1,-0.2,2.35,1.9,-0.31,0.2,-0.31,1.82,1.1,-0.42,0.08,-0.42,0.86,1.0,0.53,0.06,0.53,0.86,0.5,-0.23,0.21,-0.23,0.3,0.7,0.63,0.23,0.63,0.26
199.0,0.2,10.585,170.7,-0.07,-101.89,16.0,-25.723,-20.862,-0.651,1.119,7.143,-7.853,105.464,-85.873,136.043,0.3,0.1,0.01,0.1,0.3,0.8,-0.46,0.07,-0.46,0.69,0.7,-0.27,0.3,-0.27,0.15,1.3,-0.38,0.22,-0.38,1.28,0.7,0.09,0.01,0.09,0.65,1.2,0.36,0.33,0.36,1.1,2.4,-0.2,0.1,-0.2,2.35,1.9,-0.31,0.2,-0.31,1.82,1.1,-0.42,0.08,-0.42,0.86,1.0,0.53,0.06,0.53,0.86,0.5,-0.23,0.21,-0.23,0.3,0.7,0.63,0.23,0.63,0.26
200.0,0.07,10.612,171.45,-0.01,-102.51,11.8,-28.298,-24.385,-1.803,1.61,4.897,-7.572,105.071,-84.675,135.002,0.3,0.1,0.01,0.1,0.3,0.8,-0.46,0.07,-0.46,0.69,0.7,-0.27,0.3,-0.27,0.15,1.3,-0.38,0.22,-0.38,1.28,0.7,0.09,0.01,0.09,0.65,1.2,0.36,0.33,0.36,1.1,2.4,-0.2,0.1,-0.2,2.35,1.9,-0.31,0.2,-0.31,1.82,1.1,-0.42,0.08,-0.42,0.86,1.0,0.53,0.06,0.53,0.86,0.5,-0.23,0.21,-0.23,0.3,0.7,0.63,0.23,0.63,0.26
201.0,0.0,10.639,172.2,-0.05,-103.06,8.1,-29.469,-27.894,-1.439,2.099,1.67,-7.292,101.449,-78.719,128.487,0.3,0.1,0.01,0.1,0.3,0.8,-0.46,0.07,-0.46,0.69,0.7,-0.27,0.3,-0.27,0.15,1.3,-0.38,0.22,-0.38,1.28,0.7,0.09,0.01,0.09,0.65,1.2,0.36,0.33,0.36,1.1,2.4,-0.2,0.1,-0.2,2.35,1.9,-0.31,0.2,-0.31,1.82,1.1,-0.42,0.08,-0.42,0.86,1.0,0.53,0.06,0.53,0.86,0.5,-0.23,0.21,-0.23,0.3,0.7,0.63,0.23,0.63,0.26
