dict_id,length,Speed hor. [km/h],W1_Speed,W1_Tangent,W1_Turbulence,W1_CleanTan,W1_Cross,W2_Speed,W2_Tangent,W2_Turbulence,W2_CleanTan,W2_Cross,W3_Speed,W3_Tangent,W3_Turbulence,W3_CleanTan,W3_Cross,W4_Speed,W4_Tangent,W4_Turbulence,W4_CleanTan,W4_Cross,W5_Speed,W5_Tangent,W5_Turbulence,W5_CleanTan,W5_Cross,W6_Speed,W6_Tangent,W6_Turbulence,W6_CleanTan,W6_Cross,W7_Speed,W7_Tangent,W7_Turbulence,W7_CleanTan,W7_Cross,W8_Speed,W8_Tangent,W8_Turbulence,W8_CleanTan,W8_Cross,W9_Speed,W9_Tangent,W9_Turbulence,W9_CleanTan,W9_Cross,W10_Speed,W10_Tangent,W10_Turbulence,W10_CleanTan,W10_Cross,W11_Speed,W11_Tangent,W11_Turbulence,W11_CleanTan,W11_Cross,W12_Speed,W12_Tangent,W12_Turbulence,W12_CleanTan,W12_Cross
65. point,199.7606487774807,92.937,0.7,0.49,0.02,0.49,0.48,1.0,1.0,0.04,1.0,0.04,1.0,0.57,0.13,0.57,0.86,1.7,0.75,0.48,0.75,1.48,1.0,0.38,0.1,0.38,0.9,1.8,1.51,0.25,1.51,0.97,2.3,0.45,0.33,0.45,2.19,1.8,0.29,0.35,0.29,1.79,1.8,-1.39,0.08,-1.39,1.14,0.7,-0.1,0.24,-0.1,0.7,1.2,-0.59,0.34,-0.59,1.05,0.6,-0.63,0.22,-0.63,0.05
65. point,213.45253149119594,95.641,0.9,-0.03,0.02,-0.03,0.89,1.2,-0.73,0.12,-0.73,0.73,0.5,0.07,0.01,0.07,0.48,0.8,-0.02,0.02,-0.02,0.41,0.5,-0.46,0.07,-0.46,0.0,0.7,-0.07,0.01,-0.07,0.55,0.5,0.06,0.17,0.06,0.23,0.7,0.13,0.02,0.13,0.6,0.8,0.47,0.33,0.47,0.47,0.9,0.67,0.22,0.67,0.59,0.7,0.03,0.63,0.03,0.58,2.2,1.98,0.49,1.98,0.85
65. point,233.2731467614736,91.647,0.9,0.04,0.16,0.04,0.9,1.0,0.92,0.38,0.92,0.08,1.6,1.19,0.08,1.19,0.95,2.1,2.13,0.03,2.13,0.22,0.5,0.46,0.01,0.46,0.17,2.7,2.65,0.34,2.65,0.3,2.2,1.75,0.12,1.75,1.27,2.3,2.29,0.41,2.29,0.34,2.7,2.1,0.1,2.1,1.7,0.1,0.03,0.08,0.03,0.12,1.3,-0.43,0.05,-0.43,1.27,0.7,0.51,0.18,0.51,0.47
65. point,203.54295099560682,95.634,2.0,1.06,0.13,1.06,0.53,0.3,0.15,0.43,0.15,0.16,1.3,0.71,0.02,0.71,1.03,0.8,-0.45,0.25,-0.45,0.58,1.4,0.52,0.23,0.52,1.28,2.9,-0.87,1.07,-0.87,2.7,2.2,-0.83,0.64,-0.83,1.65,1.0,0.52,0.18,0.52,0.84,0.5,0.35,0.13,0.35,0.1,1.7,-0.87,0.31,-0.87,1.43,0.7,-0.6,0.63,-0.6,0.27,2.1,-1.84,0.64,-1.84,0.78
65. point,221.80018687999342,95.794,0.4,0.0,0.07,0.0,0.31,2.2,1.73,0.85,1.73,0.64,1.5,0.75,0.04,0.75,1.22,0.5,-0.1,0.23,-0.1,0.27,1.6,0.85,0.06,0.85,1.38,0.4,-0.36,0.1,-0.36,0.0,1.8,-0.25,0.13,-0.25,1.74,0.6,0.02,0.08,0.02,0.59,1.7,0.38,0.19,0.38,1.64,0.6,-0.44,0.0,-0.44,0.31,0.4,0.22,0.16,0.22,0.33,0.7,0.47,0.3,0.47,0.14
65. point,197.45661877992342,95.03,1.4,-0.01,0.02,-0.01,1.37,0.6,0.58,0.11,0.58,0.19,1.0,0.34,0.09,0.34,0.75,1.7,0.98,0.61,0.98,1.38,2.3,-0.98,0.47,-0.98,1.98,2.6,0.34,0.19,0.34,2.51,2.6,-0.18,0.08,-0.18,2.61,2.2,-1.31,0.12,-1.31,1.7,1.9,-1.63,0.12,-1.63,0.44,2.0,-1.91,0.65,-1.91,0.17,1.1,-0.97,0.01,-0.97,0.18,0.5,0.06,0.03,0.06,0.38
65. point,212.66576663863887,95.981,1.5,-0.42,0.02,-0.42,1.38,0.8,-0.16,0.17,-0.16,0.5,0.9,0.24,0.15,0.24,0.83,1.0,0.21,0.06,0.21,0.03,0.9,0.22,0.16,0.22,0.83,0.6,0.52,0.33,0.52,0.21,2.7,0.57,0.19,0.57,2.59,2.1,0.24,0.18,0.24,2.03,1.7,-1.51,0.38,-1.51,0.68,1.6,-1.01,0.02,-1.01,1.19,0.6,0.57,0.01,0.57,0.1,1.7,-1.64,0.44,-1.64,0.6
65. point,185.66868583581885,94.54,0.7,-0.66,0.18,-0.66,0.15,1.0,-0.8,0.16,-0.8,0.57,1.0,0.68,0.08,0.68,0.28,1.0,-1.02,0.15,-1.02,0.16,0.9,0.02,0.05,0.02,0.79,1.1,0.45,0.17,0.45,0.96,3.2,-0.44,0.11,-0.44,3.1,1.7,-0.05,0.35,-0.05,1.6,2.0,-0.93,0.18,-0.93,1.74,1.9,-1.59,0.1,-1.59,0.94,1.4,-1.06,0.02,-1.06,0.89,1.9,-1.81,0.04,-1.81,0.63
65. point,219.07254049743435,94.191,0.7,0.66,0.07,0.66,0.13,0.9,0.84,0.04,0.84,0.03,1.4,1.11,0.13,1.11,0.6,0.8,0.66,0.4,0.66,0.37,0.7,0.42,0.01,0.42,0.48,0.5,0.48,0.46,0.48,0.08,1.5,1.12,0.23,1.12,1.05,1.3,0.52,0.2,0.52,1.14,0.9,0.2,0.08,0.2,0.8,1.7,-0.79,0.31,-0.79,1.08,0.6,0.15,0.02,0.15,0.57,0.5,-0.09,0.04,-0.09,0.08
65. point,203.66466188320447,94.641,0.4,-0.34,0.46,-0.34,0.25,0.8,0.5,0.1,0.5,0.57,1.1,0.4,0.06,0.4,0.34,0.3,-0.02,0.34,-0.02,0.31,0.3,-0.25,0.02,-0.25,0.09,0.8,-0.74,0.21,-0.74,0.33,1.0,-0.61,0.1,-0.61,0.74,0.7,0.17,0.1,0.17,0.65,0.9,-0.52,0.32,-0.52,0.7,1.1,-1.05,0.16,-1.05,0.39,1.7,-1.53,0.17,-1.53,0.74,1.4,-1.36,0.16,-1.36,0.19
65. point,193.23749144511268,93.409,1.0,-0.42,0.07,-0.42,0.9,1.2,-1.06,0.01,-1.06,0.03,1.2,0.63,0.13,0.63,1.02,1.3,-0.29,0.06,-0.29,1.24,1.0,-0.13,0.18,-0.13,0.94,0.7,-0.59,0.19,-0.59,0.1,2.4,-0.14,0.4,-0.14,2.2,0.8,-0.17,0.11,-0.17,0.74,1.5,-0.92,0.07,-0.92,1.07,1.3,-1.17,0.15,-1.17,0.6,0.7,0.18,0.01,0.18,0.62,1.2,-0.99,0.03,-0.99,0.47
65. point,188.63729959899234,94.367,0.8,0.69,0.04,0.69,0.42,0.3,0.06,0.1,0.06,0.17,0.5,0.12,0.05,0.12,0.24,0.5,0.39,0.03,0.39,0.17,0.4,-0.24,0.03,-0.24,0.27,0.7,0.63,0.12,0.63,0.03,0.5,-0.39,0.1,-0.39,0.21,0.8,0.79,0.01,0.79,0.17,0.7,0.57,0.2,0.57,0.28,0.3,0.34,0.03,0.34,0.05,0.7,0.29,0.27,0.29,0.31,0.6,-0.06,0.15,-0.06,0.46
65. point,183.82165215229676,83.05,1.0,1.0,0.02,1.0,0.04,0.6,0.55,0.1,0.55,0.19,0.3,0.26,0.14,0.26,0.04,0.6,0.53,0.2,0.53,0.16,0.6,0.55,0.04,0.55,0.15,0.8,0.78,0.33,0.78,0.02,0.8,0.24,0.1,0.24,0.52,1.0,0.78,0.14,0.78,0.63,0.5,0.47,0.09,0.47,0.24,0.3,-0.17,0.0,-0.17,0.17,1.0,0.61,0.12,0.61,0.7,1.4,-0.26,0.22,-0.26,0.96
65. point,179.474739448202,94.154,1.4,1.37,0.17,1.37,0.05,1.3,1.27,0.11,1.27,0.05,1.2,1.13,0.02,1.13,0.0,1.7,1.65,0.01,1.65,0.0,1.2,0.47,0.19,0.47,1.06,0.5,0.36,0.18,0.36,0.35,0.3,0.03,0.09,0.03,0.17,0.2,0.07,0.06,0.07,0.01,0.4,0.3,0.16,0.3,0.3,0.6,-0.17,0.07,-0.17,0.51,0.3,-0.23,0.08,-0.23,0.09,0.2,-0.11,0.26,-0.11,0.1
65. point,179.88638358697415,101.174,1.2,1.22,0.05,1.22,0.07,1.0,0.82,0.06,0.82,0.16,0.8,0.78,0.02,0.78,0.24,0.9,0.83,0.09,0.83,0.11,0.3,0.24,0.12,0.24,0.12,0.7,0.64,0.13,0.64,0.14,0.4,0.39,0.07,0.39,0.04,0.7,0.52,0.02,0.52,0.4,0.9,0.4,0.13,0.4,0.4,0.6,0.55,0.01,0.55,0.01,0.4,-0.18,0.19,-0.18,0.3,1.0,0.96,0.05,0.96,0.34
65. point,186.20930723247966,94.882,0.3,-0.31,0.08,-0.31,0.06,0.8,0.41,0.13,0.41,0.39,1.1,1.01,0.08,1.01,0.3,0.7,0.56,0.04,0.56,0.13,0.5,-0.08,0.06,-0.08,0.5,0.5,0.12,0.06,0.12,0.13,1.1,0.33,0.33,0.33,0.29,0.8,0.71,0.07,0.71,0.08,0.5,0.04,0.02,0.04,0.48,0.4,-0.17,0.2,-0.17,0.19,1.1,-0.88,0.25,-0.88,0.07,0.1,0.0,0.04,0.0,0.06
65. point,194.16780732139918,92.169,1.9,1.86,0.36,1.86,0.46,0.9,0.63,0.06,0.63,0.53,2.4,2.35,0.1,2.35,0.48,1.2,1.08,0.1,1.08,0.32,1.6,1.53,0.31,1.53,0.0,0.9,0.86,0.29,0.86,0.3,1.8,1.6,0.3,1.6,0.7,1.3,1.21,0.03,1.21,0.39,2.3,2.02,0.4,2.02,0.96,0.4,0.07,0.15,0.07,0.36,1.9,1.36,0.03,1.36,1.34,1.3,1.27,0.13,1.27,0.33
65. point,224.37627548383986,93.481,1.6,1.48,0.03,1.48,0.47,0.9,0.68,0.01,0.68,0.61,1.6,1.62,0.19,1.62,0.29,1.1,0.89,0.04,0.89,0.51,1.5,1.34,0.45,1.34,0.66,2.2,2.2,0.76,2.2,0.1,2.9,2.82,0.22,2.82,0.13,1.9,1.88,0.11,1.88,0.36,2.6,2.56,0.0,2.56,0.43,1.2,0.96,0.3,0.96,0.58,1.8,1.5,0.17,1.5,0.26,1.8,1.63,0.07,1.63,0.68
65. point,210.62507756675132,94.205,2.4,2.25,0.23,2.25,0.72,1.0,0.92,0.03,0.92,0.38,1.9,1.78,0.12,1.78,0.52,1.6,1.52,0.29,1.52,0.01,1.2,1.14,0.23,1.14,0.47,1.3,1.16,0.01,1.16,0.62,0.8,0.62,0.15,0.62,0.54,0.5,0.19,0.08,0.19,0.17,0.5,0.34,0.31,0.34,0.27,0.4,-0.04,0.3,-0.04,0.35,0.9,0.85,0.22,0.85,0.02,0.5,-0.35,0.15,-0.35,0.42
65. point,211.88939237253007,88.765,1.9,1.86,0.12,1.86,0.51,1.8,1.77,0.03,1.77,0.19,2.4,2.4,0.03,2.4,0.39,2.1,1.68,0.08,1.68,1.25,1.3,1.24,0.15,1.24,0.17,1.8,1.23,0.05,1.23,1.25,1.4,1.39,0.22,1.39,0.24,1.1,0.98,0.15,0.98,0.45,0.8,0.76,0.03,0.76,0.06,1.5,1.35,0.36,1.35,0.59,2.2,1.69,0.46,1.69,1.07,1.2,0.88,0.06,0.88,0.11
65. point,240.47254209160764,92.938,1.3,1.06,0.2,1.06,0.46,1.3,1.26,0.09,1.26,0.17,1.5,1.41,0.18,1.41,0.55,2.5,2.51,0.06,2.51,0.22,1.4,1.43,0.24,1.43,0.08,1.5,1.28,0.35,1.28,0.77,1.9,1.85,0.12,1.85,0.44,1.2,0.79,0.26,0.79,0.83,2.3,2.26,0.03,2.26,0.35,1.2,1.06,0.17,1.06,0.35,1.8,1.71,0.17,1.71,0.58,0.9,0.78,0.04,0.78,0.48
65. point,199.44042945200454,94.229,1.4,1.35,0.01,1.35,0.35,0.8,0.74,0.02,0.74,0.16,1.3,1.16,0.14,1.16,0.28,1.0,0.86,0.1,0.86,0.52,0.8,0.66,0.09,0.66,0.36,0.8,0.15,0.11,0.15,0.77,1.2,0.86,0.12,0.86,0.69,0.9,0.16,0.2,0.16,0.83,0.9,0.15,0.01,0.15,0.9,0.6,-0.1,0.02,-0.1,0.6,0.5,-0.1,0.01,-0.1,0.29,0.6,-0.17,0.04,-0.17,0.5
65. point,221.74693797209466,91.511,0.7,0.35,0.12,0.35,0.6,0.3,0.2,0.02,0.2,0.19,1.0,1.02,0.06,1.02,0.2,0.3,0.29,0.14,0.29,0.11,0.5,0.5,0.14,0.5,0.02,0.3,0.11,0.22,0.11,0.2,1.0,0.96,0.02,0.96,0.13,0.7,0.42,0.09,0.42,0.34,0.8,0.57,0.04,0.57,0.36,0.2,-0.21,0.02,-0.21,0.13,0.9,0.81,0.18,0.81,0.45,0.9,-0.85,0.03,-0.85,0.1
65. point,228.21668322013622,92.703,2.0,1.88,0.17,1.88,0.61,1.3,1.27,0.33,1.27,0.23,2.1,1.94,0.05,1.94,0.73,2.1,2.0,0.01,2.0,0.41,1.7,1.56,0.04,1.56,0.23,1.7,1.28,0.3,1.28,1.13,3.2,3.06,0.17,3.06,0.82,1.8,1.52,0.6,1.52,0.84,2.7,2.54,0.23,2.54,0.78,2.1,1.99,0.58,1.99,0.62,2.6,2.31,0.13,2.31,1.2,2.4,2.31,0.11,2.31,0.46
65. point,197.485720496445,90.774,1.9,1.8,0.01,1.8,0.27,1.7,1.67,0.04,1.67,0.22,1.6,1.56,0.17,1.56,0.07,1.4,1.33,0.04,1.33,0.46,1.6,1.55,0.04,1.55,0.01,1.6,1.5,0.05,1.5,0.65,1.3,1.0,0.05,1.0,0.31,1.3,1.09,0.32,1.09,0.76,1.1,0.17,0.06,0.17,1.0,1.1,1.1,0.11,1.1,0.29,1.3,0.87,0.06,0.87,0.86,0.5,0.29,0.02,0.29,0.33
65. point,194.9921742019407,88.544,2.6,2.42,0.13,2.42,0.76,1.4,1.39,0.07,1.39,0.25,1.8,1.77,0.14,1.77,0.18,2.1,2.04,0.16,2.04,0.26,1.2,1.22,0.03,1.22,0.15,2.4,1.65,0.32,1.65,1.7,2.2,2.22,0.41,2.22,0.17,2.4,2.01,0.25,2.01,1.12,1.8,1.79,0.05,1.79,0.33,1.7,1.57,0.26,1.57,0.61,1.8,1.73,0.39,1.73,0.2,1.4,1.18,0.04,1.18,0.74
65. point,226.97186499652332,94.535,0.9,0.27,0.13,0.27,0.78,0.3,0.18,0.09,0.18,0.22,0.8,0.02,0.02,0.02,0.71,1.1,0.75,0.35,0.75,0.32,1.6,0.39,0.3,0.39,1.44,0.9,-0.8,0.01,-0.8,0.03,1.4,-0.1,0.35,-0.1,1.41,1.1,-0.4,0.46,-0.4,1.02,0.7,-0.47,0.0,-0.47,0.49,0.8,-0.5,0.09,-0.5,0.66,0.5,-0.26,0.07,-0.26,0.38,0.7,0.72,0.16,0.72,0.16
65. point,207.53052835667336,95.065,0.9,0.38,0.08,0.38,0.69,1.0,0.68,0.24,0.68,0.51,0.7,0.38,0.07,0.38,0.64,1.4,-0.22,0.04,-0.22,1.33,1.0,0.2,0.07,0.2,0.96,1.0,-0.95,0.15,-0.95,0.15,1.5,-0.28,0.0,-0.28,1.48,2.4,0.4,0.23,0.4,2.35,0.3,0.0,0.15,0.0,0.07,0.7,0.54,0.02,0.54,0.42,0.5,-0.37,0.07,-0.37,0.17,1.0,-0.74,0.09,-0.74,0.6
65. point,202.20551550341054,95.421,1.2,0.44,0.16,0.44,1.09,0.3,-0.29,0.19,-0.29,0.08,1.0,0.28,0.02,0.28,0.98,1.8,0.43,0.21,0.43,1.72,0.7,-0.01,0.43,-0.01,0.73,1.8,0.23,0.18,0.23,1.73,2.2,0.16,0.18,0.16,2.15,1.3,0.34,0.12,0.34,1.26,1.2,-0.42,0.24,-0.42,1.08,0.9,-0.68,0.15,-0.68,0.52,0.8,0.42,0.11,0.42,0.66,1.0,-0.92,0.08,-0.92,0.32
65. point,198.22699765672687,94.474,0.7,0.41,0.08,0.41,0.48,1.1,-0.47,0.02,-0.47,0.95,0.9,-0.28,0.0,-0.28,0.82,1.8,-0.82,0.18,-0.82,1.6,0.4,0.0,0.06,0.0,0.24,2.6,-1.14,0.29,-1.14,2.38,0.6,0.3,0.28,0.3,0.02,1.4,-0.59,0.22,-0.59,1.23,1.3,-0.01,0.17,-0.01,1.25,1.4,-0.3,0.24,-0.3,1.34,0.2,0.09,0.06,0.09,0.2,1.5,-1.4,0.26,-1.4,0.33
65. point,212.77754275298884,94.224,1.1,-0.01,0.13,-0.01,1.0,1.8,1.46,0.11,1.46,0.7,1.1,0.81,0.08,0.81,0.67,1.5,0.99,0.27,0.99,1.06,1.4,0.54,0.03,0.54,1.24,0.6,-0.03,0.2,-0.03,0.57,2.8,0.1,0.14,0.1,2.73,1.9,-0.25,0.03,-0.25,1.85,1.0,-0.46,0.23,-0.46,0.87,1.9,-1.16,0.43,-1.16,1.53,0.7,-0.21,0.12,-0.21,0.66,1.8,-1.44,0.69,-1.44,0.98
65. point,188.19160980235011,94.937,1.2,0.32,0.15,0.32,1.13,0.3,0.09,0.02,0.09,0.16,0.6,0.34,0.15,0.34,0.08,1.2,-0.56,0.0,-0.56,0.93,1.8,-0.45,0.6,-0.45,1.64,2.0,-0.5,0.0,-0.5,1.78,1.5,0.22,0.04,0.22,1.45,0.4,-0.07,0.14,-0.07,0.41,0.9,-0.57,0.26,-0.57,0.35,0.9,-0.74,0.14,-0.74,0.4,0.5,-0.45,0.03,-0.45,0.15,1.1,0.27,0.12,0.27,0.98
65. point,220.59274557428222,96.092,1.0,0.32,0.3,0.32,0.92,0.2,0.11,0.09,0.11,0.12,1.0,-0.17,0.03,-0.17,0.98,1.7,0.76,0.14,0.76,1.53,0.8,0.03,0.06,0.03,0.75,0.6,-0.51,0.36,-0.51,0.18,2.5,0.45,0.0,0.45,2.37,1.5,0.33,0.4,0.33,1.29,1.4,-1.27,0.04,-1.27,0.64,1.1,-0.97,0.21,-0.97,0.33,0.7,-0.62,0.02,-0.62,0.08,0.2,-0.15,0.26,-0.15,0.08
65. point,210.27236004762966,98.045,0.8,0.14,0.02,0.14,0.8,0.6,-0.3,0.13,-0.3,0.43,0.7,0.05,0.01,0.05,0.63,1.1,-0.06,0.31,-0.06,1.14,1.0,0.15,0.25,0.15,0.98,0.4,-0.3,0.05,-0.3,0.3,1.1,-0.2,0.18,-0.2,1.03,0.4,-0.18,0.13,-0.18,0.27,1.5,-1.25,0.1,-1.25,0.56,1.3,-1.11,0.22,-1.11,0.61,0.9,-0.63,0.0,-0.63,0.59,0.6,0.09,0.08,0.09,0.58
65. point,204.19324450137913,96.913,1.3,0.17,0.05,0.17,1.27,0.6,0.4,0.14,0.4,0.4,0.6,-0.14,0.0,-0.14,0.56,0.4,-0.29,0.03,-0.29,0.12,1.4,1.22,0.08,1.22,0.73,0.8,-0.16,0.39,-0.16,0.57,1.8,-1.52,0.04,-1.52,0.99,1.0,0.12,0.54,0.12,0.62,0.6,-0.25,0.29,-0.25,0.33,1.6,-1.39,0.09,-1.39,0.65,1.2,-1.09,0.04,-1.09,0.1,0.9,-0.92,0.29,-0.92,0.14
65. point,193.31100589464637,92.899,1.7,0.21,0.42,0.21,1.58,0.2,-0.03,0.09,-0.03,0.08,1.0,0.1,0.09,0.1,1.03,1.4,-0.13,0.37,-0.13,1.31,1.7,0.43,0.27,0.43,1.59,1.6,0.12,0.1,0.12,1.4,1.9,-0.34,0.36,-0.34,1.84,2.9,-1.8,0.24,-1.8,2.27,1.2,-1.15,0.27,-1.15,0.47,0.9,-0.73,0.05,-0.73,0.01,0.8,0.2,0.04,0.2,0.39,1.2,-1.13,0.07,-1.13,0.31
65. point,216.20629731809385,96.427,1.2,0.03,0.07,0.03,1.1,0.4,-0.17,0.04,-0.17,0.33,0.7,0.0,0.05,0.0,0.61,0.9,0.08,0.12,0.08,0.89,0.8,0.66,0.08,0.66,0.34,1.2,-0.37,0.02,-0.37,1.19,1.2,-0.09,0.14,-0.09,1.14,1.2,0.32,0.28,0.32,1.14,0.5,0.34,0.11,0.34,0.41,0.4,-0.31,0.15,-0.31,0.04,0.3,-0.09,0.07,-0.09,0.31,0.4,-0.28,0.14,-0.28,0.27
65. point,210.83144784400642,94.1,1.7,0.33,0.27,0.33,1.58,0.6,-0.52,0.08,-0.52,0.35,1.0,0.26,0.13,0.26,0.93,1.5,-1.1,0.52,-1.1,0.87,0.7,0.35,0.09,0.35,0.61,1.0,-0.2,0.34,-0.2,0.83,1.7,-1.28,0.15,-1.28,0.96,1.2,-0.64,0.36,-0.64,0.94,0.9,-0.58,0.07,-0.58,0.42,1.3,-1.15,0.16,-1.15,0.33,0.9,-0.47,0.05,-0.47,0.79,0.5,0.25,0.47,0.25,0.33
65. point,204.88672406966734,94.14,1.2,0.6,0.14,0.6,1.04,0.4,0.11,0.06,0.11,0.33,0.9,0.21,0.16,0.21,0.78,1.9,0.95,0.28,0.95,1.61,0.8,0.7,0.2,0.7,0.38,0.6,-0.42,0.07,-0.42,0.36,2.6,0.26,0.14,0.26,2.51,1.7,-0.34,0.33,-0.34,1.65,1.2,-1.01,0.08,-1.01,0.55,1.8,-1.56,0.1,-1.56,0.84,0.3,-0.2,0.05,-0.2,0.23,0.7,-0.63,0.18,-0.63,0.36
65. point,215.6272754082841,97.951,0.9,-0.24,0.0,-0.24,0.83,0.4,-0.34,0.12,-0.34,0.18,0.9,0.08,0.19,0.08,0.83,0.8,-0.12,0.11,-0.12,0.82,1.4,0.22,0.16,0.22,1.37,1.9,-1.76,0.14,-1.76,0.79,2.7,-0.43,0.17,-0.43,2.62,2.1,-1.57,0.93,-1.57,1.24,2.7,-2.57,0.17,-2.57,0.75,2.4,-2.4,0.38,-2.4,0.07,0.3,0.12,0.06,0.12,0.25,1.1,-1.09,0.26,-1.09,0.31
65. point,223.17413537415126,99.412,0.9,-0.16,0.04,-0.16,0.83,1.3,-1.09,0.08,-1.09,0.51,0.6,-0.15,0.01,-0.15,0.56,0.8,-0.09,0.18,-0.09,0.7,0.5,-0.16,0.33,-0.16,0.45,0.8,-0.22,0.12,-0.22,0.64,1.4,-0.39,0.01,-0.39,1.32,1.8,-0.78,0.04,-0.78,1.62,0.9,-0.8,0.38,-0.8,0.29,1.6,-0.88,0.1,-0.88,1.19,0.8,-0.41,0.01,-0.41,0.66,1.0,-0.94,0.43,-0.94,0.24
65. point,217.35623869583313,96.514,1.5,0.14,0.07,0.14,1.48,0.9,-0.49,0.03,-0.49,0.7,0.8,-0.31,0.01,-0.31,0.75,1.3,-0.46,0.09,-0.46,0.98,1.3,-0.77,0.09,-0.77,1.0,0.6,-0.49,0.12,-0.49,0.24,1.4,-1.11,0.28,-1.11,0.65,1.2,-1.0,0.16,-1.0,0.51,1.4,-0.78,0.22,-0.78,1.09,1.3,-1.09,0.38,-1.09,0.76,0.6,-0.38,0.09,-0.38,0.52,2.0,-1.5,0.04,-1.5,1.37
65. point,204.64769434322977,96.124,1.4,-0.22,0.09,-0.22,1.3,0.5,0.42,0.03,0.42,0.24,1.0,0.33,0.0,0.33,0.82,2.1,-1.38,0.39,-1.38,1.53,0.9,-0.61,0.02,-0.61,0.59,1.1,-0.62,0.11,-0.62,0.85,1.7,-0.12,0.2,-0.12,1.71,2.1,-1.07,0.19,-1.07,1.78,1.4,-1.35,0.14,-1.35,0.27,1.3,-1.03,0.19,-1.03,0.79,0.8,-0.18,0.02,-0.18,0.81,0.9,-0.77,0.02,-0.77,0.29
65. point,204.79185213284245,96.834,1.2,-0.07,0.0,-0.07,1.14,1.0,-0.47,0.0,-0.47,0.82,0.8,0.14,0.06,0.14,0.66,1.8,-0.02,0.02,-0.02,1.75,1.1,0.51,0.05,0.51,0.94,1.8,-1.62,0.19,-1.62,0.7,2.7,-0.92,0.24,-0.92,2.5,1.3,-0.88,0.03,-0.88,1.02,1.5,-1.34,0.07,-1.34,0.65,0.5,-0.52,0.29,-0.52,0.01,0.8,-0.31,0.07,-0.31,0.71,0.7,-0.07,0.15,-0.07,0.71
65. point,208.2015312143501,95.149,1.3,-0.24,0.08,-0.24,1.29,0.5,-0.49,0.08,-0.49,0.14,0.9,0.15,0.04,0.15,0.87,0.9,-0.25,0.21,-0.25,0.86,1.5,-0.05,0.26,-0.05,1.25,1.0,-0.23,0.07,-0.23,0.99,1.6,-0.93,0.08,-0.93,1.14,1.1,-0.24,0.57,-0.24,1.08,1.3,-0.67,0.21,-0.67,1.1,1.1,-0.39,0.27,-0.39,0.92,0.5,-0.02,0.03,-0.02,0.5,1.1,-0.67,0.12,-0.67,0.81
65. point,212.25158421081335,95.432,0.5,0.16,0.02,0.16,0.42,0.4,-0.26,0.11,-0.26,0.31,0.6,-0.12,0.06,-0.12,0.54,2.1,-1.23,0.42,-1.23,1.67,1.5,-0.1,0.36,-0.1,1.52,1.2,-1.15,0.3,-1.15,0.18,1.6,-1.44,0.29,-1.44,0.66,1.1,-1.11,0.36,-1.11,0.17,1.8,-1.73,0.01,-1.73,0.37,1.9,-1.88,0.42,-1.88,0.09,0.7,-0.35,0.11,-0.35,0.51,1.3,-1.11,0.18,-1.11,0.64
65. point,219.77254878623944,96.17,0.9,0.41,0.38,0.41,0.8,0.5,0.04,0.21,0.04,0.48,1.1,-0.05,0.38,-0.05,0.32,0.6,0.18,0.03,0.18,0.53,0.7,-0.24,0.3,-0.24,0.31,0.8,-0.25,0.21,-0.25,0.71,1.6,-0.31,0.19,-0.31,1.58,1.5,-0.44,0.03,-0.44,1.38,0.9,-0.63,0.2,-0.63,0.51,1.6,-0.1,0.08,-0.1,1.54,0.7,-0.58,0.3,-0.58,0.3,2.8,-2.58,0.49,-2.58,0.82
65. point,207.13924060882331,97.066,1.0,-0.32,0.0,-0.32,0.92,0.5,-0.44,0.06,-0.44,0.16,0.8,0.26,0.02,0.26,0.76,1.2,-0.55,0.23,-0.55,1.11,1.7,0.79,0.03,0.79,1.35,1.3,-0.86,0.43,-0.86,1.03,1.1,-0.75,0.07,-0.75,0.69,1.3,-1.17,0.04,-1.17,0.58,2.0,-1.57,0.02,-1.57,1.08,1.6,-1.02,0.0,-1.02,1.24,0.8,-0.15,0.07,-0.15,0.76,1.2,-1.13,0.1,-1.13,0.19
65. point,225.2546092758148,97.241,1.6,0.01,0.07,0.01,1.52,1.2,-0.32,0.21,-0.32,1.17,1.0,0.12,0.01,0.12,0.95,1.3,-0.91,0.04,-0.91,0.94,0.8,0.08,0.38,0.08,0.76,2.1,-1.5,0.62,-1.5,1.43,1.9,-0.97,0.42,-0.97,1.57,2.0,-1.82,0.3,-1.82,0.89,1.2,-1.09,0.06,-1.09,0.48,1.7,-1.47,0.39,-1.47,0.82,1.1,-0.81,0.09,-0.81,0.72,2.7,-2.36,0.16,-2.36,1.33
65. point,214.75343885488772,99.161,0.4,0.08,0.15,0.08,0.42,0.3,-0.03,0.03,-0.03,0.28,0.7,-0.37,0.03,-0.37,0.38,1.2,0.69,0.11,0.69,1.0,0.9,0.43,0.32,0.43,0.78,1.6,0.02,0.17,0.02,1.57,1.5,-0.11,0.04,-0.11,1.39,1.5,-0.55,0.15,-0.55,1.19,1.2,-0.87,0.1,-0.87,0.74,1.5,-1.44,0.2,-1.44,0.29,1.1,-0.61,0.12,-0.61,0.89,0.3,-0.14,0.13,-0.14,0.15
65. point,204.38775036679667,96.698,0.7,-0.27,0.04,-0.27,0.6,1.3,-1.12,0.16,-1.12,0.41,0.6,0.12,0.02,0.12,0.56,1.0,0.2,0.01,0.2,0.96,1.0,-0.43,0.08,-0.43,0.84,3.0,-2.35,0.75,-2.35,1.92,1.2,0.55,0.08,0.55,1.02,1.8,-1.75,0.02,-1.75,0.23,1.1,-0.57,0.16,-0.57,0.87,1.3,-1.15,0.08,-1.15,0.62,1.1,-0.6,0.07,-0.6,0.91,0.8,-0.78,0.08,-0.78,0.12
65. point,218.3745575839823,95.978,1.5,-0.15,0.0,-0.15,1.48,0.8,-0.24,0.0,-0.24,0.71,0.8,-0.48,0.24,-0.48,0.56,2.2,-1.44,0.32,-1.44,1.69,1.1,-0.71,0.18,-0.71,0.76,0.9,-0.62,0.15,-0.62,0.52,1.8,-1.25,0.29,-1.25,1.18,1.6,-0.81,0.1,-0.81,1.37,1.5,-1.4,0.02,-1.4,0.52,1.7,-1.65,0.05,-1.65,0.48,0.8,-0.55,0.2,-0.55,0.57,2.0,-1.91,0.01,-1.91,0.13
65. point,219.43930664308985,92.955,1.0,0.89,0.09,0.89,0.04,1.7,1.13,0.09,1.13,1.1,1.7,1.41,0.11,1.41,0.91,1.7,0.97,0.01,0.97,1.25,3.0,2.53,0.09,2.53,1.62,2.7,1.89,0.02,1.89,1.98,1.5,0.98,0.13,0.98,1.13,0.5,0.43,0.12,0.43,0.2,0.6,0.45,0.23,0.45,0.31,0.6,0.32,0.04,0.32,0.55,0.4,0.27,0.09,0.27,0.25,0.2,-0.05,0.01,-0.05,0.08
65. point,206.32229787398163,94.476,1.6,1.63,0.17,1.63,0.1,1.4,0.43,0.06,0.43,1.24,2.5,2.12,0.33,2.12,1.17,1.7,0.69,0.04,0.69,1.44,2.2,1.75,0.58,1.75,1.36,2.8,2.41,0.45,2.41,1.31,1.0,0.96,0.63,0.96,0.27,1.0,0.96,0.11,0.96,0.26,0.7,0.61,0.06,0.61,0.11,0.7,0.17,0.17,0.17,0.05,1.0,1.02,0.15,1.02,0.22,0.2,0.08,0.06,0.08,0.03
65. point,213.4674916702775,94.669,0.4,0.05,0.04,0.05,0.32,1.1,0.39,0.03,0.39,0.94,0.3,-0.2,0.18,-0.2,0.1,1.4,0.13,0.02,0.13,1.21,1.5,1.31,0.07,1.31,0.64,2.0,1.49,0.06,1.49,1.26,1.7,1.22,0.06,1.22,1.23,0.9,0.79,0.21,0.79,0.08,0.7,0.42,0.08,0.42,0.58,0.7,0.62,0.02,0.62,0.22,0.7,0.06,0.02,0.06,0.7,0.4,0.44,0.0,0.44,0.07
65. point,205.14469552001583,90.497,0.4,0.26,0.21,0.26,0.27,1.5,0.55,0.02,0.55,1.3,1.2,1.18,0.06,1.18,0.41,1.4,0.26,0.0,0.26,1.13,1.1,0.17,0.05,0.17,1.08,1.7,1.25,0.2,1.25,1.15,2.3,2.05,0.23,2.05,0.91,1.2,1.12,0.04,1.12,0.04,1.0,-0.16,0.21,-0.16,1.02,0.6,-0.21,0.02,-0.21,0.58,0.4,-0.11,0.15,-0.11,0.36,1.2,-0.8,0.27,-0.8,0.66
65. point,182.79112095503982,92.273,0.7,-0.27,0.14,-0.27,0.58,0.8,0.16,0.0,0.16,0.68,0.5,0.42,0.13,0.42,0.19,1.2,0.04,0.04,0.04,1.08,2.2,1.84,0.94,1.84,1.21,1.4,0.45,0.21,0.45,1.22,2.0,1.54,0.06,1.54,1.29,0.9,0.84,0.2,0.84,0.27,0.4,0.41,0.09,0.41,0.02,0.8,0.81,0.03,0.81,0.14,0.6,0.31,0.16,0.31,0.18,0.5,0.5,0.03,0.5,0.2
65. point,194.86687507116238,93.522,0.6,-0.09,0.1,-0.09,0.39,1.1,0.47,0.19,0.47,0.96,0.4,0.25,0.08,0.25,0.21,1.1,0.06,0.02,0.06,1.04,1.7,1.16,0.08,1.16,1.24,1.9,0.6,0.18,0.6,1.69,1.9,1.32,0.16,1.32,1.34,1.5,1.21,0.1,1.21,0.87,0.3,0.24,0.11,0.24,0.09,1.1,0.96,0.17,0.96,0.47,0.4,-0.03,0.02,-0.03,0.37,0.6,0.4,0.11,0.4,0.23
65. point,241.93811233453897,92.898,1.0,0.97,0.11,0.97,0.01,1.1,0.77,0.08,0.77,0.74,0.7,-0.19,0.1,-0.19,0.24,1.1,0.67,0.06,0.67,0.71,1.7,1.23,0.26,1.23,1.19,1.7,1.61,0.36,1.61,0.38,1.8,1.45,0.13,1.45,1.02,1.3,1.23,0.36,1.23,0.09,1.4,1.35,0.06,1.35,0.24,1.2,1.13,0.23,1.13,0.29,2.0,1.77,0.07,1.77,0.73,1.5,1.05,0.19,1.05,0.71
65. point,215.91371355242816,95.431,0.3,0.14,0.06,0.14,0.0,0.6,0.19,0.02,0.19,0.46,0.8,0.6,0.04,0.6,0.11,1.0,0.19,0.02,0.19,0.7,1.0,0.87,0.02,0.87,0.42,1.0,0.64,0.09,0.64,0.69,0.5,0.11,0.06,0.11,0.24,0.1,0.04,0.1,0.04,0.01,0.7,0.6,0.09,0.6,0.29,0.6,0.43,0.07,0.43,0.37,0.5,-0.39,0.16,-0.39,0.09,0.2,0.0,0.02,0.0,0.18
65. point,225.79735095877453,93.516,0.5,0.54,0.03,0.54,0.0,0.3,0.28,0.03,0.28,0.13,0.7,0.62,0.01,0.62,0.28,0.5,0.4,0.22,0.4,0.23,0.6,0.52,0.24,0.52,0.11,1.4,1.4,0.02,1.4,0.31,0.8,0.72,0.08,0.72,0.22,0.8,0.62,0.07,0.62,0.46,1.5,1.39,0.51,1.39,0.46,0.4,-0.08,0.03,-0.08,0.34,0.9,0.91,0.03,0.91,0.09,1.1,-0.4,0.26,-0.4,1.0
65. point,214.9326987687076,95.748,1.4,1.29,0.01,1.29,0.38,0.7,0.42,0.02,0.42,0.36,0.6,0.58,0.48,0.58,0.15,0.7,0.53,0.05,0.53,0.32,0.8,0.73,0.02,0.73,0.09,1.3,1.19,0.28,1.19,0.39,0.3,-0.01,0.07,-0.01,0.21,1.0,1.05,0.2,1.05,0.05,0.5,0.36,0.04,0.36,0.3,0.5,0.31,0.06,0.31,0.26,1.3,1.21,0.27,1.21,0.53,0.2,0.19,0.03,0.19,0.01
65. point,160.2514714441025,92.579,0.6,-0.12,0.16,-0.12,0.17,0.6,0.25,0.1,0.25,0.55,0.4,0.4,0.13,0.4,0.02,0.7,0.04,0.01,0.04,0.67,0.6,0.42,0.06,0.42,0.43,1.3,0.98,0.04,0.98,0.81,0.9,0.18,0.06,0.18,0.87,1.1,1.05,0.05,1.05,0.15,0.3,-0.06,0.11,-0.06,0.32,0.3,0.14,0.07,0.14,0.28,0.4,-0.33,0.11,-0.33,0.13,0.5,-0.17,0.04,-0.17,0.42
65. point,200.0536495543133,96.173,0.5,-0.34,0.0,-0.34,0.12,0.3,0.03,0.06,0.03,0.25,0.7,-0.35,0.0,-0.35,0.63,0.7,-0.25,0.03,-0.25,0.52,0.4,-0.32,0.08,-0.32,0.08,0.8,0.01,0.06,0.01,0.69,1.1,0.9,0.09,0.9,0.27,1.3,0.96,0.13,0.96,0.78,0.8,-0.09,0.01,-0.09,0.54,0.3,-0.23,0.08,-0.23,0.13,0.3,-0.1,0.07,-0.1,0.26,0.9,-0.88,0.08,-0.88,0.22
65. point,221.51756250916088,92.893,1.0,0.8,0.0,0.8,0.45,0.6,0.16,0.03,0.16,0.6,1.1,1.04,0.1,1.04,0.11,0.3,-0.25,0.23,-0.25,0.24,1.0,0.93,0.1,0.93,0.14,0.9,0.62,0.04,0.62,0.2,1.4,0.92,0.11,0.92,0.94,0.8,0.51,0.12,0.51,0.55,1.2,0.49,0.02,0.49,1.04,1.1,0.65,0.04,0.65,0.85,1.2,0.7,0.04,0.7,0.87,0.8,0.39,0.24,0.39,0.44
65. point,204.06175070306537,92.963,0.9,0.87,0.04,0.87,0.03,1.0,0.9,0.12,0.9,0.04,0.8,0.65,0.14,0.65,0.26,1.3,1.21,0.36,1.21,0.39,0.3,0.17,0.12,0.17,0.19,0.7,0.26,0.05,0.26,0.49,0.9,0.62,0.12,0.62,0.66,1.1,0.37,0.07,0.37,1.05,0.4,0.18,0.11,0.18,0.27,0.9,0.56,0.13,0.56,0.62,0.5,0.43,0.08,0.43,0.06,0.6,-0.3,0.08,-0.3,0.47
65. point,223.07863120433566,94.699,1.0,-0.92,0.31,-0.92,0.25,0.6,0.2,0.02,0.2,0.39,0.3,-0.19,0.06,-0.19,0.13,0.6,0.26,0.02,0.26,0.24,0.6,0.46,0.09,0.46,0.36,1.3,0.98,0.06,0.98,0.63,0.5,0.33,0.07,0.33,0.26,1.0,0.85,0.09,0.85,0.51,1.0,0.38,0.08,0.38,0.94,0.8,0.66,0.0,0.66,0.36,0.5,-0.03,0.03,-0.03,0.39,0.4,0.42,0.03,0.42,0.13
65. point,206.76297057258586,94.927,1.2,1.22,0.02,1.22,0.18,0.5,0.19,0.02,0.19,0.33,1.5,1.37,0.14,1.37,0.08,0.2,0.17,0.16,0.17,0.15,1.5,1.41,0.04,1.41,0.63,0.6,0.52,0.01,0.52,0.23,0.8,0.73,0.06,0.73,0.32,0.6,0.52,0.05,0.52,0.31,1.1,1.11,0.15,1.11,0.07,0.3,0.23,0.01,0.23,0.22,1.1,0.98,0.2,0.98,0.53,1.1,0.71,0.03,0.71,0.85
65. point,213.30052719109722,95.565,1.3,1.13,0.05,1.13,0.43,1.4,1.32,0.06,1.32,0.34,1.1,1.05,0.14,1.05,0.08,1.2,1.17,0.1,1.17,0.36,1.1,1.13,0.04,1.13,0.05,0.8,0.41,0.1,0.41,0.67,0.9,0.91,0.11,0.91,0.09,1.1,0.94,0.11,0.94,0.59,0.9,0.65,0.04,0.65,0.51,1.2,1.14,0.16,1.14,0.14,1.2,0.7,0.11,0.7,0.89,0.3,-0.16,0.02,-0.16,0.02
65. point,189.19587839062459,95.015,0.2,0.02,0.15,0.02,0.17,0.4,0.31,0.14,0.31,0.15,0.9,-0.47,0.13,-0.47,0.74,0.6,0.02,0.07,0.02,0.37,0.2,-0.12,0.02,-0.12,0.21,1.2,-0.16,0.31,-0.16,1.17,1.0,0.49,0.08,0.49,0.84,1.1,0.96,0.03,0.96,0.52,2.0,1.47,0.05,1.47,0.45,0.6,0.57,0.07,0.57,0.01,0.6,0.58,0.04,0.58,0.15,0.2,0.14,0.02,0.14,0.15
65. point,241.616204961505,94.143,0.3,-0.06,0.04,-0.06,0.3,0.6,0.31,0.01,0.31,0.45,0.9,0.83,0.08,0.83,0.04,0.9,0.15,0.02,0.15,0.81,1.6,0.86,0.01,0.86,1.37,1.4,1.03,0.14,1.03,0.88,1.1,0.96,0.1,0.96,0.52,1.1,1.08,0.07,1.08,0.07,0.7,0.73,0.1,0.73,0.11,0.7,0.71,0.01,0.71,0.15,0.4,0.42,0.07,0.42,0.09,0.5,0.4,0.07,0.4,0.22
65. point,192.7448269085321,94.479,0.5,0.39,0.09,0.39,0.17,1.1,0.9,0.03,0.9,0.47,1.2,0.98,0.11,0.98,0.64,0.9,0.55,0.02,0.55,0.6,0.9,0.44,0.1,0.44,0.74,0.8,0.74,0.03,0.74,0.26,0.8,0.23,0.02,0.23,0.72,0.7,0.62,0.1,0.62,0.19,0.4,0.08,0.01,0.08,0.35,0.5,0.12,0.15,0.12,0.03,0.9,-0.81,0.09,-0.81,0.27,0.8,-0.51,0.19,-0.51,0.3
65. point,199.25143562845415,91.985,1.1,0.92,0.01,0.92,0.65,1.1,0.38,0.02,0.38,0.89,0.8,0.59,0.06,0.59,0.2,1.3,0.57,0.02,0.57,1.04,2.4,1.89,0.83,1.89,1.46,1.8,0.38,0.16,0.38,1.6,1.8,1.49,0.07,1.49,0.96,1.5,1.29,0.01,1.29,0.35,1.4,1.14,0.2,1.14,0.56,0.6,0.59,0.17,0.59,0.03,1.2,0.79,0.13,0.79,0.84,0.8,0.59,0.24,0.59,0.28
65. point,236.65491628106946,93.308,2.0,1.89,0.3,1.89,0.06,0.5,0.14,0.0,0.14,0.36,0.7,0.69,0.22,0.69,0.02,0.8,0.48,0.0,0.48,0.58,2.0,1.9,0.01,1.9,0.75,1.5,0.85,0.23,0.85,0.91,1.9,1.89,0.15,1.89,0.23,2.0,1.96,0.18,1.96,0.21,1.5,1.37,0.24,1.37,0.42,1.8,1.71,0.35,1.71,0.18,1.6,1.51,0.01,1.51,0.26,1.2,0.98,0.13,0.98,0.65
65. point,230.09090268848092,95.036,2.1,2.0,0.29,2.0,0.58,1.3,1.25,0.03,1.25,0.08,1.7,1.65,0.02,1.65,0.05,2.0,1.88,0.13,1.88,0.05,2.1,1.81,0.42,1.81,1.07,2.0,1.7,0.14,1.7,0.99,1.9,1.79,0.27,1.79,0.57,1.0,0.96,0.22,0.96,0.04,0.9,0.78,0.18,0.78,0.06,1.3,1.22,0.08,1.22,0.44,1.1,1.07,0.28,1.07,0.05,1.1,0.94,0.11,0.94,0.06
65. point,226.8345963472063,92.669,2.2,2.2,0.09,2.2,0.15,1.2,0.86,0.07,0.86,0.7,3.1,3.08,0.39,3.08,0.18,1.3,1.15,0.09,1.15,0.68,2.3,1.7,0.04,1.7,1.51,1.0,0.93,0.53,0.93,0.0,2.8,2.68,0.04,2.68,0.69,1.9,1.88,0.57,1.88,0.2,2.4,2.16,0.37,2.16,1.02,1.9,1.86,0.36,1.86,0.57,2.0,1.79,0.19,1.79,0.79,1.9,1.63,0.11,1.63,0.38
65. point,239.24767041708054,92.561,1.8,1.68,0.34,1.68,0.64,0.7,0.13,0.02,0.13,0.62,1.3,1.07,0.31,1.07,0.62,1.1,0.83,0.02,0.83,0.61,2.2,1.71,0.2,1.71,1.26,1.7,1.56,0.15,1.56,0.37,1.7,1.67,0.25,1.67,0.09,1.7,1.66,0.03,1.66,0.07,2.6,2.6,0.36,2.6,0.14,2.8,2.75,0.19,2.75,0.33,2.4,0.82,0.03,0.82,2.12,1.5,1.29,0.0,1.29,0.46
65. point,207.84422941231733,90.993,1.7,1.51,0.06,1.51,0.54,1.9,1.89,0.16,1.89,0.03,1.5,1.15,0.07,1.15,0.84,1.3,1.17,0.08,1.17,0.63,1.7,1.72,0.18,1.72,0.14,1.6,0.27,0.13,0.27,1.58,1.2,0.84,0.57,0.84,0.7,1.3,1.09,0.06,1.09,0.63,0.4,0.31,0.09,0.31,0.25,0.6,0.1,0.0,0.1,0.53,0.4,0.37,0.09,0.37,0.14,0.3,-0.16,0.02,-0.16,0.26
65. point,186.1147124759351,92.691,1.2,1.12,0.16,1.12,0.5,1.5,1.43,0.35,1.43,0.24,1.3,1.12,0.07,1.12,0.5,1.7,0.98,0.21,0.98,1.41,1.5,0.41,0.01,0.41,1.41,1.2,-0.38,0.1,-0.38,1.04,1.5,1.35,0.08,1.35,0.03,2.1,1.27,0.32,1.27,1.49,1.5,1.02,0.03,1.02,1.1,1.1,0.96,0.19,0.96,0.49,0.8,0.76,0.14,0.76,0.12,0.9,-0.38,0.44,-0.38,0.78
65. point,231.69207517737848,93.936,1.7,1.64,0.02,1.64,0.02,2.5,2.44,0.02,2.44,0.18,1.8,1.76,0.06,1.76,0.19,1.6,1.54,0.22,1.54,0.05,2.3,2.32,0.35,2.32,0.03,2.3,2.32,0.11,2.32,0.22,2.3,2.17,0.04,2.17,0.53,2.1,1.93,0.43,1.93,0.75,1.2,1.12,0.02,1.12,0.4,1.6,1.44,0.15,1.44,0.63,1.9,1.56,0.31,1.56,1.02,1.7,1.64,0.05,1.64,0.13
