Time,Position,Height above ground [m],X [m],Y [m],Z [m],Opening Angle [°],Stalling Angle Left [°],Stalling Angle Right [°],Roll Angle Left [°],Roll Angle Right [°],Yaw Angle Left [°],Yaw Angle Right [°],Speed hor. [km/h],Speed vert. [km/h],Speed resulting [km/h],W1_Speed,W1_Tangent,W1_Turbulence,W1_CleanTan,W1_Cross,W2_Speed,W2_Tangent,W2_Turbulence,W2_CleanTan,W2_Cross,W3_Speed,W3_Tangent,W3_Turbulence,W3_CleanTan,W3_Cross,W4_Speed,W4_Tangent,W4_Turbulence,W4_CleanTan,W4_Cross,W5_Speed,W5_Tangent,W5_Turbulence,W5_CleanTan,W5_Cross,W6_Speed,W6_Tangent,W6_Turbulence,W6_CleanTan,W6_Cross,W7_Speed,W7_Tangent,W7_Turbulence,W7_CleanTan,W7_Cross,W8_Speed,W8_Tangent,W8_Turbulence,W8_CleanTan,W8_Cross,W9_Speed,W9_Tangent,W9_Turbulence,W9_CleanTan,W9_Cross,W10_Speed,W10_Tangent,W10_Turbulence,W10_CleanTan,W10_Cross,W11_Speed,W11_Tangent,W11_Turbulence,W11_CleanTan,W11_Cross,W12_Speed,W12_Tangent,W12_Turbulence,W12_CleanTan,W12_Cross
3.927,0.0,2.93,0.04,0.0,-0.01,0.0,-11.5,-11.5,0.0,0.0,0.0,0.0,96.989,-19.733,98.976,1.3,1.26,0.16,1.26,0.35,1.6,1.54,0.09,1.54,0.15,1.0,0.94,0.17,0.94,0.19,1.3,1.29,0.03,1.29,0.13,1.1,0.97,0.06,0.97,0.57,1.1,0.97,0.03,0.97,0.53,1.5,1.27,0.25,1.27,0.63,0.3,0.23,0.06,0.23,0.02,0.4,0.3,0.06,0.3,0.22,0.8,0.72,0.05,0.72,0.27,0.8,0.77,0.02,0.77,0.09,0.1,0.03,0.01,0.03,0.07
3.977,0.27322404371584563,2.9190710382513663,0.39519125683059925,0.0,-0.06191256830601067,0.5464480874316913,-10.63251366120219,-10.807103825136616,0.5931693989071007,-0.9983606557376998,0.25409836065573643,-0.2893442622950805,96.80648633879781,-18.490377049180335,98.57545355191257,1.3,1.26,0.16,1.26,0.33360655737704925,1.6,1.5372677595628417,0.08453551912568309,1.5372677595628417,0.1554644808743169,0.9726775956284155,0.9263387978142077,0.17819672131147538,0.9263387978142077,0.19,1.3,1.2981967213114753,0.024535519125683088,1.2981967213114753,0.13546448087431692,1.1273224043715846,0.9918579234972676,0.0791256830601092,0.9918579234972676,0.5590710382513662,1.1,0.97,0.03,0.97,0.53,1.5,1.2672677595628417,0.25,1.2672677595628417,0.6381967213114754,0.32732240437158455,0.24092896174863385,0.046338797814207716,0.24092896174863385,0.03912568306010919,0.4,0.2945355191256831,0.06,0.2945355191256831,0.22,0.8,0.72,0.05,0.72,0.27,0.8,0.775464480874317,0.022732240437158456,0.775464480874317,0.08180327868852463,0.1,0.03273224043715846,0.007267759562841544,0.03273224043715846,0.07546448087431691
4.026999999999999,0.5464480874316888,2.9081420765027324,0.7503825136611955,0.0,-0.11382513661202087,1.0928961748633776,-9.765027322404388,-10.114207650273237,1.1863387978141962,-1.9967213114753908,0.5081967213114706,-0.5786885245901584,96.62397267759563,-17.24775409836068,98.17490710382515,1.3,1.26,0.16,1.26,0.31721311475409864,1.6,1.534535519125683,0.07907103825136623,1.534535519125683,0.16092896174863378,0.9453551912568311,0.9126775956284155,0.18639344262295068,0.9126775956284155,0.19,1.3,1.3063934426229507,0.019071038251366225,1.3063934426229507,0.14092896174863379,1.1546448087431689,1.013715846994535,0.09825136612021822,1.013715846994535,0.5481420765027324,1.1,0.97,0.03,0.97,0.53,1.5,1.264535519125683,0.25,1.264535519125683,0.6463934426229507,0.3546448087431689,0.25185792349726754,0.03267759562841556,0.25185792349726754,0.05825136612021821,0.4,0.2890710382513662,0.06,0.2890710382513662,0.22,0.8,0.72,0.05,0.72,0.27,0.8,0.7809289617486338,0.025464480874316887,0.7809289617486338,0.07360655737704934,0.1,0.03546448087431689,0.0045355191256831115,0.03546448087431689,0.08092896174863377
4.077,0.8196721311475392,2.8972131147540985,1.1055737704918012,0.0,-0.16573770491803247,1.6393442622950785,-8.897540983606563,-9.42131147540984,1.7795081967213076,-2.995081967213108,0.7622950819672116,-0.8680327868852441,96.44145901639344,-16.005131147540993,97.77436065573771,1.3,1.26,0.16,1.26,0.30081967213114763,1.6,1.5318032786885247,0.07360655737704921,1.5318032786885247,0.1663934426229508,0.918032786885246,0.8990163934426231,0.19459016393442619,0.8990163934426231,0.19,1.3,1.3145901639344262,0.013606557377049217,1.3145901639344262,0.1463934426229508,1.1819672131147538,1.035573770491803,0.11737704918032776,1.035573770491803,0.5372131147540984,1.1,0.97,0.03,0.97,0.53,1.5,1.2618032786885247,0.25,1.2618032786885247,0.6545901639344263,0.38196721311475396,0.2627868852459016,0.019016393442623035,0.2627868852459016,0.07737704918032774,0.4,0.2836065573770492,0.06,0.2836065573770492,0.22,0.8,0.72,0.05,0.72,0.27,0.8,0.7863934426229509,0.02819672131147539,0.7863934426229509,0.06540983606557382,0.1,0.03819672131147539,0.0018032786885246073,0.03819672131147539,0.08639344262295079
4.126999999999999,1.4146341463414338,2.8858536585365857,1.771219512195091,0.004146341463414339,-0.2621951219512151,2.663414634146294,-7.277219512195196,-8.126853658536646,2.8874878048779973,-4.85975609756089,1.2368292682926612,-1.4085365853658287,96.10041463414636,-13.684439024390352,97.08500000000004,1.3,1.26,0.16,1.26,0.29,1.6,1.53,0.07,1.53,0.17,0.9,0.89,0.2,0.89,0.19,1.3,1.32,0.01,1.32,0.15,1.2,1.05,0.13,1.05,0.53,1.1,0.97,0.03,0.97,0.53,1.5,1.26,0.25,1.26,0.66,0.4,0.27,0.01,0.27,0.09,0.4,0.28,0.06,0.28,0.22,0.8,0.72,0.05,0.72,0.27,0.8,0.79,0.03,0.79,0.06,0.1,0.04,0.0,0.04,0.09
4.177,2.6666666666666514,2.906666666666666,3.0733333333333173,0.003333333333333485,-0.42999999999999816,5.799999999999951,-2.71800000000007,-4.487666666666723,2.081666666666708,-6.5200000000000005,2.4366666666666488,-3.382666666666633,95.89099999999999,-11.378000000000005,96.56433333333334,1.3,1.26,0.16,1.26,0.29,1.6,1.53,0.07,1.53,0.17,0.9,0.89,0.2,0.89,0.19,1.3,1.32,0.01,1.32,0.15,1.2,1.05,0.13,1.05,0.53,1.1,0.97,0.03,0.97,0.53,1.5,1.26,0.25,1.26,0.66,0.4,0.27,0.01,0.27,0.09,0.4,0.28,0.06,0.28,0.22,0.8,0.72,0.05,0.72,0.27,0.8,0.79,0.03,0.79,0.06,0.1,0.04,0.0,0.04,0.09
4.2269999999999985,3.9487179487179085,2.9674358974358954,4.397179487179446,0.0,-0.593333333333328,10.979487179487005,3.3881794871792934,0.3812307692306143,-3.1474615384613553,-1.8455384615386592,4.140615384615328,-6.872384615384499,97.11935897435893,-12.963230769230698,97.9815384615384,1.3,1.26,0.16,1.26,0.29,1.6,1.53,0.07,1.53,0.17,0.9,0.89,0.2,0.89,0.19,1.3,1.32,0.01,1.32,0.15,1.2,1.05,0.13,1.05,0.53,1.1,0.97,0.03,0.97,0.53,1.5,1.26,0.25,1.26,0.66,0.4,0.27,0.01,0.27,0.09,0.4,0.28,0.06,0.28,0.22,0.8,0.72,0.05,0.72,0.27,0.8,0.79,0.03,0.79,0.06,0.1,0.04,0.0,0.04,0.09
4.276999999999999,10.61988304093567,3.3833918128654967,11.256081871345028,0.0,-1.723976608187134,35.549707602339176,12.096175438596493,9.061789473684211,9.347970760233913,-15.301690058479533,15.279877192982452,-20.886795321637425,96.3387134502924,-18.760643274853802,98.14998830409357,1.3,1.26,0.1538011695906433,1.26,0.27561403508771964,1.538011695906433,1.52140350877193,0.05280701754385981,1.52140350877193,0.16859649122807008,0.9380116959064331,0.9028070175438598,0.1885964912280701,0.9028070175438598,0.17760233918128662,1.361988304093567,1.333391812865497,0.0423976608187134,1.333391812865497,0.1485964912280701,1.161988304093567,1.0753801169590638,0.12818713450292368,1.0753801169590638,0.5018128654970763,1.1,0.9514035087719299,0.03,0.9514035087719299,0.4990058479532165,1.5,1.27,0.2685964912280701,1.27,0.6795906432748535,0.36198830409356697,0.2795906432748536,0.06,0.2795906432748536,0.08818713450292368,0.4,0.27520467836257323,0.06,0.27520467836257323,0.22,0.8,0.7138011695906432,0.05,0.7138011695906432,0.2761988304093567,0.8,0.7947953216374268,0.0385964912280701,0.7947953216374268,0.05280701754385981,0.161988304093567,0.048596491228070096,0.028596491228070092,0.048596491228070096,0.1009941520467835
4.326999999999998,10.766081871345024,3.3936257309941515,11.403742690058474,0.0,-1.7532163742690048,35.91520467836256,12.02687719298246,9.024947368421053,9.684520467836245,-15.289116959064328,15.483385964912273,-21.042643274853795,96.27190058479533,-18.65654970760234,98.06460818713451,1.3,1.26,0.15233918128654977,1.26,0.25807017543859717,1.5233918128654977,1.5170175438596494,0.04403508771929858,1.5170175438596494,0.1729824561403507,0.9233918128654977,0.8940350877192986,0.19298245614035073,0.8940350877192986,0.17467836257309954,1.3766081871345024,1.3436257309941517,0.04532163742690047,1.3436257309941517,0.15298245614035072,1.1766081871345024,1.100233918128654,0.1442690058479526,1.100233918128654,0.4857309941520474,1.1,0.9470175438596492,0.03,0.9470175438596492,0.4916959064327488,1.5,1.27,0.2729824561403507,1.27,0.6912865497076018,0.3766081871345024,0.29128654970760187,0.06,0.29128654970760187,0.1042690058479526,0.4,0.26935672514619907,0.06,0.26935672514619907,0.22,0.8,0.7123391812865497,0.05,0.7123391812865497,0.2776608187134503,0.8,0.800643274853801,0.04298245614035071,0.800643274853801,0.04403508771929858,0.17660818713450238,0.05298245614035071,0.03298245614035071,0.05298245614035071,0.10830409356725118
4.376999999999999,10.912280701754383,3.403859649122807,11.551403508771926,0.0,-1.7824561403508765,36.28070175438596,11.957578947368424,8.988105263157895,10.02107017543859,-15.276543859649124,15.686894736842099,-21.198491228070175,96.20508771929825,-18.552456140350877,97.97922807017544,1.3,1.26,0.15087719298245617,1.26,0.2405263157894741,1.5087719298245617,1.5126315789473685,0.035263157894737045,1.5126315789473685,0.17736842105263148,0.9087719298245618,0.8852631578947371,0.1973684210526315,0.8852631578947371,0.17175438596491235,1.3912280701754383,1.353859649122807,0.048245614035087654,1.353859649122807,0.1573684210526315,1.1912280701754383,1.125087719298245,0.16035087719298208,1.125087719298245,0.4696491228070179,1.1,0.9426315789473685,0.03,0.9426315789473685,0.48438596491228086,1.5,1.27,0.2773684210526315,1.27,0.7029824561403506,0.39122807017543826,0.3029824561403506,0.06,0.3029824561403506,0.12035087719298207,0.4,0.2635087719298247,0.06,0.2635087719298247,0.22,0.8,0.7108771929824561,0.05,0.7108771929824561,0.27912280701754383,0.8,0.8064912280701754,0.047368421052631476,0.8064912280701754,0.035263157894737045,0.19122807017543825,0.05736842105263147,0.037368421052631474,0.05736842105263147,0.11561403508771913
4.426999999999998,11.157480314960614,3.424173228346455,11.800629921259826,0.0015748031496061285,-1.8330708661417288,36.75196850393698,11.950330708661413,9.050566929133849,11.007409448818812,-15.79057480314955,15.996874015748011,-21.36680314960629,96.15728346456693,-18.64653543307085,97.95067716535432,1.3,1.26,0.15,1.26,0.23,1.5,1.51,0.03,1.51,0.18,0.9,0.88,0.2,0.88,0.17,1.4,1.36,0.05,1.36,0.16,1.2,1.14,0.17,1.14,0.46,1.1,0.94,0.03,0.94,0.48,1.5,1.27,0.28,1.27,0.71,0.4,0.31,0.06,0.31,0.13,0.4,0.26,0.06,0.26,0.22,0.8,0.71,0.05,0.71,0.28,0.8,0.81,0.05,0.81,0.03,0.2,0.06,0.04,0.06,0.12
4.4769999999999985,11.551181102362193,3.4596062992125973,12.202204724409437,0.00551181102362194,-1.9157480314960607,37.38188976377951,12.036157480314959,9.261984251968498,12.968433070866087,-17.094511811023587,16.466559055118097,-21.553811023622043,96.13799212598425,-19.03787401574802,98.00737007874015,1.3,1.26,0.15,1.26,0.23,1.5,1.51,0.03,1.51,0.18,0.9,0.88,0.2,0.88,0.17,1.4,1.36,0.05,1.36,0.16,1.2,1.14,0.17,1.14,0.46,1.1,0.94,0.03,0.94,0.48,1.5,1.27,0.28,1.27,0.71,0.4,0.31,0.06,0.31,0.13,0.4,0.26,0.06,0.26,0.22,0.8,0.71,0.05,0.71,0.28,0.8,0.81,0.05,0.81,0.03,0.2,0.06,0.04,0.06,0.12
4.5269999999999975,11.94488188976376,3.4950393700787385,12.603779527559036,0.00944881889763761,-1.9984251968503897,38.011811023622016,12.1219842519685,9.47340157480314,14.929456692913295,-18.398448818897577,16.936244094488167,-21.740818897637787,96.11870078740158,-19.42921259842518,98.06406299212598,1.3,1.26,0.15,1.26,0.23,1.5,1.51,0.03,1.51,0.18,0.9,0.88,0.2,0.88,0.17,1.4,1.36,0.05,1.36,0.16,1.2,1.14,0.17,1.14,0.46,1.1,0.94,0.03,0.94,0.48,1.5,1.27,0.28,1.27,0.71,0.4,0.31,0.06,0.31,0.13,0.4,0.26,0.06,0.26,0.22,0.8,0.71,0.05,0.71,0.28,0.8,0.81,0.05,0.81,0.03,0.2,0.06,0.04,0.06,0.12
4.576999999999998,13.131578947368372,3.6018421052631533,13.814210526315737,0.011315789473683707,-2.2389473684210417,39.34473684210521,12.47647368421052,9.763210526315811,19.16439473684206,-20.979684210526347,18.02007894736839,-22.131605263157876,96.13850000000001,-20.486473684210523,98.29773684210528,1.3,1.27,0.12,1.27,0.17,1.5,1.47,0.01,1.47,0.18,0.9,0.88,0.19,0.88,0.15,1.4,1.36,0.06,1.36,0.11,1.3,1.22,0.18,1.22,0.34,1.1,0.93,0.03,0.93,0.49,1.5,1.22,0.24,1.22,0.78,0.4,0.33,0.06,0.33,0.12,0.4,0.23,0.06,0.23,0.23,0.8,0.71,0.05,0.71,0.31,0.8,0.84,0.09,0.84,0.01,0.2,0.1,0.08,0.1,0.16
4.626999999999997,14.447368421052555,3.7247368421052554,15.15184210526308,0.02,-2.5328947368420875,40.255263157894746,12.819842105263115,9.529657894736818,21.9315526315786,-21.389973684210368,18.698473684210505,-22.327921052631602,95.97994736842107,-21.13594736842095,98.2827894736842,1.3,1.27,0.12,1.27,0.17,1.5,1.47,0.01,1.47,0.18,0.9,0.88,0.19,0.88,0.15,1.4,1.36,0.06,1.36,0.11,1.3,1.22,0.18,1.22,0.34,1.1,0.93,0.03,0.93,0.49,1.5,1.22,0.24,1.22,0.78,0.4,0.33,0.06,0.33,0.12,0.4,0.23,0.06,0.23,0.23,0.8,0.71,0.05,0.71,0.31,0.8,0.84,0.09,0.84,0.01,0.2,0.1,0.08,0.1,0.16
4.676999999999998,15.763157894736787,3.856315789473679,16.480789473684155,0.02763157894736788,-2.8431578947368292,40.12368421052632,13.181710526315785,9.494526315789487,26.538210526315638,-23.10128947368417,19.113526315789453,-21.82868421052634,95.7761052631579,-22.501289473684164,98.38615789473684,1.3,1.27,0.12,1.27,0.17,1.5,1.47,0.01,1.47,0.18,0.9,0.88,0.19,0.88,0.15,1.4,1.36,0.06,1.36,0.11,1.3,1.22,0.18,1.22,0.34,1.1,0.93,0.03,0.93,0.49,1.5,1.22,0.24,1.22,0.78,0.4,0.33,0.06,0.33,0.12,0.4,0.23,0.06,0.23,0.23,0.8,0.71,0.05,0.71,0.31,0.8,0.84,0.09,0.84,0.01,0.2,0.1,0.08,0.1,0.16
4.726999999999997,17.078947368420963,3.988684210526306,17.808947368420963,0.03,-3.1589473684210314,40.0,13.117368421052642,8.960105263157937,29.653815789473487,-23.679052631578923,19.58844736842102,-21.198578947368464,95.59668421052632,-23.448657894736783,98.43163157894736,1.3,1.27,0.12,1.27,0.17,1.5,1.47,0.01,1.47,0.18,0.9,0.88,0.19,0.88,0.15,1.4,1.36,0.06,1.36,0.11,1.3,1.22,0.18,1.22,0.34,1.1,0.93,0.03,0.93,0.49,1.5,1.22,0.24,1.22,0.78,0.4,0.33,0.06,0.33,0.12,0.4,0.23,0.06,0.23,0.23,0.8,0.71,0.05,0.71,0.31,0.8,0.84,0.09,0.84,0.01,0.2,0.1,0.08,0.1,0.16
4.7769999999999975,18.394736842105207,4.125526315789468,19.128684210526256,0.03394736842105205,-3.482631578947353,40.03947368421052,12.832500000000026,8.207736842105309,32.45973684210515,-23.70300000000003,20.102526315789447,-20.605684210526338,95.48563157894736,-24.255631578947337,98.5193947368421,1.3,1.27,0.12,1.27,0.17,1.5,1.47,0.01,1.47,0.18,0.9,0.88,0.19,0.88,0.15,1.4,1.36,0.06,1.36,0.11,1.3,1.22,0.18,1.22,0.34,1.1,0.93,0.03,0.93,0.49,1.5,1.22,0.24,1.22,0.78,0.4,0.33,0.06,0.33,0.12,0.4,0.23,0.06,0.23,0.23,0.8,0.71,0.05,0.71,0.31,0.8,0.84,0.09,0.84,0.01,0.2,0.1,0.08,0.1,0.16
4.826999999999996,19.71052631578938,4.258157894736832,20.443421052631486,0.04,-3.8247368421052386,39.95789473684212,12.285210526315828,7.513868421052661,34.74815789473669,-23.5749736842105,20.556552631578924,-20.015710526315836,95.38394736842106,-25.218894736842017,98.66289473684209,1.4421052631578757,1.341052631578938,0.06315789473684968,1.341052631578938,0.2197368421052565,1.571052631578938,1.505526315789469,0.01710526315789379,1.505526315789469,0.20842105263157515,0.9,0.8942105263157876,0.16157894736842485,0.8942105263157876,0.15,1.3289473684210622,1.2889473684210622,0.04578947368421242,1.2889473684210622,0.08157894736842485,1.3,1.2626315789473628,0.21552631578946896,1.2626315789473628,0.3257894736842124,1.1,0.93,0.01578947368421242,0.93,0.525526315789469,1.571052631578938,1.2057894736842123,0.2542105263157876,1.2057894736842123,0.8936842105263006,0.4,0.35842105263157514,0.0671052631578938,0.35842105263157514,0.12,0.4,0.23,0.04578947368421242,0.23,0.2371052631578938,0.8,0.71,0.05710526315789379,0.71,0.35263157894736274,0.871052631578938,0.8684210526315752,0.11131578947368137,0.8684210526315752,0.045526315789468946,0.2710526315789379,0.13552631578946894,0.10131578947368138,0.13552631578946894,0.19552631578946894
4.876999999999997,21.05263157894729,4.395263157894729,21.78210526315782,0.05,-4.1847368421052415,39.915789473684185,11.587842105263212,6.912263157894792,36.77705263157884,-23.60589473684214,20.915210526315768,-19.561578947368428,95.2393157894737,-26.350210526315742,98.81831578947369,1.5,1.37,0.04,1.37,0.24,1.6,1.52,0.02,1.52,0.22,0.9,0.9,0.15,0.9,0.15,1.3,1.26,0.04,1.26,0.07,1.3,1.28,0.23,1.28,0.32,1.1,0.93,0.01,0.93,0.54,1.6,1.2,0.26,1.2,0.94,0.4,0.37,0.07,0.37,0.12,0.4,0.23,0.04,0.23,0.24,0.8,0.71,0.06,0.71,0.37,0.9,0.88,0.12,0.88,0.06,0.3,0.15,0.11,0.15,0.21
4.926999999999996,22.378378378378265,4.524054054054044,23.094594594594483,0.05,-4.559729729729697,40.162162162162176,10.660567567567645,6.069918918918967,38.44729729729719,-23.221783783783774,21.210729729729717,-19.386432432432454,95.19916216216217,-27.262432432432337,99.02756756756754,1.5,1.37,0.04,1.37,0.24,1.6,1.52,0.02,1.52,0.22,0.9,0.9,0.15,0.9,0.15,1.3,1.26,0.04,1.26,0.07,1.3,1.28,0.23,1.28,0.32,1.1,0.93,0.01,0.93,0.54,1.6,1.2,0.26,1.2,0.94,0.4,0.37,0.07,0.37,0.12,0.4,0.23,0.04,0.23,0.24,0.8,0.71,0.06,0.71,0.37,0.9,0.88,0.12,0.88,0.06,0.3,0.15,0.11,0.15,0.21
4.976999999999997,23.71052631578938,4.651052631578938,24.413421052631485,0.05,-4.94605263157892,40.1,9.751421052631644,5.4950526315789885,39.69960526315781,-23.3343947368421,21.350605263157885,-19.113342105263175,95.16452631578947,-28.370868421052553,99.30492105263156,1.5,1.37,0.04,1.37,0.24,1.6,1.52,0.02,1.52,0.22,0.9,0.9,0.15,0.9,0.15,1.3,1.26,0.04,1.26,0.07,1.3,1.28,0.23,1.28,0.32,1.1,0.93,0.01,0.93,0.54,1.6,1.2,0.26,1.2,0.94,0.4,0.37,0.07,0.37,0.12,0.4,0.23,0.04,0.23,0.24,0.8,0.71,0.06,0.71,0.37,0.9,0.88,0.12,0.88,0.06,0.3,0.15,0.11,0.15,0.21
5.026999999999996,25.05405405405393,4.784864864864854,25.73297297297285,0.06,-5.346216216216178,39.77297297297304,8.882837837837911,5.082972972972989,41.02270270270259,-23.598675675675636,21.32218918918922,-18.76121621621626,95.13291891891892,-29.49143243243233,99.60027027027023,1.5,1.37,0.04,1.37,0.24,1.6,1.52,0.02,1.52,0.22,0.9,0.9,0.15,0.9,0.15,1.3,1.26,0.04,1.26,0.07,1.3,1.28,0.23,1.28,0.32,1.1,0.93,0.01,0.93,0.54,1.6,1.2,0.26,1.2,0.94,0.4,0.37,0.07,0.37,0.12,0.4,0.23,0.04,0.23,0.24,0.8,0.71,0.06,0.71,0.37,0.9,0.88,0.12,0.88,0.06,0.3,0.15,0.11,0.15,0.21
5.076999999999996,26.4054054054053,4.906486486486477,27.057297297297197,0.06,-5.7556756756756435,39.05675675675682,8.06297297297304,4.870405405405428,41.942432432432426,-23.75908108108111,20.929351351351393,-18.372972972972992,95.10062162162163,-30.55440540540533,99.88999999999999,1.5,1.3983783783783712,0.06837837837837112,1.3983783783783712,0.22783783783784095,1.6,1.536216216216212,0.03621621621621206,1.536216216216212,0.22810810810810603,0.9,0.9,0.15,0.9,0.15,1.25945945945947,1.227567567567576,0.06837837837837112,1.227567567567576,0.04567567567568191,1.3,1.23945945945947,0.19756756756757587,1.23945945945947,0.36054054054053014,1.1,0.925945945945947,0.01810810810810603,0.925945945945947,0.5724324324324241,1.55945945945947,1.1756756756756819,0.21540540540541683,1.1756756756756819,0.9318918918918939,0.44054054054053016,0.38216216216215904,0.07810810810810603,0.38216216216215904,0.11594594594594698,0.4,0.225945945945947,0.03594594594594698,0.225945945945947,0.24810810810810602,0.8,0.714054054054053,0.06810810810810602,0.714054054054053,0.38621621621621205,0.9,0.875945945945947,0.11189189189189397,0.875945945945947,0.07216216216215904,0.25945945945946985,0.15,0.09783783783784095,0.15,0.19783783783784095
5.126999999999995,27.756756756756626,5.028108108108096,28.37405405405393,0.06756756756756627,-6.182162162162121,38.094594594594696,7.238000000000077,4.768513513513508,41.79551351351355,-23.82281081081077,20.246108108108185,-18.083675675675707,95.03332432432434,-31.542081081080983,100.13243243243241,1.5,1.44,0.11,1.44,0.21,1.6,1.56,0.06,1.56,0.24,0.9,0.9,0.15,0.9,0.15,1.2,1.18,0.11,1.18,0.01,1.3,1.18,0.15,1.18,0.42,1.1,0.92,0.03,0.92,0.62,1.5,1.14,0.15,1.14,0.92,0.5,0.4,0.09,0.4,0.11,0.4,0.22,0.03,0.22,0.26,0.8,0.72,0.08,0.72,0.41,0.9,0.87,0.1,0.87,0.09,0.2,0.15,0.08,0.15,0.18
5.176999999999996,29.135135135135037,5.140810810810803,29.709729729729634,0.07,-6.634594594594562,37.11891891891898,6.406594594594657,4.716702702702726,41.153810810810874,-24.703081081080985,19.343162162162233,-17.931432432432423,94.9008918918919,-32.492594594594536,100.30978378378379,1.5,1.44,0.11,1.44,0.21,1.6,1.56,0.06,1.56,0.24,0.9,0.9,0.15,0.9,0.15,1.2,1.18,0.11,1.18,0.01,1.3,1.18,0.15,1.18,0.42,1.1,0.92,0.03,0.92,0.62,1.5,1.14,0.15,1.14,0.92,0.5,0.4,0.09,0.4,0.11,0.4,0.22,0.03,0.22,0.26,0.8,0.72,0.08,0.72,0.41,0.9,0.87,0.1,0.87,0.09,0.2,0.15,0.08,0.15,0.18
5.226999999999995,30.499999999999865,5.24499999999999,31.019999999999868,0.07,-7.089999999999954,36.35000000000007,5.562500000000081,4.311500000000054,40.46350000000003,-26.107499999999845,18.38850000000009,-18.090999999999976,94.75600000000001,-33.3754999999999,100.46249999999998,1.5,1.44,0.11,1.44,0.21,1.6,1.56,0.06,1.56,0.24,0.9,0.9,0.15,0.9,0.15,1.2,1.18,0.11,1.18,0.01,1.3,1.18,0.15,1.18,0.42,1.1,0.92,0.03,0.92,0.62,1.5,1.14,0.15,1.14,0.92,0.5,0.4,0.09,0.4,0.11,0.4,0.22,0.03,0.22,0.26,0.8,0.72,0.08,0.72,0.41,0.9,0.87,0.1,0.87,0.09,0.2,0.15,0.08,0.15,0.18
5.276999999999996,31.864864864864746,5.340540540540532,32.330270270270155,0.07,-7.562702702702662,35.84054054054057,4.71840540540548,3.565540540540615,39.77751351351359,-28.167486486486283,17.584324324324392,-18.32581081081079,94.69240540540541,-34.33883783783776,100.72678378378376,1.5,1.44,0.11,1.44,0.21,1.6,1.56,0.06,1.56,0.24,0.9,0.9,0.15,0.9,0.15,1.2,1.18,0.11,1.18,0.01,1.3,1.18,0.15,1.18,0.42,1.1,0.92,0.03,0.92,0.62,1.5,1.14,0.15,1.14,0.92,0.5,0.4,0.09,0.4,0.11,0.4,0.22,0.03,0.22,0.26,0.8,0.72,0.08,0.72,0.41,0.9,0.87,0.1,0.87,0.09,0.2,0.15,0.08,0.15,0.18
5.326999999999995,33.24999999999986,5.432499999999993,33.647499999999866,0.07,-8.04749999999995,35.42500000000004,3.819500000000093,2.5747500000000993,38.85325000000006,-30.47074999999983,16.914500000000064,-18.538999999999987,94.647,-35.352249999999884,101.03449999999997,1.5,1.44,0.11,1.44,0.21,1.6,1.56,0.06,1.56,0.24,0.9,0.92,0.12,0.92,0.14,1.2,1.18,0.11,1.18,0.01,1.3,1.18,0.15,1.18,0.42,1.2,0.92,0.09,0.92,0.72,1.5,1.14,0.15,1.14,0.92,0.5,0.4,0.09,0.4,0.11,0.4,0.22,0.03,0.22,0.26,0.8,0.72,0.08,0.72,0.41,0.9,0.87,0.1,0.87,0.09,0.2,0.15,0.08,0.15,0.18
5.376999999999995,34.638888888888765,5.508333333333326,34.96055555555544,0.07638888888888765,-8.539999999999955,34.94444444444449,2.8670833333334236,1.6599166666667426,37.940888888889,-32.45724999999979,16.306555555555608,-18.66363888888888,94.62555555555555,-36.40530555555547,101.38797222222219,1.5,1.44,0.11,1.44,0.21,1.6,1.56,0.06,1.56,0.24,0.9,0.92,0.12,0.92,0.14,1.2,1.18,0.11,1.18,0.01,1.3,1.18,0.15,1.18,0.42,1.2,0.92,0.09,0.92,0.72,1.5,1.14,0.15,1.14,0.92,0.5,0.4,0.09,0.4,0.11,0.4,0.22,0.03,0.22,0.26,0.8,0.72,0.08,0.72,0.41,0.9,0.87,0.1,0.87,0.09,0.2,0.15,0.08,0.15,0.18
5.426999999999994,36.02857142857126,5.580857142857138,36.266857142856985,0.08,-9.050857142857078,34.494285714285745,1.8877428571429706,0.9362000000000635,37.10514285714289,-34.10397142857137,15.73980000000006,-18.780714285714268,94.61405714285715,-37.40305714285701,101.73868571428567,1.5,1.44,0.11,1.44,0.21,1.6,1.56,0.06,1.56,0.24,0.9,0.92,0.12,0.92,0.14,1.2,1.18,0.11,1.18,0.01,1.3,1.18,0.15,1.18,0.42,1.2,0.92,0.09,0.92,0.72,1.5,1.14,0.15,1.14,0.92,0.5,0.4,0.09,0.4,0.11,0.4,0.22,0.03,0.22,0.26,0.8,0.72,0.08,0.72,0.41,0.9,0.87,0.1,0.87,0.09,0.2,0.15,0.08,0.15,0.18
5.476999999999995,37.4444444444443,5.6233333333333295,37.5933333333332,0.08,-9.588888888888835,34.21111111111114,0.9290000000000975,0.45122222222225994,36.46377777777792,-34.440333333333335,15.303666666666695,-18.889888888888883,94.56244444444445,-38.50388888888879,102.1013333333333,1.5,1.44,0.11,1.44,0.21,1.6,1.56,0.06,1.56,0.24,0.9,0.92,0.12,0.92,0.14,1.2,1.18,0.11,1.18,0.01,1.3,1.18,0.15,1.18,0.42,1.2,0.92,0.09,0.92,0.72,1.5,1.14,0.15,1.14,0.92,0.5,0.4,0.09,0.4,0.11,0.4,0.22,0.03,0.22,0.26,0.8,0.72,0.08,0.72,0.41,0.9,0.87,0.1,0.87,0.09,0.2,0.15,0.08,0.15,0.18
5.526999999999994,38.857142857142684,5.66571428571428,38.907142857142695,0.08,-10.125714285714219,33.92857142857146,0.04842857142867307,0.0845714285714731,35.4832857142858,-34.70357142857137,15.062571428571456,-18.87242857142858,94.50800000000001,-39.49399999999988,102.42857142857139,1.5,1.44,0.11,1.44,0.21,1.6,1.56,0.06,1.56,0.24,0.9,0.92,0.12,0.92,0.14,1.2,1.18,0.11,1.18,0.01,1.3,1.18,0.15,1.18,0.42,1.2,0.92,0.09,0.92,0.72,1.5,1.14,0.15,1.14,0.92,0.5,0.4,0.09,0.4,0.11,0.4,0.22,0.03,0.22,0.26,0.8,0.72,0.08,0.72,0.41,0.9,0.87,0.1,0.87,0.09,0.2,0.15,0.08,0.15,0.18
5.576999999999995,40.28571428571413,5.692857142857141,40.222857142856995,0.08,-10.68142857142851,33.642857142857174,-0.6499999999999364,-0.31942857142851927,34.938428571428645,-35.05414285714286,14.915000000000008,-18.74685714285716,94.46342857142857,-40.53628571428559,102.79442857142853,1.6,1.49,0.15,1.49,0.17,1.7,1.6,0.1,1.6,0.27,1.0,0.95,0.08,0.95,0.12,1.2,1.15,0.13,1.15,0.03,1.2,1.1,0.06,1.1,0.37,1.2,0.87,0.11,0.87,0.8,1.4,1.05,0.03,1.05,0.88,0.5,0.45,0.11,0.45,0.08,0.4,0.2,0.05,0.2,0.26,0.9,0.71,0.08,0.71,0.44,0.8,0.84,0.07,0.84,0.07,0.2,0.14,0.03,0.14,0.12
5.626999999999994,41.71428571428554,5.7,41.52999999999984,0.08,-11.252857142857069,33.35714285714289,-1.117142857142812,-0.7572857142856635,34.212714285714384,-34.93485714285717,14.870000000000001,-18.512571428571466,94.47414285714284,-41.618428571428446,103.2351428571428,1.6,1.49,0.15,1.49,0.17,1.7,1.6,0.1,1.6,0.27,1.0,0.95,0.08,0.95,0.12,1.2,1.15,0.13,1.15,0.03,1.2,1.1,0.06,1.1,0.37,1.2,0.87,0.11,0.87,0.8,1.4,1.05,0.03,1.05,0.88,0.5,0.45,0.11,0.45,0.08,0.4,0.2,0.05,0.2,0.26,0.9,0.71,0.08,0.71,0.44,0.8,0.84,0.07,0.84,0.07,0.2,0.14,0.03,0.14,0.12
5.676999999999994,43.14705882352925,5.688529411764708,42.83382352941162,0.08,-11.830294117646991,33.055882352941225,-1.396970588235273,-1.12132352941173,33.31414705882364,-34.56508823529418,14.893470588235287,-18.141882352941224,94.51626470588235,-42.58255882352931,103.6661764705882,1.6,1.49,0.15,1.49,0.17,1.7,1.6,0.1,1.6,0.27,1.0,0.95,0.08,0.95,0.12,1.2,1.15,0.13,1.15,0.03,1.2,1.1,0.06,1.1,0.37,1.2,0.87,0.11,0.87,0.8,1.4,1.05,0.03,1.05,0.88,0.5,0.45,0.11,0.45,0.08,0.4,0.2,0.05,0.2,0.26,0.9,0.71,0.08,0.71,0.44,0.8,0.84,0.07,0.84,0.07,0.2,0.14,0.03,0.14,0.12
5.726999999999993,44.59999999999981,5.668000000000004,44.14999999999983,0.08,-12.431999999999919,32.620000000000054,-1.5219999999999951,-1.3575999999999824,32.98079999999992,-33.886400000000116,14.993999999999978,-17.63760000000008,94.5084,-43.457799999999885,104.02179999999996,1.6,1.49,0.15,1.49,0.17,1.7,1.6,0.1,1.6,0.27,1.0,0.95,0.08,0.95,0.12,1.2,1.15,0.13,1.15,0.03,1.2,1.1,0.06,1.1,0.37,1.2,0.87,0.11,0.87,0.8,1.4,1.05,0.03,1.05,0.88,0.5,0.45,0.11,0.45,0.08,0.4,0.2,0.05,0.2,0.26,0.9,0.71,0.08,0.71,0.44,0.8,0.84,0.07,0.84,0.07,0.2,0.14,0.03,0.14,0.12
5.776999999999994,46.058823529411576,5.628235294117653,45.462941176470416,0.08,-13.045294117646977,32.18823529411769,-1.4965882352941318,-1.4897647058823378,33.29176470588238,-33.15458823529419,15.173705882352913,-17.066235294117714,94.5150588235294,-44.349705882352815,104.40305882352935,1.6,1.49,0.15,1.49,0.17,1.7,1.6,0.1,1.6,0.27,1.0,0.95,0.08,0.95,0.12,1.2,1.15,0.13,1.15,0.03,1.2,1.1,0.06,1.1,0.37,1.2,0.87,0.11,0.87,0.8,1.4,1.05,0.03,1.05,0.88,0.5,0.45,0.11,0.45,0.08,0.4,0.2,0.05,0.2,0.26,0.9,0.71,0.08,0.71,0.44,0.8,0.84,0.07,0.84,0.07,0.2,0.14,0.03,0.14,0.12
5.826999999999993,47.514285714285506,5.584571428571435,46.783142857142664,0.08514285714285504,-13.676285714285621,31.845714285714347,-1.4182857142857175,-1.5084000000000237,33.50617142857129,-32.43080000000014,15.387057142857113,-16.581257142857208,94.532,-45.297057142857,104.82462857142852,1.6,1.5208571428571303,0.1654285714285651,1.5208571428571303,0.15971428571428994,1.7,1.6051428571428552,0.0845714285714349,1.6051428571428552,0.2545714285714349,1.0,0.944857142857145,0.08,0.944857142857145,0.07371428571430469,1.2,1.1705714285714202,0.09400000000001477,1.1705714285714202,0.019714285714289934,1.0971428571428994,1.0434285714285947,0.06,1.0434285714285947,0.3288571428571597,1.2,0.864857142857145,0.11514285714285503,0.864857142857145,0.8308571428571302,1.2971428571428993,0.9934285714285946,0.10714285714282548,0.9934285714285946,0.7874285714286093,0.5,0.47571428571427515,0.11514285714285503,0.47571428571427515,0.05428571428572483,0.4,0.19485714285714498,0.06028571428571007,0.19485714285714498,0.2702857142857101,0.8485714285714497,0.6997142857142898,0.0645714285714349,0.6997142857142898,0.42971428571428993,0.8,0.8194285714285798,0.04942857142857987,0.8194285714285798,0.034000000000014775,0.2,0.12457142857143491,0.024857142857144965,0.12457142857143491,0.06857142857144967
5.876999999999994,48.94285714285697,5.541714285714291,48.087999999999845,0.08057142857143029,-14.304857142857067,31.7942857142857,-1.3968571428571455,-1.2880571428571732,34.42802857142846,-31.40988571428584,15.593714285714261,-16.243714285714322,94.47354285714286,-46.09342857142848,105.11868571428569,1.6,1.55,0.18,1.55,0.15,1.7,1.61,0.07,1.61,0.24,1.0,0.94,0.08,0.94,0.03,1.2,1.19,0.06,1.19,0.01,1.0,0.99,0.06,0.99,0.29,1.2,0.86,0.12,0.86,0.86,1.2,0.94,0.18,0.94,0.7,0.5,0.5,0.12,0.5,0.03,0.4,0.19,0.07,0.19,0.28,0.8,0.69,0.05,0.69,0.42,0.8,0.8,0.03,0.8,0.0,0.2,0.11,0.02,0.11,0.02
5.9269999999999925,50.38235294117625,5.4947058823529495,49.40794117647039,0.08529411764705004,-14.945882352941075,31.885294117647124,-1.4315882352941,-0.9886176470588686,35.03002941176469,-30.33035294117663,15.691323529411774,-16.026558823529445,94.39047058823529,-46.694794117646964,105.30949999999996,1.6,1.55,0.18,1.55,0.15,1.7,1.61,0.07,1.61,0.24,1.0,0.94,0.08,0.94,0.03,1.2,1.19,0.06,1.19,0.01,1.0,0.99,0.06,0.99,0.29,1.2,0.86,0.12,0.86,0.86,1.2,0.94,0.18,0.94,0.7,0.5,0.5,0.12,0.5,0.03,0.4,0.19,0.07,0.19,0.28,0.8,0.69,0.05,0.69,0.42,0.8,0.8,0.03,0.8,0.0,0.2,0.11,0.02,0.11,0.02
5.976999999999993,51.82857142857124,5.43685714285715,50.715714285714114,0.1265714285714248,-15.61114285714277,31.53428571428575,-1.5472857142856993,-0.6507142857143335,35.16039999999998,-29.892742857142853,15.631200000000009,-15.79697142857146,94.41782857142857,-47.292428571428495,105.59982857142853,1.6,1.55,0.18,1.55,0.15,1.7,1.61,0.07,1.61,0.24,1.0,0.94,0.08,0.94,0.03,1.2,1.19,0.06,1.19,0.01,1.0,0.99,0.06,0.99,0.29,1.2,0.86,0.12,0.86,0.86,1.2,0.94,0.18,0.94,0.7,0.5,0.5,0.12,0.5,0.03,0.4,0.19,0.07,0.19,0.28,0.8,0.69,0.05,0.69,0.42,0.8,0.8,0.03,0.8,0.0,0.2,0.11,0.02,0.11,0.02
6.026999999999992,53.28571428571406,5.388571428571438,52.03999999999979,0.1328571428571406,-16.274285714285607,31.24285714285719,-1.6651428571428386,-0.29300000000004794,35.293285714285695,-30.26657142857136,15.570714285714295,-15.506285714285768,94.40042857142859,-47.834714285714206,105.82885714285713,1.6,1.55,0.18,1.55,0.15,1.7,1.61,0.07,1.61,0.24,1.0,0.94,0.08,0.94,0.03,1.2,1.19,0.06,1.19,0.01,1.0,0.99,0.06,0.99,0.29,1.2,0.86,0.12,0.86,0.86,1.2,0.94,0.18,0.94,0.7,0.5,0.5,0.12,0.5,0.03,0.4,0.19,0.07,0.19,0.28,0.8,0.69,0.05,0.69,0.42,0.8,0.8,0.03,0.8,0.0,0.2,0.11,0.02,0.11,0.02
6.076999999999993,54.757575757575545,5.27666666666669,53.34909090909073,0.14,-17.011515151515038,30.948484848484892,-1.781333333333317,-0.21951515151513,35.42490909090907,-30.527696969696958,15.509696969696979,-15.249878787878812,94.3509696969697,-48.37824242424234,106.031303030303,1.6,1.55,0.18,1.55,0.15,1.7,1.61,0.07,1.61,0.24,1.0,0.94,0.08,0.94,0.03,1.2,1.19,0.06,1.19,0.01,1.0,0.99,0.06,0.99,0.29,1.2,0.86,0.12,0.86,0.86,1.2,0.94,0.18,0.94,0.7,0.5,0.5,0.12,0.5,0.03,0.4,0.19,0.07,0.19,0.28,0.8,0.69,0.05,0.69,0.42,0.8,0.8,0.03,0.8,0.0,0.2,0.11,0.02,0.11,0.02
6.126999999999992,56.27272727272702,5.087272727272758,54.667272727272504,0.14,-17.82999999999986,30.745454545454596,-1.8977272727272534,-0.43772727272723383,35.55645454545452,-30.565909090909088,15.449363636363646,-15.102090909090933,94.42163636363635,-48.98718181818172,106.37299999999995,1.6,1.55,0.18,1.55,0.15,1.7,1.61,0.07,1.61,0.24,1.0,0.94,0.08,0.94,0.03,1.2,1.19,0.06,1.19,0.01,1.0,0.99,0.06,0.99,0.29,1.2,0.86,0.12,0.86,0.86,1.2,0.94,0.18,0.94,0.7,0.5,0.5,0.12,0.5,0.03,0.4,0.19,0.07,0.19,0.28,0.8,0.69,0.05,0.69,0.42,0.8,0.8,0.03,0.8,0.0,0.2,0.11,0.02,0.11,0.02
6.1769999999999925,57.787878787878554,4.905454545454573,55.985454545454346,0.14787878787878558,-18.655454545454422,30.521212121212145,-2.0136666666666487,-0.6695454545454194,35.687545454545436,-30.593181818181815,15.389484848484857,-14.958939393939415,94.49739393939393,-49.59851515151506,106.72299999999996,1.6,1.55,0.18,1.55,0.15,1.7,1.61,0.07,1.61,0.24,1.0,0.94,0.08,0.94,0.03,1.2,1.19,0.06,1.19,0.01,1.0,0.99,0.06,0.99,0.29,1.2,0.86,0.12,0.86,0.86,1.2,0.94,0.18,0.94,0.7,0.5,0.5,0.12,0.5,0.03,0.4,0.19,0.07,0.19,0.28,0.8,0.69,0.05,0.69,0.42,0.8,0.8,0.03,0.8,0.0,0.2,0.11,0.02,0.11,0.02
6.226999999999991,59.33333333333307,4.723333333333362,57.31999999999977,0.15,-19.48999999999986,30.266666666666694,-2.1316666666666464,-0.9046666666666271,35.82099999999998,-30.620999999999995,15.32800000000001,-14.81266666666669,94.57466666666666,-50.2209999999999,107.0816666666666,1.6,1.55,0.18,1.55,0.15,1.7,1.61,0.07,1.61,0.24,1.0,0.94,0.08,0.94,0.03,1.2,1.19,0.06,1.19,0.01,1.0,0.99,0.06,0.99,0.29,1.2,0.86,0.12,0.86,0.86,1.2,0.94,0.18,0.94,0.7,0.5,0.5,0.12,0.5,0.03,0.4,0.19,0.07,0.19,0.28,0.8,0.69,0.05,0.69,0.42,0.8,0.8,0.03,0.8,0.0,0.2,0.11,0.02,0.11,0.02
6.276999999999992,60.84848484848461,4.556666666666693,58.62969696969677,0.15,-20.316666666666535,30.11515151515154,-2.2474848484848304,-1.1358181818181454,35.95196969696968,-30.648272727272722,15.268060606060615,-14.670242424242447,94.65042424242424,-50.83009090909081,107.4355454545454,1.6,1.55,0.18,1.55,0.15,1.7,1.61,0.07,1.61,0.24,1.0,0.94,0.08,0.94,0.03,1.2,1.19,0.06,1.19,0.01,1.0,0.99,0.06,0.99,0.29,1.2,0.86,0.12,0.86,0.86,1.2,0.94,0.18,0.94,0.7,0.5,0.5,0.12,0.5,0.03,0.4,0.19,0.07,0.19,0.28,0.8,0.69,0.05,0.69,0.42,0.8,0.8,0.03,0.8,0.0,0.2,0.11,0.02,0.11,0.02
6.326999999999991,62.39393939393912,4.400606060606089,59.968787878787644,0.16,-21.152727272727123,29.860606060606088,-2.3659393939393727,-1.3708787878787458,36.0852727272727,-30.677090909090904,15.206636363636374,-14.524969696969723,94.72730303030302,-51.451363636363524,107.79896969696964,1.6,1.55,0.18393939393939118,1.55,0.15787878787878235,1.6606060606060882,1.5981818181818266,0.062121212121217656,1.5981818181818266,0.24,0.9606060606060882,0.9281818181818264,0.08787878787878235,0.9281818181818264,0.018181818181826476,1.2393939393939117,1.2451515151514765,0.0757575757575647,1.2451515151514765,0.049393939393911755,1.0393939393939118,1.0215151515151295,0.03636363636365295,1.0215151515151295,0.2703030303030441,1.2393939393939117,0.86,0.12787878787878235,0.86,0.8915151515151294,1.2,0.9675757575757382,0.16818181818182648,0.9675757575757382,0.6645454545454794,0.5,0.5,0.11212121212121764,0.5,0.03,0.4,0.1939393939393912,0.06606060606060883,0.1939393939393912,0.28393939393939116,0.8,0.6821212121212177,0.04212121212121765,0.6821212121212177,0.42,0.8,0.8039393939393912,0.03787878787878235,0.8039393939393912,0.019696969696955877,0.2,0.11393939393939118,0.016060606060608825,0.11393939393939118,0.016060606060608825
6.376999999999992,63.909090909090665,4.25818181818184,61.28090909090888,0.16,-21.970909090908957,29.61818181818187,-2.48109090909089,-1.6011818181817805,36.216181818181795,-30.70436363636363,15.146636363636373,-14.382545454545479,94.80245454545454,-52.06045454545445,108.1565454545454,1.6,1.55,0.19,1.55,0.17,1.6,1.58,0.05,1.58,0.24,0.9,0.91,0.1,0.91,0.0,1.3,1.33,0.1,1.33,0.11,1.1,1.07,0.0,1.07,0.24,1.3,0.86,0.14,0.86,0.94,1.2,1.01,0.15,1.01,0.61,0.5,0.5,0.1,0.5,0.03,0.4,0.2,0.06,0.2,0.29,0.8,0.67,0.03,0.67,0.42,0.8,0.81,0.05,0.81,0.05,0.2,0.12,0.01,0.12,0.01
6.426999999999991,65.45454545454517,4.119090909090935,62.61090909090885,0.16454545454545172,-22.805454545454392,29.45454545454548,-2.599545454545433,-1.836090909090866,36.34909090909088,-30.732181818181814,15.085272727272738,-14.237272727272753,94.87972727272725,-52.680272727272616,108.5236363636363,1.6,1.55,0.19,1.55,0.17,1.6,1.58,0.05,1.58,0.24,0.9,0.91,0.1,0.91,0.0,1.3,1.33,0.1,1.33,0.11,1.1,1.07,0.0,1.07,0.24,1.3,0.86,0.14,0.86,0.94,1.2,1.01,0.15,1.01,0.61,0.5,0.5,0.1,0.5,0.03,0.4,0.2,0.06,0.2,0.29,0.8,0.67,0.03,0.67,0.42,0.8,0.81,0.05,0.81,0.05,0.2,0.12,0.01,0.12,0.01
6.476999999999991,66.96969696969671,3.9924242424242626,63.92363636363615,0.17,-23.623636363636226,29.206060606060657,-2.7146969696969507,-2.065424242424204,36.479393939393916,-30.759454545454542,15.02521212121213,-14.094848484848509,94.95548484848483,-53.28784848484838,108.88575757575751,1.6,1.55,0.19,1.55,0.17,1.6,1.58,0.05,1.58,0.24,0.9,0.91,0.1,0.91,0.0,1.3,1.33,0.1,1.33,0.11,1.1,1.07,0.0,1.07,0.24,1.3,0.86,0.14,0.86,0.94,1.2,1.01,0.15,1.01,0.61,0.5,0.5,0.1,0.5,0.03,0.4,0.2,0.06,0.2,0.29,0.8,0.67,0.03,0.67,0.42,0.8,0.81,0.05,0.81,0.05,0.2,0.12,0.01,0.12,0.01
6.52699999999999,68.51515151515122,3.8739393939394144,65.25303030303006,0.17,-24.45818181818166,28.996969696969757,-2.832151515151493,-2.2997878787878347,36.612303030303,-30.787272727272722,14.96439393939395,-13.949575757575785,95.03175757575757,-53.90706060606049,109.25715151515143,1.6,1.55,0.19,1.55,0.17,1.6,1.58,0.05,1.58,0.24,0.9,0.91,0.1,0.91,0.0,1.3,1.33,0.1,1.33,0.11,1.1,1.07,0.0,1.07,0.24,1.3,0.86,0.14,0.86,0.94,1.2,1.01,0.15,1.01,0.61,0.5,0.5,0.1,0.5,0.03,0.4,0.2,0.06,0.2,0.29,0.8,0.67,0.03,0.67,0.42,0.8,0.81,0.05,0.81,0.05,0.2,0.12,0.01,0.12,0.01
6.576999999999991,70.06060606060579,3.766363636363653,66.58212121212098,0.18,-25.292727272727127,28.79393939393942,-2.9496060606060395,-2.5341515151514735,36.7452121212121,-30.815090909090905,14.90357575757577,-13.804363636363663,95.10896969696968,-54.525303030302915,109.6297272727272,1.6,1.55,0.18,1.55,0.17,1.7,1.59,0.07,1.59,0.26,0.9,0.9,0.09,0.9,0.05,1.4,1.38,0.14,1.38,0.17,1.0,0.99,0.09,0.99,0.17,1.3,0.89,0.16,0.89,0.95,1.3,1.05,0.08,1.05,0.6,0.4,0.43,0.03,0.43,0.09,0.4,0.21,0.05,0.21,0.29,0.8,0.65,0.01,0.65,0.43,0.8,0.8,0.03,0.8,0.03,0.2,0.12,0.01,0.12,0.0
6.62699999999999,71.5937499999997,3.674375000000018,67.90062499999974,0.18,-26.120624999999837,28.58125000000006,-3.066124999999977,-2.766249999999954,36.87646874999997,-30.842687499999997,14.84284375000001,-13.661187500000029,95.18468749999998,-55.138906249999884,110.00228124999992,1.6,1.55,0.18,1.55,0.17,1.7,1.59,0.07,1.59,0.26,0.9,0.9,0.09,0.9,0.05,1.4,1.38,0.14,1.38,0.17,1.0,0.99,0.09,0.99,0.17,1.3,0.89,0.16,0.89,0.95,1.3,1.05,0.08,1.05,0.6,0.4,0.43,0.03,0.43,0.09,0.4,0.21,0.05,0.21,0.29,0.8,0.65,0.01,0.65,0.43,0.8,0.8,0.03,0.8,0.03,0.2,0.12,0.01,0.12,0.0
6.676999999999991,73.1249999999997,3.5937500000000147,69.21749999999975,0.18124999999999708,-26.94749999999984,28.375000000000057,-3.182499999999978,-2.997874999999956,37.00774999999997,-30.870249999999995,14.782125000000011,-13.518250000000027,95.26024999999998,-55.75087499999989,110.37562499999993,1.6,1.55,0.18,1.55,0.17,1.7,1.59,0.07,1.59,0.26,0.9,0.9,0.09,0.9,0.05,1.4,1.38,0.14,1.38,0.17,1.0,0.99,0.09,0.99,0.17,1.3,0.89,0.16,0.89,0.95,1.3,1.05,0.08,1.05,0.6,0.4,0.43,0.03,0.43,0.09,0.4,0.21,0.05,0.21,0.29,0.8,0.65,0.01,0.65,0.43,0.8,0.8,0.03,0.8,0.03,0.2,0.12,0.01,0.12,0.0
6.72699999999999,74.66666666666634,3.5166666666666826,70.54333333333305,0.19,-27.773333333333163,28.133333333333365,-3.299666666666642,-3.230666666666618,37.1403333333333,-30.897999999999993,14.722000000000012,-13.373333333333363,95.33733333333332,-56.36666666666654,110.75399999999992,1.6,1.55,0.18,1.55,0.17,1.7,1.59,0.07,1.59,0.26,0.9,0.9,0.09,0.9,0.05,1.4,1.38,0.14,1.38,0.17,1.0,0.99,0.09,0.99,0.17,1.3,0.89,0.16,0.89,0.95,1.3,1.05,0.08,1.05,0.6,0.4,0.43,0.03,0.43,0.09,0.4,0.21,0.05,0.21,0.29,0.8,0.65,0.01,0.65,0.43,0.8,0.8,0.03,0.8,0.03,0.2,0.12,0.01,0.12,0.0
6.77699999999999,76.21212121212093,3.453636363636372,71.8703030303028,0.19,-28.604545454545303,27.957575757575814,-3.4169090909090696,-3.4642424242423813,37.2722424242424,-30.925818181818176,14.660727272727284,-13.229060606060633,95.41360606060606,-56.98363636363625,111.13460606060599,1.6,1.55,0.18,1.55,0.17,1.7,1.59,0.07,1.59,0.26,0.9,0.9,0.09,0.9,0.05,1.4,1.38,0.14,1.38,0.17,1.0,0.99,0.09,0.99,0.17,1.3,0.89,0.16,0.89,0.95,1.3,1.05,0.08,1.05,0.6,0.4,0.43,0.03,0.43,0.09,0.4,0.21,0.05,0.21,0.29,0.8,0.65,0.01,0.65,0.43,0.8,0.8,0.03,0.8,0.03,0.2,0.12,0.01,0.12,0.0
6.826999999999989,77.74999999999967,3.40750000000001,73.18499999999972,0.19749999999999668,-29.43499999999982,27.725000000000033,-3.5329999999999746,-3.6972499999999497,37.40449999999997,-30.953499999999995,14.600750000000012,-13.08525000000003,95.48974999999999,-57.59724999999987,111.51599999999992,1.6,1.5425000000000033,0.16500000000000667,1.5425000000000033,0.13250000000001666,1.7,1.6274999999999833,0.09999999999998668,1.6274999999999833,0.27499999999999336,0.9,0.8850000000000067,0.09,0.8850000000000067,0.06499999999999334,1.4,1.3725000000000034,0.13250000000000334,1.3725000000000034,0.18499999999999334,1.0749999999999669,1.0349999999999802,0.05250000000001665,1.0349999999999802,0.14750000000001,1.3,0.9049999999999934,0.16,0.9049999999999934,0.95,1.3,1.0200000000000133,0.09499999999999334,1.0200000000000133,0.6149999999999933,0.4,0.40000000000001334,0.007500000000009992,0.40000000000001334,0.11249999999999,0.4,0.23999999999998667,0.035000000000006665,0.23999999999998667,0.28250000000000336,0.8,0.6425000000000034,0.002500000000003331,0.6425000000000034,0.43749999999999667,0.8,0.82249999999999,0.03749999999999667,0.82249999999999,0.007500000000009992,0.2,0.12,0.01,0.12,0.0
6.87699999999999,79.28124999999967,3.3643750000000066,74.50187499999973,0.2,-30.25906249999983,27.471875000000033,-3.6493749999999756,-3.9284687499999515,37.53518749999998,-30.981062499999993,14.540031250000013,-12.94256250000003,95.56578124999999,-58.20893749999987,111.89731249999991,1.6,1.54,0.16,1.54,0.12,1.7,1.64,0.11,1.64,0.28,0.9,0.88,0.09,0.88,0.07,1.4,1.37,0.13,1.37,0.19,1.1,1.05,0.04,1.05,0.14,1.3,0.91,0.16,0.91,0.95,1.3,1.01,0.1,1.01,0.62,0.4,0.39,0.0,0.39,0.12,0.4,0.25,0.03,0.25,0.28,0.8,0.64,0.0,0.64,0.44,0.8,0.83,0.04,0.83,0.0,0.2,0.12,0.01,0.12,0.0
6.926999999999989,80.81818181818149,3.341818181818185,75.82363636363608,0.2,-31.081818181818,27.318181818181852,-3.766181818181793,-4.159727272727223,37.66654545454543,-31.008727272727267,14.480090909090922,-12.798909090909122,95.64190909090907,-58.82145454545441,112.28236363636356,1.6,1.54,0.16,1.54,0.12,1.7,1.64,0.11,1.64,0.28,0.9,0.88,0.09,0.88,0.07,1.4,1.37,0.13,1.37,0.19,1.1,1.05,0.04,1.05,0.14,1.3,0.91,0.16,0.91,0.95,1.3,1.01,0.1,1.01,0.62,0.4,0.39,0.0,0.39,0.12,0.4,0.25,0.03,0.25,0.28,0.8,0.64,0.0,0.64,0.44,0.8,0.83,0.04,0.83,0.0,0.2,0.12,0.01,0.12,0.0
6.97699999999999,82.36363636363605,3.32,77.142727272727,0.21,-31.916363636363467,27.063636363636395,-3.88263636363634,-4.392909090909043,37.79890909090906,-31.03654545454545,14.418818181818194,-12.654181818181847,95.71781818181816,-59.43772727272715,112.67099999999992,1.6,1.54,0.16,1.54,0.12,1.7,1.64,0.11,1.64,0.28,0.9,0.88,0.09,0.88,0.07,1.4,1.37,0.13,1.37,0.19,1.1,1.05,0.04,1.05,0.14,1.3,0.91,0.16,0.91,0.95,1.3,1.01,0.1,1.01,0.62,0.4,0.39,0.0,0.39,0.12,0.4,0.25,0.03,0.25,0.28,0.8,0.64,0.0,0.64,0.44,0.8,0.83,0.04,0.83,0.0,0.2,0.12,0.01,0.12,0.0
7.026999999999989,83.90624999999963,3.32,78.46937499999969,0.21,-32.7403124999998,26.818750000000072,-3.999874999999972,-4.6258437499999445,37.93093749999997,-31.064312499999993,14.358656250000015,-12.510718750000034,95.79431249999999,-60.05259374999986,113.06128124999991,1.6,1.54,0.16,1.54,0.12,1.7,1.64,0.11,1.64,0.28,0.9,0.88,0.09,0.88,0.07,1.4,1.37,0.13,1.37,0.19,1.1,1.05,0.04,1.05,0.14,1.3,0.91,0.16,0.91,0.95,1.3,1.01,0.1,1.01,0.62,0.4,0.39,0.0,0.39,0.12,0.4,0.25,0.03,0.25,0.28,0.8,0.64,0.0,0.64,0.44,0.8,0.83,0.04,0.83,0.0,0.2,0.12,0.01,0.12,0.0
7.076999999999989,85.45454545454513,3.324545454545451,79.79636363636337,0.22,-33.57545454545437,26.654545454545488,-4.11654545454543,-4.859636363636315,38.06309090909088,-31.092181818181814,14.29727272727274,-12.365727272727302,95.87072727272725,-60.66936363636351,113.454909090909,1.6,1.5309090909090974,0.14636363636364613,1.5309090909090974,0.08363636363638967,1.7,1.64,0.11,1.64,0.28,0.9,0.88,0.08545454545454871,0.88,0.07,1.4,1.37,0.13,1.37,0.19,1.1,1.05,0.04,1.05,0.14,1.3,0.9236363636363538,0.1554545454545487,0.9236363636363538,0.9409090909090975,1.3,1.01,0.1,1.01,0.62,0.4,0.39,0.0,0.39,0.12,0.4,0.25,0.03,0.25,0.28,0.8,0.6354545454545487,0.0,0.6354545454545487,0.4490909090909026,0.8,0.83,0.04,0.83,0.0,0.2,0.12,0.01,0.12,0.0
7.126999999999988,86.99999999999964,3.349999999999993,81.11999999999969,0.22,-34.39999999999981,26.40000000000007,-4.2339999999999725,-5.092999999999946,38.19599999999997,-31.119999999999994,14.237000000000014,-12.222000000000033,95.94699999999999,-61.28599999999986,113.84999999999991,1.6,1.52,0.13,1.52,0.04,1.7,1.64,0.11,1.64,0.28,0.9,0.88,0.08,0.88,0.07,1.4,1.37,0.13,1.37,0.19,1.1,1.05,0.04,1.05,0.14,1.3,0.94,0.15,0.94,0.93,1.3,1.01,0.1,1.01,0.62,0.4,0.39,0.0,0.39,0.12,0.4,0.25,0.03,0.25,0.28,0.8,0.63,0.0,0.63,0.46,0.8,0.83,0.04,0.83,0.0,0.2,0.12,0.01,0.12,0.0
7.176999999999989,88.53124999999964,3.380624999999993,82.4368749999997,0.2253124999999965,-35.22687499999981,26.193750000000072,-4.349843749999973,-5.323218749999947,38.32668749999997,-31.147562499999992,14.176281250000013,-12.078593750000033,96.02303124999999,-61.89596874999986,114.24353124999992,1.6,1.52,0.13,1.52,0.04,1.7,1.64,0.11,1.64,0.28,0.9,0.88,0.08,0.88,0.07,1.4,1.37,0.13,1.37,0.19,1.1,1.05,0.04,1.05,0.14,1.3,0.94,0.15,0.94,0.93,1.3,1.01,0.1,1.01,0.62,0.4,0.39,0.0,0.39,0.12,0.4,0.25,0.03,0.25,0.28,0.8,0.63,0.0,0.63,0.46,0.8,0.83,0.04,0.83,0.0,0.2,0.12,0.01,0.12,0.0
7.226999999999988,90.09090909090872,3.4236363636363487,83.76818181818149,0.23,-36.06818181818162,25.990909090909128,-4.467909090909063,-5.558727272727216,38.45981818181815,-31.175636363636357,14.115363636363652,-11.93345454545458,96.10045454545453,-62.51818181818167,114.64654545454536,1.6,1.52,0.13,1.52,0.04,1.7,1.64,0.11,1.64,0.28,0.9,0.88,0.08,0.88,0.07,1.4,1.37,0.13,1.37,0.19,1.1,1.05,0.04,1.05,0.14,1.3,0.94,0.15,0.94,0.93,1.3,1.01,0.1,1.01,0.62,0.4,0.39,0.0,0.39,0.12,0.4,0.25,0.03,0.25,0.28,0.8,0.63,0.0,0.63,0.46,0.8,0.83,0.04,0.83,0.0,0.2,0.12,0.01,0.12,0.0
7.276999999999989,91.62499999999966,3.484999999999986,85.0874999999997,0.23,-36.88749999999981,25.77500000000007,-4.584499999999974,-5.790374999999948,38.59112499999997,-31.203249999999993,14.054625000000014,-11.789875000000032,96.17624999999998,-63.12937499999987,115.04449999999991,1.6,1.52,0.13,1.52,0.04,1.7,1.64,0.11,1.64,0.28,0.9,0.88,0.08,0.88,0.07,1.4,1.37,0.13,1.37,0.19,1.1,1.05,0.04,1.05,0.14,1.3,0.94,0.15,0.94,0.93,1.3,1.01,0.1,1.01,0.62,0.4,0.39,0.0,0.39,0.12,0.4,0.25,0.03,0.25,0.28,0.8,0.63,0.0,0.63,0.46,0.8,0.83,0.04,0.83,0.0,0.2,0.12,0.01,0.12,0.0
7.3269999999999875,93.1562499999996,3.5478124999999805,86.40437499999966,0.24,-37.71437499999979,25.56875000000008,-4.69987499999997,-6.021593749999941,38.72243749999997,-31.230812499999995,13.994750000000016,-11.646468750000036,96.25181249999999,-63.74034374999984,115.4439374999999,1.6,1.52,0.11,1.52,0.03,1.7,1.67,0.14,1.67,0.33,0.9,0.88,0.06,0.88,0.05,1.4,1.36,0.11,1.36,0.16,1.2,1.18,0.08,1.18,0.14,1.3,0.95,0.15,0.95,0.93,1.2,0.89,0.21,0.89,0.65,0.4,0.36,0.02,0.36,0.13,0.4,0.24,0.04,0.24,0.26,0.8,0.6,0.04,0.6,0.46,0.8,0.84,0.05,0.84,0.04,0.2,0.11,0.02,0.11,0.0
7.376999999999988,94.69696969696935,3.631818181818161,87.72242424242395,0.24,-38.539393939393754,25.330303030303064,-4.816969696969671,-6.2542424242423715,38.8542424242424,-31.258545454545448,13.933818181818197,-11.502484848484881,96.3281515151515,-64.35509090909076,115.84830303030294,1.6,1.52,0.11,1.52,0.03,1.7,1.67,0.14,1.67,0.33,0.9,0.88,0.06,0.88,0.05,1.4,1.36,0.11,1.36,0.16,1.2,1.18,0.08,1.18,0.14,1.3,0.95,0.15,0.95,0.93,1.2,0.89,0.21,0.89,0.65,0.4,0.36,0.02,0.36,0.13,0.4,0.24,0.04,0.24,0.26,0.8,0.6,0.04,0.6,0.46,0.8,0.84,0.05,0.84,0.04,0.2,0.11,0.02,0.11,0.0
7.426999999999987,96.24242424242387,3.724545454545432,89.04848484848452,0.24242424242423863,-39.37090909090889,25.151515151515227,-4.934424242424214,-6.487606060606003,38.98660606060603,-31.286363636363628,13.873303030303045,-11.358454545454581,96.40487878787877,-64.97172727272712,116.25524242424233,1.6,1.52,0.11,1.52,0.03,1.7,1.67,0.14,1.67,0.33,0.9,0.88,0.06,0.88,0.05,1.4,1.36,0.11,1.36,0.16,1.2,1.18,0.08,1.18,0.14,1.3,0.95,0.15,0.95,0.93,1.2,0.89,0.21,0.89,0.65,0.4,0.36,0.02,0.36,0.13,0.4,0.24,0.04,0.24,0.26,0.8,0.6,0.04,0.6,0.46,0.8,0.84,0.05,0.84,0.04,0.2,0.11,0.02,0.11,0.0
7.476999999999988,97.78124999999962,3.8246874999999734,90.36406249999968,0.25,-40.1940624999998,24.921875000000036,-5.050593749999972,-6.7191874999999435,39.11818749999997,-31.314062499999995,13.812531250000015,-11.215343750000036,96.48028124999998,-65.58415624999985,116.6614687499999,1.6,1.52,0.11,1.52,0.03,1.7,1.67,0.14,1.67,0.33,0.9,0.88,0.06,0.88,0.05,1.4,1.36,0.11,1.36,0.16,1.2,1.18,0.08,1.18,0.14,1.3,0.95,0.15,0.95,0.93,1.2,0.89,0.21,0.89,0.65,0.4,0.36,0.02,0.36,0.13,0.4,0.24,0.04,0.24,0.26,0.8,0.6,0.04,0.6,0.46,0.8,0.84,0.05,0.84,0.04,0.2,0.11,0.02,0.11,0.0
7.526999999999987,99.34374999999959,3.924062499999971,91.70218749999965,0.25,-41.032187499999786,24.66562500000004,-5.167781249999969,-6.953562499999938,39.250874999999965,-31.341843749999992,13.751593750000017,-11.070031250000039,96.55784374999998,-66.20312499999983,117.07374999999989,1.6,1.52,0.11,1.52,0.03,1.7,1.67,0.14,1.67,0.33,0.9,0.88,0.06,0.88,0.05,1.4,1.36,0.11,1.36,0.16,1.2,1.18,0.08,1.18,0.14,1.3,0.95,0.15,0.95,0.93,1.2,0.89,0.21,0.89,0.65,0.4,0.36,0.02,0.36,0.13,0.4,0.24,0.04,0.24,0.26,0.8,0.6,0.04,0.6,0.46,0.8,0.84,0.05,0.84,0.04,0.2,0.11,0.02,0.11,0.0
7.5769999999999875,100.9062499999996,4.024374999999977,93.03031249999967,0.2590624999999961,-41.860312499999786,24.509375000000038,-5.284968749999971,-7.187937499999941,39.383031249999966,-31.369312499999992,13.690656250000014,-10.925625000000036,96.63440624999998,-66.82096874999985,117.4871562499999,1.5093750000000392,1.4837500000000157,0.0646875000000196,1.4837500000000157,0.057187499999988234,1.7,1.6337500000000156,0.0946875000000196,1.6337500000000156,0.3753124999999804,0.9,0.8528125000000117,0.06906249999999609,0.8528125000000117,0.06812499999999216,1.4,1.369062499999996,0.11,1.369062499999996,0.12375000000001568,1.1093750000000393,1.0893750000000393,0.016562500000027444,1.0893750000000393,0.25781249999994904,1.3,0.9409375000000039,0.13187500000000785,0.9409375000000039,0.9118750000000079,1.1093750000000393,0.8446875000000196,0.21,0.8446875000000196,0.7134374999999725,0.4,0.3328125000000118,0.03812499999999216,0.3328125000000118,0.11187500000000784,0.4,0.23093750000000393,0.04906249999999608,0.23093750000000393,0.2509375000000039,0.7093750000000392,0.5818750000000078,0.07624999999998432,0.5818750000000078,0.43281250000001176,0.8906249999999608,0.8853124999999804,0.08624999999998431,0.8853124999999804,0.06718749999998824,0.2,0.10093750000000393,0.02,0.10093750000000393,0.009062499999996079
7.6269999999999865,102.43749999999957,4.126249999999974,94.33187499999964,0.26,-42.68187499999978,24.256250000000044,-5.400249999999968,-7.416624999999937,39.513187499999965,-31.39687499999999,13.630937500000016,-10.783750000000039,96.70943749999998,-67.42624999999983,117.89437499999988,1.5,1.48,0.06,1.48,0.06,1.7,1.63,0.09,1.63,0.38,0.9,0.85,0.07,0.85,0.07,1.4,1.37,0.11,1.37,0.12,1.1,1.08,0.01,1.08,0.27,1.3,0.94,0.13,0.94,0.91,1.1,0.84,0.21,0.84,0.72,0.4,0.33,0.04,0.33,0.11,0.4,0.23,0.05,0.23,0.25,0.7,0.58,0.08,0.58,0.43,0.9,0.89,0.09,0.89,0.07,0.2,0.1,0.02,0.1,0.01
7.676999999999987,103.99999999999962,4.229999999999973,95.65999999999967,0.26,-43.50999999999979,24.10000000000004,-5.5179999999999705,-7.650999999999941,39.645999999999965,-31.424999999999994,13.570000000000016,-10.639000000000035,96.78599999999999,-68.04399999999984,118.3119999999999,1.5,1.48,0.06,1.48,0.06,1.7,1.63,0.09,1.63,0.38,0.9,0.85,0.07,0.85,0.07,1.4,1.37,0.11,1.37,0.12,1.1,1.08,0.01,1.08,0.27,1.3,0.94,0.13,0.94,0.91,1.1,0.84,0.21,0.84,0.72,0.4,0.33,0.04,0.33,0.11,0.4,0.23,0.05,0.23,0.25,0.7,0.58,0.08,0.58,0.43,0.9,0.89,0.09,0.89,0.07,0.2,0.1,0.02,0.1,0.01
7.726999999999986,105.56249999999957,4.33937499999997,96.98812499999964,0.27,-44.348124999999776,23.843750000000043,-5.635187499999969,-7.884374999999936,39.778812499999965,-31.452562499999996,13.509062500000017,-10.494250000000038,96.86256249999998,-68.66218749999983,118.73074999999989,1.5,1.48,0.06,1.48,0.06,1.7,1.63,0.09,1.63,0.38,0.9,0.85,0.07,0.85,0.07,1.4,1.37,0.11,1.37,0.12,1.1,1.08,0.01,1.08,0.27,1.3,0.94,0.13,0.94,0.91,1.1,0.84,0.21,0.84,0.72,0.4,0.33,0.04,0.33,0.11,0.4,0.23,0.05,0.23,0.25,0.7,0.58,0.08,0.58,0.43,0.9,0.89,0.09,0.89,0.07,0.2,0.1,0.02,0.1,0.01
7.776999999999987,107.16129032258021,4.4,98.32225806451578,0.27161290322580217,-45.233548387096526,23.667741935483956,-5.806677419354773,-8.52961290322548,39.22935483871008,-31.11796774193571,13.387354838709733,-10.434129032258049,96.97793548387092,-69.16722580645153,119.11806451612894,1.5,1.48,0.06,1.48,0.06,1.7,1.63,0.09,1.63,0.38,0.9,0.85,0.07,0.85,0.07,1.4,1.37,0.11,1.37,0.12,1.1,1.08,0.01,1.08,0.27,1.3,0.94,0.13,0.94,0.91,1.1,0.84,0.21,0.84,0.72,0.4,0.33,0.04,0.33,0.11,0.4,0.23,0.05,0.23,0.25,0.7,0.58,0.08,0.58,0.43,0.9,0.89,0.09,0.89,0.07,0.2,0.1,0.02,0.1,0.01
7.826999999999986,108.79999999999951,4.4,99.6579999999996,0.28,-46.18399999999972,23.10000000000024,-6.087799999999908,-9.835599999999596,38.24040000000012,-30.88259999999988,13.01440000000016,-10.313200000000093,97.17879999999992,-69.5271999999999,119.49079999999988,1.5,1.448000000000019,0.020000000000023978,1.448000000000019,0.11599999999996644,1.620000000000048,1.5420000000000527,0.03400000000003357,1.5420000000000527,0.3959999999999904,0.979999999999952,0.929999999999952,0.0859999999999904,0.929999999999952,0.2379999999998993,1.4,1.3859999999999904,0.1020000000000048,1.3859999999999904,0.12,0.940000000000096,0.9440000000000816,0.15399999999991368,0.9440000000000816,0.2380000000000192,1.3,0.9320000000000048,0.09000000000002398,0.9320000000000048,0.8780000000000192,1.1,0.7200000000000719,0.26599999999996643,0.7200000000000719,0.7759999999999665,0.32000000000004797,0.2660000000000384,0.09599999999996645,0.2660000000000384,0.07800000000001919,0.32000000000004797,0.23,0.05,0.23,0.22600000000001438,0.620000000000048,0.540000000000024,0.12799999999997125,0.540000000000024,0.38200000000002876,0.9,0.9219999999999808,0.0979999999999952,0.9219999999999808,0.10199999999998083,0.2,0.07600000000001439,0.012000000000004797,0.07600000000001439,0.025999999999990406
7.8769999999999865,110.46666666666621,4.4,101.0226666666663,0.2846666666666621,-47.1606666666664,21.88000000000041,-6.3825333333332654,-11.19566666666632,37.74706666666689,-31.33199999999993,12.313066666666899,-9.856733333333494,97.40833333333327,-69.95166666666654,119.92466666666655,1.5,1.44,0.01,1.44,0.13,1.6,1.52,0.02,1.52,0.4,1.0,0.95,0.09,0.95,0.28,1.4,1.39,0.1,1.39,0.12,0.9,0.91,0.19,0.91,0.23,1.3,0.93,0.08,0.93,0.87,1.1,0.69,0.28,0.69,0.79,0.3,0.25,0.11,0.25,0.07,0.3,0.23,0.05,0.23,0.22,0.6,0.53,0.14,0.53,0.37,0.9,0.93,0.1,0.93,0.11,0.2,0.07,0.01,0.07,0.03
7.926999999999985,112.13333333333284,4.398666666666672,102.3779999999996,0.29,-48.13733333333305,20.48000000000044,-6.569866666666638,-12.319199999999732,37.18140000000006,-32.00786666666629,11.422133333333612,-9.296400000000151,97.60273333333328,-70.38213333333323,120.33279999999989,1.5,1.44,0.01,1.44,0.13,1.6,1.52,0.02,1.52,0.4,1.0,0.95,0.09,0.95,0.28,1.4,1.39,0.1,1.39,0.12,0.9,0.91,0.19,0.91,0.23,1.3,0.93,0.08,0.93,0.87,1.1,0.69,0.28,0.69,0.79,0.3,0.25,0.11,0.25,0.07,0.3,0.23,0.05,0.23,0.22,0.6,0.53,0.14,0.53,0.37,0.9,0.93,0.1,0.93,0.11,0.2,0.07,0.01,0.07,0.03
7.976999999999986,113.79999999999954,4.382000000000004,103.72799999999962,0.29799999999999544,-49.11199999999973,19.060000000000365,-6.660999999999977,-12.84699999999997,37.15899999999995,-32.556600000000074,10.517800000000234,-8.817200000000119,97.75199999999997,-70.73479999999991,120.66079999999992,1.5,1.44,0.01,1.44,0.13,1.6,1.52,0.02,1.52,0.4,1.0,0.95,0.09,0.95,0.28,1.4,1.39,0.1,1.39,0.12,0.9,0.91,0.19,0.91,0.23,1.3,0.93,0.08,0.93,0.87,1.1,0.69,0.28,0.69,0.79,0.3,0.25,0.11,0.25,0.07,0.3,0.23,0.05,0.23,0.22,0.6,0.53,0.14,0.53,0.37,0.9,0.93,0.1,0.93,0.11,0.2,0.07,0.01,0.07,0.03
8.026999999999985,115.46666666666619,4.375333333333338,105.08266666666627,0.3046666666666618,-50.095333333333045,18.013333333333527,-6.648066666666711,-12.688466666666791,38.07026666666611,-31.372933333334004,9.745733333333526,-8.522533333333364,97.83393333333332,-71.0565999999999,120.91679999999994,1.5,1.44,0.01,1.44,0.13,1.6,1.52,0.02,1.52,0.4,1.0,0.95,0.09,0.95,0.28,1.4,1.39,0.1,1.39,0.12,0.9,0.91,0.19,0.91,0.23,1.3,0.93,0.08,0.93,0.87,1.1,0.69,0.28,0.69,0.79,0.3,0.25,0.11,0.25,0.07,0.3,0.23,0.05,0.23,0.22,0.6,0.53,0.14,0.53,0.37,0.9,0.93,0.1,0.93,0.11,0.2,0.07,0.01,0.07,0.03
8.076999999999986,117.13333333333284,4.37,106.4379999999996,0.31133333333332847,-51.07866666666638,17.473333333333432,-6.5144666666666975,-12.132200000000221,39.344533333333246,-29.63046666666693,9.241533333333411,-8.429466666666691,97.8835333333333,-71.37659999999991,121.14526666666659,1.5,1.44,0.01,1.44,0.13,1.6,1.52,0.02,1.52,0.4,1.0,0.95,0.09,0.95,0.28,1.4,1.39,0.1,1.39,0.12,0.9,0.91,0.19,0.91,0.23,1.2,0.91,0.04,0.91,0.83,1.1,0.69,0.28,0.69,0.79,0.3,0.25,0.11,0.25,0.07,0.3,0.23,0.05,0.23,0.22,0.6,0.53,0.14,0.53,0.37,0.9,0.93,0.1,0.93,0.11,0.2,0.07,0.01,0.07,0.03
8.126999999999985,118.82758620689603,4.36172413793104,107.8103448275858,0.32,-52.07827586206866,17.3,-6.459,-11.479620689655334,40.02124137931002,-28.81637931034504,9.138413793103426,-8.511965517241302,97.98558620689651,-71.60010344827582,121.35893103448271,1.5,1.44,0.01,1.44,0.13,1.6,1.52,0.02,1.52,0.4,1.0,0.95,0.09,0.95,0.28,1.4,1.39,0.1,1.39,0.12,0.9,0.91,0.19,0.91,0.23,1.2,0.91,0.04,0.91,0.83,1.1,0.69,0.28,0.69,0.79,0.3,0.25,0.11,0.25,0.07,0.3,0.23,0.05,0.23,0.22,0.6,0.53,0.14,0.53,0.37,0.9,0.93,0.1,0.93,0.11,0.2,0.07,0.01,0.07,0.03
8.176999999999985,120.4999999999995,4.37,109.1649999999996,0.31499999999999495,-53.064999999999706,17.4999999999999,-6.4914999999999825,-10.995500000000144,41.340999999999525,-28.1570000000002,9.333999999999907,-8.815499999999908,98.09849999999997,-71.75549999999993,121.54199999999993,1.5,1.44,0.01,1.44,0.13,1.6,1.52,0.02,1.52,0.4,1.0,0.95,0.09,0.95,0.28,1.4,1.39,0.1,1.39,0.12,0.9,0.91,0.19,0.91,0.23,1.2,0.91,0.04,0.91,0.83,1.1,0.69,0.28,0.69,0.79,0.3,0.25,0.11,0.25,0.07,0.3,0.23,0.05,0.23,0.22,0.6,0.53,0.14,0.53,0.37,0.9,0.93,0.1,0.93,0.11,0.2,0.07,0.01,0.07,0.03
8.226999999999984,122.17241379310292,4.358275862068971,110.51965517241337,0.3234482758620585,-54.053448275861754,18.23793103448234,-6.599793103448219,-10.51703448275877,43.28124137930956,-27.502931034482963,9.698206896551584,-9.124724137930938,98.2202413793103,-72.05827586206885,121.81937931034471,1.5,1.44,0.01,1.44,0.13,1.6,1.52,0.02,1.52,0.4,1.0,0.95,0.09,0.95,0.28,1.4,1.39,0.1,1.39,0.12,0.9,0.91,0.19,0.91,0.23,1.2,0.91,0.04,0.91,0.83,1.1,0.69,0.28,0.69,0.79,0.3,0.25,0.11,0.25,0.07,0.3,0.23,0.05,0.23,0.22,0.6,0.53,0.14,0.53,0.37,0.9,0.93,0.1,0.93,0.11,0.2,0.07,0.01,0.07,0.03
8.276999999999985,123.86666666666615,4.341333333333338,111.88333333333291,0.34,-55.06999999999969,19.333333333333076,-6.763666666666623,-10.260333333333346,45.16773333333295,-27.240799999999965,10.058666666666584,-9.509266666666528,98.41306666666661,-72.49333333333318,122.2323333333332,1.5,1.44,0.01,1.44,0.13,1.6,1.52,0.02,1.52,0.4,1.0,0.95,0.09,0.95,0.28,1.4,1.39,0.1,1.39,0.12,0.9,0.91,0.19,0.91,0.23,1.2,0.91,0.04,0.91,0.83,1.1,0.69,0.28,0.69,0.79,0.3,0.25,0.11,0.25,0.07,0.3,0.23,0.05,0.23,0.22,0.6,0.53,0.14,0.53,0.37,0.9,0.93,0.1,0.93,0.11,0.2,0.07,0.01,0.07,0.03
8.326999999999984,125.56666666666612,4.334333333333339,113.25899999999956,0.3456666666666613,-56.07999999999968,19.856666666666612,-6.871966666666647,-10.36789999999994,46.13586666666638,-26.997500000000333,10.130333333333386,-9.963299999999872,98.62489999999994,-72.98403333333319,122.69339999999987,1.6133333333332256,1.5306666666665805,0.09499999999991918,1.5306666666665805,0.1809999999999515,1.5433333333333872,1.4860000000000324,0.05966666666662894,1.4860000000000324,0.3773333333333549,1.056666666666613,0.9783333333333064,0.12399999999996766,0.9783333333333064,0.32533333333329023,1.4,1.3843333333333385,0.08866666666667744,1.3843333333333385,0.13133333333332256,0.9,0.870333333333371,0.2183333333333064,0.870333333333371,0.269666666666629,1.2,0.9156666666666613,0.023000000000016167,0.9156666666666613,0.8073333333333549,1.1,0.6673333333333549,0.2573333333333549,0.6673333333333549,0.8239999999999676,0.3,0.23866666666667746,0.11566666666666128,0.23866666666667746,0.04733333333335489,0.3,0.23566666666666128,0.05,0.23566666666666128,0.2143333333333387,0.6,0.5243333333333388,0.15133333333332255,0.5243333333333388,0.3473333333333549,0.9566666666666128,0.9469999999999839,0.11699999999998384,0.9469999999999839,0.11,0.2,0.07566666666666128,0.01,0.07566666666666128,0.03566666666666128
8.376999999999985,127.275862068965,4.32724137931035,114.63344827586164,0.35275862068964997,-57.105517241379,19.7172413793105,-6.883689655172435,-10.54382758620685,46.89065517241364,-26.18362068965531,9.75931034482779,-10.340344827586105,98.80548275862064,-73.58844827586182,123.19906896551704,1.7,1.6,0.16,1.6,0.22,1.5,1.46,0.09,1.46,0.36,1.1,1.0,0.15,1.0,0.36,1.4,1.38,0.08,1.38,0.14,0.9,0.84,0.24,0.84,0.3,1.2,0.92,0.01,0.92,0.79,1.1,0.65,0.24,0.65,0.85,0.3,0.23,0.12,0.23,0.03,0.3,0.24,0.05,0.24,0.21,0.6,0.52,0.16,0.52,0.33,1.0,0.96,0.13,0.96,0.11,0.2,0.08,0.01,0.08,0.04
8.426999999999984,128.9666666666661,4.310333333333339,115.99333333333287,0.36,-58.119999999999656,19.21000000000017,-6.905233333333303,-10.696966666666613,46.926166666666774,-25.73386666666682,8.980033333333624,-10.67149999999989,98.98906666666659,-74.00876666666663,123.59749999999993,1.7,1.6,0.16,1.6,0.22,1.5,1.46,0.09,1.46,0.36,1.1,1.0,0.15,1.0,0.36,1.4,1.38,0.08,1.38,0.14,0.9,0.84,0.24,0.84,0.3,1.2,0.92,0.01,0.92,0.79,1.1,0.65,0.24,0.65,0.85,0.3,0.23,0.12,0.23,0.03,0.3,0.24,0.05,0.24,0.21,0.6,0.52,0.16,0.52,0.33,1.0,0.96,0.13,0.96,0.11,0.2,0.08,0.01,0.08,0.04
8.476999999999984,130.68965517241324,4.303103448275867,117.37862068965471,0.36,-59.15379310344794,18.655172413793384,-7.046275862068926,-10.83275862068962,46.60441379310339,-25.607965517241258,7.951344827586574,-10.978137931034398,99.1810689655172,-74.04934482758608,123.77499999999988,1.7,1.6,0.16,1.6,0.22,1.5,1.46,0.09,1.46,0.36,1.1,1.0,0.15,1.0,0.36,1.4,1.38,0.08,1.38,0.14,0.9,0.84,0.24,0.84,0.3,1.2,0.92,0.01,0.92,0.79,1.1,0.65,0.24,0.65,0.85,0.3,0.23,0.12,0.23,0.03,0.3,0.24,0.05,0.24,0.21,0.6,0.52,0.16,0.52,0.33,1.0,0.96,0.13,0.96,0.11,0.2,0.08,0.01,0.08,0.04
8.526999999999983,132.4137931034477,4.295862068965523,118.76103448275815,0.36,-60.18827586206861,17.934482758620927,-7.153517241379279,-11.031275862068851,46.40710344827613,-26.03217241379293,6.849862068965886,-11.275827586206775,99.34337931034477,-74.39724137931024,124.11296551724126,1.7,1.6,0.16,1.6,0.22,1.5,1.46,0.09,1.46,0.36,1.1,1.0,0.15,1.0,0.36,1.4,1.38,0.08,1.38,0.14,0.9,0.84,0.24,0.84,0.3,1.2,0.92,0.01,0.92,0.79,1.1,0.65,0.24,0.65,0.85,0.3,0.23,0.12,0.23,0.03,0.3,0.24,0.05,0.24,0.21,0.6,0.52,0.16,0.52,0.33,1.0,0.96,0.13,0.96,0.11,0.2,0.08,0.01,0.08,0.04
8.576999999999984,134.1379310344822,4.28,120.14034482758575,0.3613793103448219,-61.224137931034136,17.14482758620712,-7.108827586206975,-11.311862068965452,45.99541379310342,-26.435103448275775,5.77255172413829,-11.605586206896456,99.50089655172408,-74.68651724137922,124.41351724137922,1.7,1.64,0.16,1.64,0.26,1.5,1.46,0.09,1.46,0.36,1.2,1.12,0.27,1.12,0.46,1.3,1.29,0.01,1.29,0.17,0.9,0.82,0.21,0.82,0.35,1.2,0.93,0.0,0.93,0.74,1.1,0.62,0.18,0.62,0.91,0.3,0.16,0.11,0.16,0.04,0.3,0.24,0.05,0.24,0.21,0.6,0.47,0.19,0.47,0.32,1.0,0.93,0.09,0.93,0.07,0.1,0.07,0.03,0.07,0.05
8.626999999999983,135.86206896551664,4.271379310344833,121.52827586206848,0.36137931034483356,-62.267241379309986,16.455172413793342,-6.841586206896654,-11.467034482758583,45.83937931034497,-26.475620689655234,4.789793103448578,-11.861620689655096,99.63020689655168,-74.98479310344815,124.69541379310334,1.7,1.64,0.16,1.64,0.26,1.5,1.46,0.09,1.46,0.36,1.2,1.12,0.27,1.12,0.46,1.3,1.29,0.01,1.29,0.17,0.9,0.82,0.21,0.82,0.35,1.2,0.93,0.0,0.93,0.74,1.1,0.62,0.18,0.62,0.91,0.3,0.16,0.11,0.16,0.04,0.3,0.24,0.05,0.24,0.21,0.6,0.47,0.19,0.47,0.32,1.0,0.93,0.09,0.93,0.07,0.1,0.07,0.03,0.07,0.05
8.676999999999984,137.58620689655115,4.2641379310344885,122.90896551724092,0.35413793103448843,-63.30758620689621,15.882758620689769,-6.544103448275957,-11.50206896551726,45.1773448275865,-26.516896551723978,4.088241379310511,-12.017137931034457,99.74099999999997,-75.2440689655172,124.94086206896546,1.7,1.64,0.16,1.64,0.26,1.5,1.46,0.09,1.46,0.36,1.2,1.12,0.27,1.12,0.46,1.3,1.29,0.01,1.29,0.17,0.9,0.82,0.21,0.82,0.35,1.2,0.93,0.0,0.93,0.74,1.1,0.62,0.18,0.62,0.91,0.3,0.16,0.11,0.16,0.04,0.3,0.24,0.05,0.24,0.21,0.6,0.47,0.19,0.47,0.32,1.0,0.93,0.09,0.93,0.07,0.1,0.07,0.03,0.07,0.05
8.726999999999983,139.3103448275856,4.26,124.28827586206849,0.3468965517241439,-64.34620689655137,15.7,-6.344896551724162,-11.4773448275862,44.506482758620805,-26.496862068965793,3.837517241379263,-12.072482758620685,99.90099999999991,-75.4676896551723,125.20486206896537,1.7,1.64,0.16,1.64,0.26,1.5,1.46,0.09,1.46,0.36,1.2,1.12,0.27,1.12,0.46,1.3,1.29,0.01,1.29,0.17,0.9,0.82,0.21,0.82,0.35,1.2,0.93,0.0,0.93,0.74,1.1,0.62,0.18,0.62,0.91,0.3,0.16,0.11,0.16,0.04,0.3,0.24,0.05,0.24,0.21,0.6,0.47,0.19,0.47,0.32,1.0,0.93,0.09,0.93,0.07,0.1,0.07,0.03,0.07,0.05
8.776999999999983,141.03571428571368,4.259642857142863,125.66857142857096,0.32964285714286307,-65.39142857142822,15.707142857142738,-6.2776428571428795,-11.501464285714277,44.171071428571544,-26.155035714285596,3.9727499999999547,-11.920607142857282,100.0224285714286,-75.5925714285715,125.3780714285715,1.7,1.64,0.16,1.64,0.26,1.5,1.46,0.09,1.46,0.36,1.2,1.12,0.27,1.12,0.46,1.3,1.29,0.01,1.29,0.17,0.9,0.82,0.21,0.82,0.35,1.2,0.93,0.0,0.93,0.74,1.1,0.62,0.18,0.62,0.91,0.3,0.16,0.11,0.16,0.04,0.3,0.24,0.05,0.24,0.21,0.6,0.47,0.19,0.47,0.32,1.0,0.93,0.09,0.93,0.07,0.1,0.07,0.03,0.07,0.05
8.826999999999982,142.79310344827525,4.25,127.07448275862019,0.3120689655172476,-66.4537931034479,15.979310344827525,-6.210068965517266,-11.524310344827578,43.83093103448287,-26.502034482758496,4.108862068965469,-11.508413793103594,99.94431034482761,-75.3738620689656,125.185551724138,1.7,1.64,0.16,1.64,0.26,1.5,1.46,0.09,1.46,0.36,1.2,1.12,0.27,1.12,0.46,1.3,1.29,0.01,1.29,0.17,0.9,0.82,0.21,0.82,0.35,1.2,0.93,0.007931034482752411,0.93,0.7241379310344952,1.1,0.62,0.18,0.62,0.91,0.3,0.16,0.11,0.16,0.04,0.3,0.24,0.05,0.24,0.21,0.6,0.47,0.19,0.47,0.32,1.0,0.93,0.09,0.93,0.07,0.1,0.07,0.03,0.07,0.05
8.876999999999983,144.51724137930975,4.25,128.4537931034478,0.3048275862069025,-67.49551724137896,16.306896551723902,-6.328517241379172,-11.546724137931026,43.63106896551724,-26.84293103448264,4.43779310344806,-11.102931034482898,99.93441379310342,-75.36044827586197,125.17051724137923,1.7,1.64,0.16,1.64,0.26,1.5,1.46,0.09,1.46,0.36,1.2,1.12,0.27,1.12,0.46,1.3,1.29,0.01,1.29,0.17,0.9,0.82,0.21,0.82,0.35,1.2,0.93,0.01,0.93,0.72,1.1,0.62,0.18,0.62,0.91,0.3,0.16,0.11,0.16,0.04,0.3,0.24,0.05,0.24,0.21,0.6,0.47,0.19,0.47,0.32,1.0,0.93,0.09,0.93,0.07,0.1,0.07,0.03,0.07,0.05
8.926999999999982,146.27586206896487,4.25,129.85344827586155,0.28724137931035126,-68.55827586206857,16.910344827585952,-6.732068965517096,-11.569586206896544,43.94227586206869,-27.191344827586082,5.0760344827583905,-10.68844827586222,100.04313793103444,-75.57268965517238,125.38572413793098,1.7,1.64,0.16,1.64,0.26,1.5,1.46,0.09,1.46,0.36,1.2,1.12,0.27,1.12,0.46,1.3,1.29,0.01,1.29,0.17,0.9,0.82,0.21,0.82,0.35,1.2,0.93,0.01,0.93,0.72,1.1,0.62,0.18,0.62,0.91,0.3,0.16,0.11,0.16,0.04,0.3,0.24,0.05,0.24,0.21,0.6,0.47,0.19,0.47,0.32,1.0,0.93,0.09,0.93,0.07,0.1,0.07,0.03,0.07,0.05
8.976999999999983,147.99999999999937,4.259999999999994,131.2299999999995,0.2700000000000061,-69.59999999999962,17.599999999999756,-7.196999999999815,-11.591999999999993,44.56299999999982,-27.530999999999878,5.79299999999972,-10.284000000000145,100.22699999999992,-75.74999999999991,125.63999999999989,1.7,1.64,0.16,1.64,0.26,1.5,1.46,0.09,1.46,0.36,1.2,1.12,0.27,1.12,0.46,1.3,1.29,0.01,1.29,0.17,0.9,0.82,0.21,0.82,0.35,1.2,0.93,0.01,0.93,0.72,1.1,0.62,0.18,0.62,0.91,0.3,0.16,0.11,0.16,0.04,0.3,0.24,0.05,0.24,0.21,0.6,0.47,0.19,0.47,0.32,1.0,0.93,0.09,0.93,0.07,0.1,0.07,0.03,0.07,0.05
9.026999999999981,149.75862068965452,4.26,132.63689655172362,0.2448275862069098,-70.67275862068925,17.493103448276393,-7.79065517241357,-11.61486206896551,45.03506896551704,-27.876689655172285,6.674068965516909,-9.874241379310499,100.58024137931017,-76.31779310344794,126.26489655172381,1.7,1.64,0.16,1.64,0.26,1.5,1.46,0.09,1.46,0.36,1.2,1.12,0.27,1.12,0.46,1.3,1.29,0.01,1.29,0.17,0.9,0.82,0.21,0.82,0.35,1.2,0.93,0.01,0.93,0.72,1.1,0.62,0.18,0.62,0.91,0.3,0.16,0.11,0.16,0.04,0.3,0.24,0.05,0.24,0.21,0.6,0.47,0.19,0.47,0.32,1.0,0.93,0.09,0.93,0.07,0.1,0.07,0.03,0.07,0.05
9.076999999999982,151.53571428571365,4.26,134.05857142857093,0.21464285714286338,-71.74678571428534,16.6,-8.405857142856918,-11.640571428571418,44.93607142857179,-28.11503571428569,7.468071428571201,-9.354821428571666,100.93885714285707,-77.045607142857,126.99410714285699,1.6464285714286337,1.6078571428571802,0.10107142857149712,1.6078571428571802,0.27071428571427325,1.5,1.46,0.09,1.46,0.36,1.2535714285713662,1.12,0.2646428571428634,1.12,0.4760714285714099,1.3,1.2685714285714536,0.031428571428546506,1.2685714285714536,0.1485714285714535,0.9535714285713662,0.846785714285683,0.12428571428581399,0.846785714285683,0.44642857142845926,1.2,0.9353571428571367,0.01,0.9353571428571367,0.7146428571428634,1.1,0.6574999999999563,0.14250000000004362,0.6574999999999563,0.8885714285714535,0.35357142857136625,0.17071428571427325,0.07785714285718025,0.17071428571427325,0.018571428571453497,0.3,0.22392857142859013,0.05,0.22392857142859013,0.22071428571427326,0.6,0.43785714285718025,0.19,0.43785714285718025,0.3414285714285465,0.8928571428572675,0.8550000000000872,0.07928571428572675,0.8550000000000872,0.03785714285718025,0.1,0.07,0.040714285714273254,0.07,0.05
9.126999999999981,153.28571428571362,4.257142857142863,135.44571428571376,0.19428571428572772,-72.8142857142853,16.47142857142864,-9.002428571428363,-11.678571428571408,43.991428571428884,-27.820000000000324,7.988999999999868,-8.739857142857348,101.09914285714281,-77.46157142857129,127.37299999999988,1.6,1.58,0.05,1.58,0.28,1.5,1.46,0.09,1.46,0.36,1.3,1.12,0.26,1.12,0.49,1.3,1.25,0.05,1.25,0.13,1.0,0.87,0.05,0.87,0.53,1.2,0.94,0.01,0.94,0.71,1.1,0.69,0.11,0.69,0.87,0.4,0.18,0.05,0.18,0.0,0.3,0.21,0.05,0.21,0.23,0.6,0.41,0.19,0.41,0.36,0.8,0.79,0.07,0.79,0.01,0.1,0.07,0.05,0.07,0.05
9.176999999999982,155.0714285714279,4.239285714285721,136.85642857142804,0.169285714285721,-73.90285714285675,16.18571428571442,-9.453642857142748,-11.653357142857196,42.95828571428621,-26.77992857142906,8.221214285714264,-8.246428571428726,101.25435714285706,-77.82571428571416,127.71807142857129,1.6,1.58,0.05,1.58,0.28,1.5,1.46,0.09,1.46,0.36,1.3,1.12,0.26,1.12,0.49,1.3,1.25,0.05,1.25,0.13,1.0,0.87,0.05,0.87,0.53,1.2,0.94,0.01,0.94,0.71,1.1,0.69,0.11,0.69,0.87,0.4,0.18,0.05,0.18,0.0,0.3,0.21,0.05,0.21,0.23,0.6,0.41,0.19,0.41,0.36,0.8,0.79,0.07,0.79,0.01,0.1,0.07,0.05,0.07,0.05
9.22699999999998,156.85714285714218,4.221428571428578,138.26714285714232,0.1514285714285782,-74.98285714285672,15.914285714285782,-9.563857142857175,-11.431714285714403,41.74071428571471,-25.891285714285885,8.227714285714304,-7.922142857142943,101.4401428571428,-78.03142857142855,127.99199999999993,1.6,1.58,0.05,1.58,0.28,1.5,1.46,0.09,1.46,0.36,1.3,1.12,0.26,1.12,0.49,1.3,1.25,0.05,1.25,0.13,1.0,0.87,0.05,0.87,0.53,1.2,0.94,0.01,0.94,0.71,1.1,0.69,0.11,0.69,0.87,0.4,0.18,0.05,0.18,0.0,0.3,0.21,0.05,0.21,0.23,0.6,0.41,0.19,0.41,0.36,0.8,0.79,0.07,0.79,0.01,0.1,0.07,0.05,0.07,0.05
9.276999999999981,158.64285714285646,4.193571428571436,139.6778571428566,0.12357142857143541,-76.07214285714245,15.828571428571292,-9.312285714285876,-11.12142857142868,40.85528571428594,-25.657571428571462,8.235214285714244,-7.853357142857096,101.61721428571421,-78.10242857142852,128.17564285714278,1.6,1.58,0.05,1.58,0.28,1.5,1.46,0.09,1.46,0.36,1.3,1.12,0.26,1.12,0.49,1.3,1.25,0.05,1.25,0.13,1.0,0.87,0.05,0.87,0.53,1.2,0.94,0.01,0.94,0.71,1.1,0.69,0.11,0.69,0.87,0.4,0.18,0.05,0.18,0.0,0.3,0.21,0.05,0.21,0.23,0.6,0.41,0.19,0.41,0.36,0.8,0.79,0.07,0.79,0.01,0.1,0.07,0.05,0.07,0.05
9.32699999999998,160.42857142857073,4.165714285714293,141.08857142857087,0.1014285714285852,-77.15142857142816,16.314285714285372,-8.826714285714509,-10.959857142857137,40.60985714285704,-25.702571428571332,8.42557142857131,-8.135999999999802,101.81742857142851,-78.2584285714285,128.42957142857134,1.6,1.58,0.05,1.58,0.28,1.5,1.46,0.09,1.46,0.36,1.3,1.12,0.26,1.12,0.49,1.3,1.25,0.05,1.25,0.13,1.0,0.87,0.05,0.87,0.53,1.2,0.98,0.02,0.98,0.66,1.1,0.69,0.11,0.69,0.87,0.4,0.18,0.05,0.18,0.0,0.3,0.21,0.05,0.21,0.23,0.6,0.41,0.19,0.41,0.36,0.8,0.79,0.07,0.79,0.01,0.1,0.07,0.05,0.07,0.05
9.376999999999981,162.21428571428504,4.133571428571448,142.49928571428518,0.07785714285714966,-78.24071428571386,16.821428571428505,-8.150857142857454,-10.911857142857198,40.45721428571458,-25.798571428571478,8.625071428571417,-8.559928571428461,102.03957142857134,-78.46885714285705,128.73599999999985,1.6,1.58,0.05,1.58,0.28,1.5,1.46,0.09,1.46,0.36,1.3,1.12,0.26,1.12,0.49,1.3,1.25,0.05,1.25,0.13,1.0,0.87,0.05,0.87,0.53,1.2,0.98,0.02,0.98,0.66,1.1,0.69,0.11,0.69,0.87,0.4,0.18,0.05,0.18,0.0,0.3,0.21,0.05,0.21,0.23,0.6,0.41,0.19,0.41,0.36,0.8,0.79,0.07,0.79,0.01,0.1,0.07,0.05,0.07,0.05
9.42699999999998,163.9999999999993,4.090000000000014,143.90999999999946,0.050000000000013964,-79.31999999999958,16.700000000000138,-7.266000000000366,-10.770000000000055,39.75100000000025,-25.67000000000005,8.48100000000011,-8.849999999999886,102.25399999999993,-78.585,128.98099999999994,1.6,1.58,0.05,1.58,0.28,1.5,1.46,0.09,1.46,0.36,1.3,1.12,0.26,1.12,0.49,1.3,1.25,0.05,1.25,0.13,1.0,0.87,0.05,0.87,0.53,1.2,0.98,0.02,0.98,0.66,1.1,0.69,0.11,0.69,0.87,0.4,0.18,0.05,0.18,0.0,0.3,0.21,0.05,0.21,0.23,0.6,0.41,0.19,0.41,0.36,0.8,0.79,0.07,0.79,0.01,0.1,0.07,0.05,0.07,0.05
9.47699999999998,165.8214285714279,4.053571428571442,145.34892857142805,0.031785714285720995,-80.42285714285674,16.08928571428605,-6.190750000000428,-10.626107142857196,39.1098928571431,-25.53885714285719,7.847321428571757,-9.144249999999893,102.39810714285709,-78.36571428571442,128.96857142857147,1.6,1.58,0.05,1.58,0.28,1.5,1.46,0.09,1.46,0.36,1.3,1.12,0.26,1.12,0.49,1.3,1.25,0.05,1.25,0.13,1.0,0.87,0.05,0.87,0.53,1.2,0.98,0.02,0.98,0.66,1.1,0.69,0.11,0.69,0.87,0.4,0.18,0.05,0.18,0.0,0.3,0.21,0.05,0.21,0.23,0.6,0.41,0.19,0.41,0.36,0.8,0.79,0.07,0.79,0.01,0.1,0.07,0.05,0.07,0.05
9.52699999999998,167.60714285714212,4.011785714285736,146.75964285714227,-0.008214285714263895,-81.50428571428527,15.660714285714212,-5.0559642857147375,-10.484428571428628,38.80942857142847,-25.409678571428625,6.910107142857539,-9.433964285714167,102.55903571428564,-78.12367857142858,128.95303571428568,1.6,1.58,0.05,1.58,0.28,1.5,1.46,0.09,1.46,0.36,1.3,1.12,0.26,1.12,0.49,1.3,1.25,0.05,1.25,0.13,1.0,0.87,0.05,0.87,0.53,1.2,0.98,0.02,0.98,0.66,1.1,0.69,0.11,0.69,0.87,0.4,0.18,0.05,0.18,0.0,0.3,0.21,0.05,0.21,0.23,0.6,0.41,0.19,0.41,0.36,0.8,0.79,0.07,0.79,0.01,0.1,0.07,0.05,0.07,0.05
9.57699999999998,169.40740740740668,3.9577777777778,148.18185185185126,-0.058148148148133336,-82.594444444444,15.759259259259334,-4.0178148148151935,-9.900481481481993,39.202851851851605,-25.78162962962917,6.048592592592874,-9.563518518518567,102.75603703703693,-78.02840740740749,129.0529629629629,1.6,1.55,0.0,1.55,0.3,1.5,1.46,0.09,1.46,0.36,1.2,1.09,0.23,1.09,0.49,1.3,1.26,0.03,1.26,0.16,0.9,0.87,0.12,0.87,0.32,1.2,0.97,0.07,0.97,0.61,1.1,0.68,0.15,0.68,0.78,0.4,0.25,0.0,0.25,0.08,0.3,0.2,0.03,0.2,0.25,0.5,0.39,0.2,0.39,0.34,0.7,0.72,0.14,0.72,0.02,0.1,0.07,0.06,0.07,0.05
9.62699999999998,171.21428571428498,3.9157142857143006,149.61928571428513,-0.09428571428569942,-83.67857142857098,15.128571428572023,-3.09350000000038,-8.546071428572048,39.80114285714261,-26.733214285714006,5.363785714285996,-9.466071428571457,102.8500714285715,-77.83650000000007,129.01664285714295,1.6,1.55,0.0,1.55,0.3,1.5,1.46,0.09,1.46,0.36,1.2,1.09,0.23,1.09,0.49,1.3,1.26,0.03,1.26,0.16,0.9,0.87,0.12,0.87,0.32,1.2,0.97,0.07,0.97,0.61,1.1,0.68,0.15,0.68,0.78,0.4,0.25,0.0,0.25,0.08,0.3,0.2,0.03,0.2,0.25,0.5,0.39,0.2,0.39,0.34,0.7,0.72,0.14,0.72,0.02,0.1,0.07,0.06,0.07,0.05
9.67699999999998,172.9999999999993,3.870000000000021,151.03999999999942,-0.13999999999997909,-84.74999999999959,14.300000000000141,-2.311000000000266,-7.076000000000568,40.429999999999744,-27.596999999999607,4.896000000000119,-9.413000000000016,102.791,-77.68700000000004,128.88500000000002,1.6,1.55,0.0,1.55,0.3,1.5,1.46,0.09,1.46,0.36,1.2,1.09,0.23,1.09,0.49,1.3,1.26,0.03,1.26,0.16,0.9,0.87,0.12,0.87,0.32,1.2,0.97,0.07,0.97,0.61,1.1,0.68,0.15,0.68,0.78,0.4,0.25,0.0,0.25,0.08,0.3,0.2,0.03,0.2,0.25,0.5,0.39,0.2,0.39,0.34,0.7,0.72,0.14,0.72,0.02,0.1,0.07,0.06,0.07,0.05
9.726999999999979,174.7857142857135,3.8164285714285944,152.45071428571367,-0.1757142857142704,-85.82142857142811,14.2,-1.8107142857144527,-5.764000000000493,41.17421428571394,-28.174928571428634,4.870071428571368,-9.355714285714324,102.85528571428569,-77.67528571428568,128.9293571428571,1.6,1.55,0.0,1.55,0.3,1.5,1.46,0.09,1.46,0.36,1.2,1.09,0.23,1.09,0.49,1.3,1.26,0.03,1.26,0.16,0.9,0.87,0.12,0.87,0.32,1.2,0.97,0.07,0.97,0.61,1.1,0.68,0.15,0.68,0.78,0.4,0.25,0.0,0.25,0.08,0.3,0.2,0.03,0.2,0.25,0.5,0.39,0.2,0.39,0.34,0.7,0.72,0.14,0.72,0.02,0.1,0.07,0.06,0.07,0.05
9.77699999999998,176.60714285714212,3.7517857142857363,153.89964285714228,-0.2221428571428426,-86.91428571428528,14.3,-1.5248571428571982,-4.706214285714651,41.28910714285754,-27.952000000000083,5.172607142856939,-9.131750000000169,102.95621428571422,-77.7515357142857,129.0581785714285,1.6,1.55,0.0,1.55,0.3,1.5,1.46,0.09,1.46,0.36,1.2,1.09,0.23,1.09,0.49,1.3,1.26,0.03,1.26,0.16,0.9,0.87,0.12,0.87,0.32,1.2,0.97,0.07,0.97,0.61,1.1,0.68,0.15,0.68,0.78,0.4,0.25,0.0,0.25,0.08,0.3,0.2,0.03,0.2,0.25,0.5,0.39,0.2,0.39,0.34,0.7,0.72,0.14,0.72,0.02,0.1,0.07,0.06,0.07,0.05
9.826999999999979,178.39285714285637,3.6842857142857453,155.3142857142851,-0.27178571428569115,-87.98571428571383,14.260714285714363,-1.3390357142858258,-3.903250000000286,40.24717857142907,-28.196535714285318,5.736964285714001,-8.567964285714627,103.05235714285713,-77.71417857142863,129.1147142857143,1.6,1.5578571428571275,0.003928571428563725,1.5578571428571275,0.3117857142856912,1.5,1.46,0.09785714285712745,1.46,0.32464285714292646,1.2,1.0821428571428726,0.20642857142861767,1.0821428571428726,0.4703571428571814,1.3,1.2796428571428187,0.026071428571436274,1.2796428571428187,0.15214285714287257,0.9392857142856372,0.87,0.10035714285718138,0.87,0.3474999999999461,1.2,0.9778571428571274,0.07785714285712746,0.9778571428571274,0.5982142857143088,1.1,0.68,0.12250000000005393,0.68,0.7996428571428186,0.4,0.27357142857138234,0.003928571428563725,0.27357142857138234,0.08785714285712745,0.3,0.19607142857143628,0.03,0.19607142857143628,0.24607142857143627,0.5,0.39392857142856375,0.19607142857143628,0.39392857142856375,0.32821428571430883,0.7,0.7003571428571814,0.1557142857142549,0.7003571428571814,0.0357142857142549,0.1,0.07392857142856372,0.06,0.07392857142856372,0.05
9.87699999999998,180.21428571428498,3.6114285714286014,156.76142857142798,-0.32642857142854914,-89.07857142857098,14.057142857143006,-0.953142857143089,-3.2530000000002497,39.62571428571421,-29.09564285714251,6.375214285714046,-7.708857142857525,103.07657142857141,-77.63292857142856,129.08842857142855,1.6,1.57,0.01,1.57,0.33,1.5,1.46,0.11,1.46,0.27,1.2,1.07,0.17,1.07,0.44,1.3,1.31,0.02,1.31,0.14,1.0,0.87,0.07,0.87,0.39,1.2,0.99,0.09,0.99,0.58,1.1,0.68,0.08,0.68,0.83,0.4,0.31,0.01,0.31,0.1,0.3,0.19,0.03,0.19,0.24,0.5,0.4,0.19,0.4,0.31,0.7,0.67,0.18,0.67,0.06,0.1,0.08,0.06,0.08,0.05
9.926999999999978,181.99999999999923,3.530000000000038,158.1799999999994,-0.3699999999999848,-90.14999999999955,13.600000000000229,-0.33900000000028097,-2.5300000000003493,38.984000000000556,-30.061999999999543,6.807999999999864,-6.803000000000382,103.11599999999999,-77.52000000000008,129.05800000000002,1.6,1.57,0.01,1.57,0.33,1.5,1.46,0.11,1.46,0.27,1.2,1.07,0.17,1.07,0.44,1.3,1.31,0.02,1.31,0.14,1.0,0.87,0.07,0.87,0.39,1.2,0.99,0.09,0.99,0.58,1.1,0.68,0.08,0.68,0.83,0.4,0.31,0.01,0.31,0.1,0.3,0.19,0.03,0.19,0.24,0.5,0.4,0.19,0.4,0.31,0.7,0.67,0.18,0.67,0.06,0.1,0.08,0.06,0.08,0.05
9.976999999999979,183.81481481481407,3.449259259259297,159.63185185185125,-0.4244444444444217,-91.2307407407403,12.874074074074377,0.4972592592588469,-1.3080370370377001,37.720407407407606,-31.504925925925193,6.999703703703637,-5.894703703704088,103.11388888888891,-77.2618148148149,128.90581481481487,1.6,1.57,0.01,1.57,0.33,1.5,1.46,0.11,1.46,0.27,1.2,1.07,0.17,1.07,0.44,1.3,1.31,0.02,1.31,0.14,1.0,0.87,0.07,0.87,0.39,1.2,0.99,0.09,0.99,0.58,1.1,0.68,0.08,0.68,0.83,0.4,0.31,0.01,0.31,0.1,0.3,0.19,0.03,0.19,0.24,0.5,0.4,0.19,0.4,0.31,0.7,0.67,0.18,0.67,0.06,0.1,0.08,0.06,0.08,0.05
10.026999999999978,185.60714285714207,3.369642857142897,161.05571428571366,-0.478214285714262,-92.29821428571383,12.339285714285793,1.4406428571424759,0.3371071428564003,36.78039285714365,-33.27824999999922,7.237642857142697,-5.102928571428845,103.04921428571433,-77.10089285714291,128.75596428571436,1.6,1.57,0.01,1.57,0.33,1.5,1.46,0.11,1.46,0.27,1.2,1.07,0.17,1.07,0.44,1.3,1.31,0.02,1.31,0.14,1.0,0.87,0.07,0.87,0.39,1.2,0.99,0.09,0.99,0.58,1.1,0.68,0.08,0.68,0.83,0.4,0.31,0.01,0.31,0.1,0.3,0.19,0.03,0.19,0.24,0.5,0.4,0.19,0.4,0.31,0.7,0.67,0.18,0.67,0.06,0.1,0.08,0.06,0.08,0.05
10.076999999999979,187.39285714285637,3.2764285714286174,162.48035714285652,-0.5317857142856912,-93.36571428571382,12.417857142856912,2.243142857142549,1.8550714285708754,35.57642857142871,-34.181750000000164,7.8044999999996225,-4.6232857142858315,102.95932142857147,-76.99489285714289,128.6166428571429,1.5607142857143628,1.5385714285714902,0.03357142857138235,1.5385714285714902,0.33,1.5,1.4482142857143088,0.12178571428569118,1.4482142857143088,0.2346428571429265,1.1607142857143629,1.0503571428571814,0.14250000000005394,1.0503571428571814,0.4203571428571814,1.3392857142856371,1.3453571428570734,0.04749999999994607,1.3453571428570734,0.12821428571430882,1.0392857142856373,0.9289285714284559,0.07785714285712746,0.9289285714284559,0.4057142857142549,1.2,0.9860714285714363,0.09,0.9860714285714363,0.5917857142856912,1.1,0.6603571428571814,0.06035714285718137,0.6603571428571814,0.8574999999999461,0.4392857142856373,0.34535714285707353,0.037499999999946076,0.34535714285707353,0.11964285714281862,0.3,0.18607142857143627,0.03,0.18607142857143627,0.2360714285714363,0.5,0.4,0.18607142857143627,0.4,0.30607142857143627,0.6607142857143627,0.6464285714286176,0.1957142857142549,0.6464285714286176,0.06785714285712745,0.1,0.07607142857143628,0.05607142857143627,0.07607142857143628,0.05392857142856373
10.126999999999978,189.17857142857062,3.1692857142857624,163.9028571428565,-0.5853571428571188,-94.42714285714237,13.22499999999944,2.6678571428571525,2.961749999999625,34.201035714287066,-34.03467857142847,8.809357142856603,-4.474928571428554,102.87996428571432,-76.94982142857143,128.52510714285717,1.5,1.49,0.07,1.49,0.33,1.5,1.43,0.14,1.43,0.18,1.1,1.02,0.1,1.02,0.39,1.4,1.4,0.09,1.4,0.11,1.1,1.02,0.09,1.02,0.43,1.2,0.98,0.09,0.98,0.61,1.1,0.63,0.03,0.63,0.9,0.5,0.4,0.08,0.4,0.15,0.3,0.18,0.03,0.18,0.23,0.5,0.4,0.18,0.4,0.3,0.6,0.61,0.22,0.61,0.08,0.1,0.07,0.05,0.07,0.06
10.176999999999978,190.9999999999992,3.0600000000000476,165.34999999999937,-0.6399999999999764,-95.50999999999954,14.699999999999289,2.5360000000000964,3.4629999999999086,31.564000000000984,-33.676000000000364,9.92199999999956,-4.814999999999746,102.76200000000006,-76.80000000000011,128.3430000000001,1.5,1.49,0.07,1.49,0.33,1.5,1.43,0.14,1.43,0.18,1.1,1.02,0.1,1.02,0.39,1.4,1.4,0.09,1.4,0.11,1.1,1.02,0.09,1.02,0.43,1.2,0.98,0.09,0.98,0.61,1.1,0.63,0.03,0.63,0.9,0.5,0.4,0.08,0.4,0.15,0.3,0.18,0.03,0.18,0.23,0.5,0.4,0.18,0.4,0.3,0.6,0.61,0.22,0.61,0.08,0.1,0.07,0.05,0.07,0.06
10.226999999999977,192.78571428571345,2.9528571428571926,166.77857142857076,-0.6835714285714036,-96.57357142857094,15.85714285714269,2.28992857142866,3.531928571428486,30.089642857143268,-32.39714285714349,10.63364285714265,-5.50528571428544,102.68585714285713,-76.42750000000018,128.05757142857152,1.5,1.49,0.07,1.49,0.33,1.5,1.43,0.14,1.43,0.18,1.1,1.02,0.1,1.02,0.39,1.4,1.4,0.09,1.4,0.11,1.1,1.02,0.09,1.02,0.43,1.2,0.98,0.09,0.98,0.61,1.1,0.63,0.03,0.63,0.9,0.5,0.4,0.08,0.4,0.15,0.3,0.18,0.03,0.18,0.23,0.5,0.4,0.18,0.4,0.3,0.6,0.61,0.22,0.61,0.08,0.1,0.07,0.05,0.07,0.06
10.276999999999978,194.5357142857135,2.8325000000000546,168.17857142857082,-0.7367857142856753,-97.61607142857096,16.574999999999452,2.681107142856584,3.7219285714284855,29.238500000000403,-31.04942857142917,10.671214285714521,-6.07410714285689,102.55464285714304,-75.97503571428597,127.6787500000003,1.5,1.49,0.07,1.49,0.33,1.5,1.43,0.14,1.43,0.18,1.1,1.02,0.1,1.02,0.39,1.4,1.4,0.09,1.4,0.11,1.1,1.02,0.09,1.02,0.43,1.2,0.98,0.09,0.98,0.61,1.1,0.63,0.03,0.63,0.9,0.5,0.4,0.08,0.4,0.15,0.3,0.18,0.03,0.18,0.23,0.5,0.4,0.18,0.4,0.3,0.6,0.61,0.22,0.61,0.08,0.1,0.07,0.05,0.07,0.06
10.326999999999977,196.32142857142776,2.7075000000000573,169.6071428571422,-0.8128571428571102,-98.67964285714237,17.3,3.9621071428565546,4.2802142857137735,28.31285714285757,-30.03307142857164,10.130285714285963,-6.4446785714285495,102.28657142857145,-75.56603571428579,127.21117857142862,1.4,1.39,0.17,1.39,0.29,1.4,1.4,0.16,1.4,0.12,1.1,0.97,0.02,0.97,0.33,1.4,1.41,0.1,1.41,0.06,1.3,1.14,0.22,1.14,0.55,1.2,0.94,0.09,0.94,0.66,1.2,0.66,0.06,0.66,0.98,0.6,0.5,0.15,0.5,0.16,0.3,0.16,0.06,0.16,0.2,0.5,0.42,0.15,0.42,0.31,0.6,0.57,0.24,0.57,0.09,0.1,0.05,0.05,0.05,0.07
10.376999999999978,198.10714285714204,2.5835714285714775,171.03678571428503,-0.86,-99.73214285714239,16.814285714286367,5.2484642857136965,5.486249999999389,27.383071428571853,-28.706178571429774,9.587321428571677,-6.624714285714113,102.25217857142859,-75.09775000000043,126.90439285714311,1.4,1.39,0.17,1.39,0.29,1.4,1.4,0.16,1.4,0.12,1.1,0.97,0.02,0.97,0.33,1.4,1.41,0.1,1.41,0.06,1.3,1.14,0.22,1.14,0.55,1.2,0.94,0.09,0.94,0.66,1.2,0.66,0.06,0.66,0.98,0.6,0.5,0.15,0.5,0.16,0.3,0.16,0.06,0.16,0.2,0.5,0.42,0.15,0.42,0.31,0.6,0.57,0.24,0.57,0.09,0.1,0.05,0.05,0.05,0.07
10.426999999999977,199.86206896551647,2.4610344827586834,172.44965517241317,-0.8858620689654938,-100.75862068965472,16.358620689654938,6.162965517241136,6.812758620689059,26.269586206897138,-26.519448275862857,9.493448275861907,-7.201068965516891,102.16027586206903,-74.43417241379329,126.44531034482775,1.4,1.39,0.17,1.39,0.29,1.4,1.4,0.16,1.4,0.12,1.1,0.97,0.02,0.97,0.33,1.4,1.41,0.1,1.41,0.06,1.3,1.14,0.22,1.14,0.55,1.2,0.94,0.09,0.94,0.66,1.2,0.66,0.06,0.66,0.98,0.6,0.5,0.15,0.5,0.16,0.3,0.16,0.06,0.16,0.2,0.5,0.42,0.15,0.42,0.31,0.6,0.57,0.24,0.57,0.09,0.1,0.05,0.05,0.05,0.07
10.476999999999977,201.62068965517165,2.320344827586269,173.8665517241373,-0.9386206896551492,-101.79620689655127,17.396551724137314,6.587482758620507,7.941931034482411,24.873827586207515,-24.0901724137947,10.014931034482522,-8.275551724137314,101.89734482758638,-74.0140689655175,125.99562068965545,1.4,1.39,0.17,1.39,0.29,1.4,1.4,0.16,1.4,0.12,1.1,0.97,0.02,0.97,0.33,1.4,1.41,0.1,1.41,0.06,1.3,1.14,0.22,1.14,0.55,1.2,0.94,0.09,0.94,0.66,1.2,0.66,0.06,0.66,0.98,0.6,0.5,0.15,0.5,0.16,0.3,0.16,0.06,0.16,0.2,0.5,0.42,0.15,0.42,0.31,0.6,0.57,0.24,0.57,0.09,0.1,0.05,0.05,0.05,0.07
10.526999999999976,203.37931034482676,2.1934482758621265,175.28724137930968,-0.9662068965517323,-102.81999999999952,18.841379310344088,7.005034482758424,7.905172413793713,23.45700000000067,-20.778241379311655,10.555586206896297,-9.190275862068889,101.40744827586236,-73.73472413793094,125.42644827586227,1.4,1.39,0.17,1.39,0.29,1.4,1.4,0.16,1.4,0.12,1.1,0.97,0.02,0.97,0.33,1.4,1.41,0.1,1.41,0.06,1.3,1.14,0.22,1.14,0.55,1.2,0.94,0.09,0.94,0.66,1.2,0.66,0.06,0.66,0.98,0.6,0.5,0.15,0.5,0.16,0.3,0.16,0.06,0.16,0.2,0.5,0.42,0.15,0.42,0.31,0.6,0.57,0.24,0.57,0.09,0.1,0.05,0.05,0.05,0.07
10.576999999999977,205.10344827586127,2.070689655172485,176.68379310344764,-0.9620689655172255,-103.82103448275815,20.162068965516767,6.498620689656041,6.6241379310350705,21.912172413793915,-18.02368965517368,11.230068965516836,-9.349517241379237,100.8431379310347,-73.50779310344866,124.81831034482799,1.3,1.28,0.24,1.28,0.36,1.4,1.38,0.17,1.38,0.08,1.0,0.91,0.04,0.91,0.34,1.4,1.43,0.09,1.43,0.08,1.2,1.05,0.14,1.05,0.54,1.2,0.89,0.08,0.89,0.73,1.2,0.68,0.06,0.68,0.96,0.6,0.58,0.21,0.58,0.16,0.3,0.14,0.07,0.14,0.18,0.6,0.46,0.05,0.46,0.37,0.6,0.58,0.2,0.58,0.04,0.1,0.05,0.04,0.05,0.08
10.626999999999976,206.82758620689572,1.9237931034483418,178.08034482758555,-0.9965517241379146,-104.82999999999953,20.36896551724171,5.115448275862468,5.338137931035099,20.442172413793656,-15.256931034484086,11.378000000000311,-9.509793103448198,100.5524482758621,-72.85462068965539,124.1990689655174,1.3,1.28,0.24,1.28,0.36,1.4,1.38,0.17,1.38,0.08,1.0,0.91,0.04,0.91,0.34,1.4,1.43,0.09,1.43,0.08,1.2,1.05,0.14,1.05,0.54,1.2,0.89,0.08,0.89,0.73,1.2,0.68,0.06,0.68,0.96,0.6,0.58,0.21,0.58,0.16,0.3,0.14,0.07,0.14,0.18,0.6,0.46,0.05,0.46,0.37,0.6,0.58,0.2,0.58,0.04,0.1,0.05,0.04,0.05,0.08
10.676999999999977,208.55172413793025,1.7958620689655809,179.48689655172348,-1.0210344827586049,-105.82999999999954,19.52413793103488,4.442344827586509,4.04520689655232,19.383000000000482,-12.474517241380592,10.493689655172833,-9.670310344827513,100.53003448275862,-72.48048275862087,123.965827586207,1.3,1.28,0.24,1.28,0.36,1.4,1.38,0.17,1.38,0.08,1.0,0.91,0.04,0.91,0.34,1.4,1.43,0.09,1.43,0.08,1.2,1.05,0.14,1.05,0.54,1.2,0.89,0.08,0.89,0.73,1.2,0.68,0.06,0.68,0.96,0.6,0.58,0.21,0.58,0.16,0.3,0.14,0.07,0.14,0.18,0.6,0.46,0.05,0.46,0.37,0.6,0.58,0.2,0.58,0.04,0.1,0.05,0.04,0.05,0.08
10.726999999999975,210.24137931034397,1.6606896551724832,180.8655172413786,-1.0548275862068792,-106.81999999999951,18.57931034482802,3.800275862069295,2.7769655172420307,18.35500000000053,-9.74741379310485,9.60255172413839,-9.827689655172332,100.5148275862069,-72.12158620689674,123.74810344827597,1.3,1.28,0.24,1.28,0.36,1.4,1.38,0.17,1.38,0.08,1.0,0.91,0.04,0.91,0.34,1.4,1.43,0.09,1.43,0.08,1.2,1.05,0.14,1.05,0.54,1.2,0.89,0.08,0.89,0.73,1.2,0.68,0.06,0.68,0.96,0.6,0.58,0.21,0.58,0.16,0.3,0.14,0.07,0.14,0.18,0.6,0.46,0.05,0.46,0.37,0.6,0.58,0.2,0.58,0.04,0.1,0.05,0.04,0.05,0.08
10.776999999999976,211.96551724137848,1.5131034482759376,182.26206896551656,-1.1182758620689237,-107.8296551724133,18.29655172413785,2.6478620689662677,1.4886896551730386,16.8705172413802,-6.97527586207031,8.675793103448733,-9.98782758620682,100.51475862068965,-71.79779310344841,123.56410344827594,1.3,1.28,0.24,1.28,0.36,1.4,1.38,0.17,1.38,0.08,1.0,0.91,0.04,0.91,0.34,1.4,1.43,0.09,1.43,0.08,1.2,1.05,0.14,1.05,0.54,1.2,0.89,0.08,0.89,0.73,1.2,0.68,0.06,0.68,0.96,0.6,0.58,0.21,0.58,0.16,0.3,0.14,0.07,0.14,0.18,0.6,0.46,0.05,0.46,0.37,0.6,0.58,0.2,0.58,0.04,0.1,0.05,0.04,0.05,0.08
10.826999999999975,213.68965517241293,1.3510344827587077,183.65862068965447,-1.2482758620689045,-108.84689655172363,18.706896551723876,0.7583793103457849,0.2065862068971983,14.740517241380388,-4.217241379311736,7.72600000000048,-10.147448275861988,100.53796551724137,-71.53755172413807,123.43596551724144,1.3,1.28,0.24,1.28,0.36,1.4,1.38,0.17,1.38,0.08,1.0,0.91,0.04,0.91,0.34,1.4,1.43,0.09,1.43,0.08,1.2,1.05,0.14,1.05,0.54,1.2,0.8693103448276123,0.06620689655174154,0.8693103448276123,0.7713793103447754,1.2,0.68,0.06,0.68,0.96,0.6,0.58,0.21,0.58,0.16,0.3,0.14,0.07,0.14,0.18,0.6,0.46,0.05,0.46,0.37,0.6,0.58,0.2,0.58,0.04,0.1,0.05,0.04,0.05,0.08
10.876999999999976,215.4482758620681,1.1851724137931894,185.08310344827515,-1.3813793103447674,-109.88896551724086,19.189655172413623,-1.1751034482749165,-1.1005172413786708,12.561586206897617,-1.4052068965530986,6.756000000000474,-10.310241379310266,100.56182758620689,-71.27231034482772,123.30682758620696,1.3,1.28,0.24,1.28,0.36,1.4,1.38,0.17,1.38,0.08,1.0,0.91,0.04,0.91,0.34,1.4,1.43,0.09,1.43,0.08,1.2,1.05,0.14,1.05,0.54,1.2,0.86,0.06,0.86,0.79,1.2,0.68,0.06,0.68,0.96,0.6,0.58,0.21,0.58,0.16,0.3,0.14,0.07,0.14,0.18,0.6,0.46,0.05,0.46,0.37,0.6,0.58,0.2,0.58,0.04,0.1,0.05,0.04,0.05,0.08
10.926999999999975,217.1333333333325,1.0520000000000505,186.46066666666596,-1.4233333333333753,-110.8646666666662,18.51333333333451,-3.051333333332379,-3.2385999999982493,10.447600000001074,1.1751333333321343,5.8151333333338115,-10.145866666666995,100.66006666666657,-71.19446666666657,123.34999999999984,1.3,1.28,0.24,1.28,0.36,1.4,1.38,0.17,1.38,0.08,1.0,0.91,0.04,0.91,0.34,1.4,1.43,0.09,1.43,0.08,1.2,1.05,0.14,1.05,0.54,1.2,0.86,0.06,0.86,0.79,1.2,0.68,0.06,0.68,0.96,0.6,0.58,0.21,0.58,0.16,0.3,0.14,0.07,0.14,0.18,0.6,0.46,0.05,0.46,0.37,0.6,0.58,0.2,0.58,0.04,0.1,0.05,0.04,0.05,0.08
10.976999999999975,218.82758620689572,0.9503448275862563,187.8586206896545,-1.3303448275862564,-111.8134482758616,16.058620689656408,-4.974310344826652,-6.7668620689638015,8.28234482758726,3.591137931033308,4.851103448276331,-9.483413793103772,100.87693103448265,-71.3909999999999,123.65579310344812,1.3,1.28,0.24,1.28,0.36,1.4,1.38,0.17,1.38,0.08,1.0,0.91,0.04,0.91,0.34,1.4,1.43,0.09,1.43,0.08,1.2,1.05,0.14,1.05,0.54,1.2,0.86,0.06,0.86,0.79,1.2,0.68,0.06,0.68,0.96,0.6,0.58,0.21,0.58,0.16,0.3,0.14,0.07,0.14,0.18,0.6,0.46,0.05,0.46,0.37,0.6,0.58,0.2,0.58,0.04,0.1,0.05,0.04,0.05,0.08
11.026999999999974,220.53571428571337,0.8110714285715283,189.25857142857072,-1.3589285714284718,-112.7960714285709,13.175000000001903,-8.078607142854628,-10.242749999998217,5.8703928571443065,5.970607142855922,3.670214285715067,-8.82978571428605,101.62199999999922,-71.58914285714275,124.38664285714215,1.3,1.28,0.24,1.28,0.36,1.4,1.38,0.17,1.38,0.08,1.0,0.91,0.04,0.91,0.34,1.4,1.43,0.09,1.43,0.08,1.2,1.05,0.14,1.05,0.54,1.2,0.86,0.06,0.86,0.79,1.2,0.68,0.06,0.68,0.96,0.6,0.58,0.21,0.58,0.16,0.3,0.14,0.07,0.14,0.18,0.6,0.46,0.05,0.46,0.37,0.6,0.58,0.2,0.58,0.04,0.1,0.05,0.04,0.05,0.08
11.076999999999975,222.3214285714277,0.6342857142857848,190.7135714285707,-1.4996428571428306,-113.84321428571378,10.639285714286157,-12.05642857142732,-13.295821428570255,3.4905357142865436,7.469892857142775,1.9243214285724395,-8.127107142857522,103.07264285714221,-72.27932142857074,125.96621428571336,1.6,1.49,0.01,1.49,0.51,1.4,1.35,0.2,1.35,0.05,1.0,0.9,0.05,0.9,0.36,1.4,1.44,0.09,1.44,0.1,1.2,1.05,0.14,1.05,0.55,1.1,0.83,0.08,0.83,0.78,1.2,0.69,0.07,0.69,0.96,0.6,0.62,0.22,0.62,0.07,0.3,0.13,0.07,0.13,0.16,0.6,0.47,0.02,0.47,0.38,0.6,0.59,0.19,0.59,0.02,0.1,0.04,0.04,0.04,0.09
11.126999999999974,224.07142857142765,0.4942857142857886,192.15857142857067,-1.5521428571428293,-114.83999999999948,9.86428571428618,-14.542571428570108,-15.625142857141618,1.8437857142865886,7.632642857142771,-0.08299999999893357,-7.377357142857542,104.35114285714218,-73.6530714285707,127.79678571428474,1.6,1.49,0.01,1.49,0.51,1.4,1.35,0.2,1.35,0.05,1.0,0.9,0.05,0.9,0.36,1.4,1.44,0.09,1.44,0.1,1.2,1.05,0.14,1.05,0.55,1.1,0.83,0.08,0.83,0.78,1.2,0.69,0.07,0.69,0.96,0.6,0.62,0.22,0.62,0.07,0.3,0.13,0.07,0.13,0.16,0.6,0.47,0.02,0.47,0.38,0.6,0.59,0.19,0.59,0.02,0.1,0.04,0.04,0.04,0.09
11.176999999999975,225.79999999999916,0.26000000000016815,193.54399999999933,-1.6279999999999495,-115.87999999999946,6.920000000002606,-17.075799999998726,-18.983599999997768,0.16600000000084503,7.301400000000439,-2.128199999998971,-5.911800000001121,103.09780000000202,-77.37239999999686,128.97379999999978,1.6,1.49,0.01,1.49,0.51,1.4,1.35,0.2,1.35,0.05,1.0,0.9,0.05,0.9,0.36,1.4,1.44,0.09,1.44,0.1,1.2,1.05,0.14,1.05,0.55,1.1,0.83,0.08,0.83,0.78,1.2,0.69,0.07,0.69,0.96,0.6,0.62,0.22,0.62,0.07,0.3,0.13,0.07,0.13,0.16,0.6,0.47,0.02,0.47,0.38,0.6,0.59,0.19,0.59,0.02,0.1,0.04,0.04,0.04,0.09
11.226999999999974,227.59999999999894,0.032000000000031545,194.89799999999923,-1.7179999999999684,-116.93999999999947,2.2000000000015776,-22.763199999994566,-23.70119999999752,-1.4461999999992092,6.283000000000541,-2.993200000000471,-3.479600000001282,99.94840000000042,-75.97760000000719,125.67940000000463,1.6,1.49,0.01,1.49,0.51,1.4,1.35,0.2,1.35,0.05,1.0,0.9,0.05,0.9,0.36,1.4,1.44,0.09,1.44,0.1,1.2,1.05,0.14,1.05,0.55,1.1,0.83,0.08,0.83,0.78,1.2,0.69,0.07,0.69,0.96,0.6,0.62,0.22,0.62,0.07,0.3,0.13,0.07,0.13,0.16,0.6,0.47,0.02,0.47,0.38,0.6,0.59,0.19,0.59,0.02,0.1,0.04,0.04,0.04,0.09
